rank	word	count	ipa
1	the	23135851162	
3	and	12997637966	
7	for	5933321709	
10	that	3400031103	
12	this	3228469771	ðɪs
13	with	3183110675	
15	you	2996181025	ju
17	not	2633487141	nɑt
20	are	2393614870	
21	from	2275595356	frəm
24	your	2062066547	
25	all	2022459848	ɔl
26	have	1564202750	hæv
27	new	1551258643	
28	more	1544771673	mɔr
30	was	1483428678	wɑz
32	will	1356293641	
33	home	1276852170	hoʊm
34	can	1242323499	
36	about	1226734006	əˈbaʊt
38	page	1082121730	peɪʤ
40	has	1046319984	
41	search	1024093118	sərʧ
42	free	1014107316	fri
43	but	999899654	bət
44	our	998757982	
45	one	993536631	
46	other	978481319	ˈəðər
49	information	932594387	ˌɪnˌfɔrˈmeɪʃən
50	time	908705570	taɪm
51	they	883223816	ðeɪ
52	site	844310242	saɪt
55	may	827822032	meɪ
56	what	812395582	
57	which	810514085	
58	their	782849411	ðɛr
59	news	755424983	
60	out	741601852	aʊt
61	use	719980257	
62	any	710741293	ˈɛni
63	there	701170205	ðɛr
64	see	681410380	si
65	only	661844114	ˈoʊnli
67	his	660177731	hɪz
68	when	650621178	
69	contact	645824184	ˈkɑnˌtækt
70	here	639711198	hir
71	business	637134177	
72	who	630927278	hu
73	web	619571575	wɛb
74	also	616829742	ˈɔlsoʊ
75	now	611387736	naʊ
76	help	611054034	hɛlp
77	get	605984508	
79	view	602279334	vju
80	online	601317059	ˈɔnˌlaɪn
83	first	578161543	fərst
85	been	575019382	
86	would	572644147	wʊd
87	how	571848080	haʊ
88	were	570699558	wər
91	services	562206804	
92	some	548829454	səm
93	these	541003982	ðiz
94	click	536746424	klɪk
95	its	525627757	ɪts
96	like	520585287	laɪk
97	service	519537222	
99	than	502609275	
100	find	502043038	faɪnd
101	price	501651226	praɪs
102	date	488967374	deɪt
103	back	488024109	bæk
104	top	484213771	
105	people	480303376	ˈpipəl
106	had	480232730	hæd
107	list	472590641	lɪst
108	name	464532702	neɪm
109	just	462836169	
110	over	459222855	ˈoʊvər
111	state	453104133	steɪt
112	year	451092583	jɪr
113	day	446236148	deɪ
114	into	445315294	
115	email	443949646	iˈmeɪl
116	two	441398439	tu
117	health	440416431	hɛlθ
119	world	431934249	wərld
121	next	425903347	
122	used	421438139	juzd
125	work	419483948	wərk
126	last	417601616	læst
127	most	416210411	
128	products	414377632	
129	music	414028837	mˈjuzɪk
130	buy	410780176	baɪ
131	data	406908328	
132	make	405084642	meɪk
133	them	403000411	
134	should	402028056	ʃʊd
135	product	399116355	ˈprɑdəkt
136	system	396975018	ˈsɪstəm
137	post	392956436	poʊst
138	her	391961061	hər
139	city	390564835	ˈsɪti
141	add	387231739	æd
142	policy	384401868	ˈpɑləsi
143	number	383787805	ˈnəmbər
144	such	380725892	səʧ
145	please	380046348	pliz
146	available	379644437	əˈveɪləbəl
147	copyright	373906735	ˈkɑpiˌraɪt
148	support	373512569	səˈpɔrt
149	message	373081242	
150	after	372948094	ˈæftər
151	best	371852748	bɛst
152	software	370517038	
153	then	369928941	ðɛn
154	jan	366436194	ʤæn
155	good	365796396	
156	video	365410017	ˈvɪdioʊ
157	well	362082755	wɛl
159	where	360468339	
160	info	352363058	ˈɪnfoʊ
161	rights	352051342	raɪts
162	public	349286123	ˈpəblɪk
163	books	347710184	bʊks
164	high	345413157	haɪ
165	school	343057316	skul
166	through	342373303	θru
168	each	340892856	iʧ
169	links	339926541	lɪŋks
170	she	339171382	ʃi
171	review	339067778	ˌrivˈju
172	years	337841309	jɪrz
173	order	336631187	ˈɔrdər
174	very	334923368	ˈvɛri
175	privacy	333272427	ˈpraɪvəsi
176	book	330959949	bʊk
177	items	330505325	ˈaɪtəmz
178	company	324272258	ˈkəmpəˌni
180	read	322331766	
181	group	321842984	grup
182	sex	320105999	sɛks
183	need	319376932	nid
184	many	318966441	ˈmɛni
185	user	316446229	ˈjuzər
186	said	315595259	sɛd
188	does	314018806	
189	set	313469591	sɛt
190	under	313296421	ˈəndər
191	general	311757793	
192	research	311538382	
193	university	311373936	ˌjunəˈvərsəti
194	january	310345867	ˈʤænjuˌɛri
195	mail	310337185	meɪl
196	full	309929179	fʊl
197	map	309676581	mæp
198	reviews	307684103	
199	program	306686983	ˈproʊˌgræm
200	life	306559205	laɪf
201	know	306100813	noʊ
202	games	305930896	geɪmz
203	way	305515604	weɪ
204	days	305147791	deɪz
205	management	304201237	
207	part	302729303	pɑrt
208	could	302311431	kʊd
209	great	301487430	greɪt
210	united	299280163	
211	hotel	297974790	hoʊˈtɛl
212	real	297674493	ril
214	item	296534935	ˈaɪtəm
215	international	295639201	
216	center	294319118	
217	ebay	293178760	ˈiˌbeɪ
218	must	292774716	məst
219	store	291308910	stɔr
220	travel	287719294	ˈtrævəl
221	comments	287558448	ˈkɑmɛnts
222	made	287353021	meɪd
223	development	286291411	dɪˈvɛləpmənt
224	report	286237372	
225	off	284035693	ɔf
226	member	283858893	ˈmɛmbər
227	details	280827841	
228	line	280009597	laɪn
229	terms	277705910	tərmz
230	before	277546019	
231	hotels	275510917	hoʊˈtɛlz
232	did	275369513	dɪd
233	send	274103587	sɛnd
234	right	273620358	raɪt
235	type	272336859	taɪp
236	because	271323986	
237	local	270742935	ˈloʊkəl
238	those	270014141	ðoʊz
239	using	269448880	ˈjuzɪŋ
240	results	268180843	
241	office	266789622	ˈɔfəs
242	education	266738068	
243	national	266376620	
244	car	264720374	kɑr
245	design	264448339	dɪˈzaɪn
246	take	264349801	teɪk
247	posted	263851272	ˈpoʊstɪd
248	internet	263777245	ˈɪntərˌnɛt
249	address	261872866	
250	community	261839117	
251	within	261390908	
252	states	260937015	steɪts
253	area	259871557	ˈɛriə
254	want	258690345	
255	phone	256643812	foʊn
256	dvd	256530337	ˌdiˌviˈdi
257	shipping	256521328	ˈʃɪpɪŋ
258	reserved	256443074	
259	subject	256217838	
260	between	255436698	
261	forum	254478181	ˈfɔrəm
262	family	254164055	
264	long	252519588	lɔŋ
265	based	252405204	beɪst
267	code	250245121	koʊd
268	show	247541986	ʃoʊ
270	even	245697701	ˈivɪn
271	black	244690155	blæk
272	check	244491090	ʧɛk
273	special	244311841	ˈspɛʃəl
274	prices	243435728	
275	website	242876222	ˈwɛbˌsaɪt
276	index	242826246	ˈɪndɛks
277	being	242783091	biɪŋ
278	women	242520455	ˈwɪmən
279	much	242326300	məʧ
280	sign	242290578	saɪn
281	file	241864251	faɪl
282	link	240402653	lɪŋk
283	open	239670331	ˈoʊpən
284	today	239271204	
285	technology	238674296	tɛkˈnɑləʤi
286	south	238581133	saʊθ
287	case	235563000	keɪs
288	project	235262594	
289	same	234822585	seɪm
290	pages	234001114	
292	version	232445953	ˈvərʒən
293	section	232251956	ˈsɛkʃən
294	own	232011723	oʊn
295	found	232005894	faʊnd
296	sports	231864260	spɔrts
297	house	231310420	haʊs
298	related	231127472	
299	security	230014019	sɪˈkjʊrəti
300	both	228648541	boʊθ
302	county	227567373	
303	american	227534978	əˈmɛrɪkən
304	photo	227125249	ˈfoʊˌtoʊ
305	game	227111505	geɪm
306	members	226656153	ˈmɛmbərz
307	power	226596368	paʊər
308	while	226194991	
309	care	225326739	kɛr
310	network	225218991	ˈnɛtˌwərk
311	down	224915894	daʊn
312	computer	224177047	kəmˈpjutər
313	systems	223555915	ˈsɪstəmz
314	three	223417394	θri
315	total	222649459	ˈtoʊtəl
316	place	220970235	pleɪs
317	end	220812328	ɛnd
318	following	220709925	ˈfɑloʊɪŋ
319	download	220626128	ˈdaʊnˌloʊd
321	him	219516023	
322	without	219190105	
323	per	218945655	pər
324	access	217986984	ˈækˌsɛs
325	think	217856550	θɪŋk
326	north	217809513	nɔrθ
327	resources	217268632	ˈrisɔrsɪz
328	current	216987137	
329	posts	216822128	poʊsts
330	big	216690546	bɪg
331	media	216432510	ˈmidiə
332	law	216122487	
333	control	215560453	kənˈtroʊl
334	water	215178488	ˈwɔtər
335	history	215000515	
336	pictures	214997918	ˈpɪkʧərz
337	size	214844153	saɪz
338	art	214702696	ɑrt
339	personal	214671907	ˈpərsɪnəl
340	since	214302926	sɪns
341	including	214195457	ˌɪnˈkludɪŋ
342	guide	213378807	gaɪd
343	shop	212793848	ʃɑp
344	directory	212478717	
345	board	212361059	bɔrd
346	location	211243333	loʊˈkeɪʃən
347	change	210601244	ʧeɪnʤ
348	white	209863729	
349	text	208780080	tɛkst
350	small	208371878	smɔl
351	rating	207858692	ˈreɪtɪŋ
352	rate	207634179	reɪt
353	government	206582673	ˈgəvərnmənt
354	children	206538107	ˈʧɪldrən
355	during	206364495	
356	usa	206211773	ˈjuˈɛˈseɪ
357	return	205629763	
358	students	204801202	ˈstudənts
360	shopping	204104275	ˈʃɑpɪŋ
361	account	203611349	əˈkaʊnt
362	times	202950880	taɪmz
363	sites	202755734	saɪts
364	level	202563642	ˈlɛvəl
365	digital	202346767	
366	profile	201854745	ˈproʊˌfaɪl
367	previous	201692678	ˈpriviəs
368	form	201395192	fɔrm
369	events	201235454	
370	love	201063526	ləv
371	old	199694226	oʊld
372	john	199642644	ʤɑn
373	main	199616754	meɪn
374	call	199608869	kɔl
375	hours	198242904	
376	image	197874283	
377	department	197293325	dɪˈpɑrtmənt
378	title	196676017	ˈtaɪtəl
379	description	196301245	dɪˈskrɪpʃən
380	non	196109547	nɑn
383	insurance	193271293	ˌɪnˈʃʊrəns
384	another	192535750	əˈnəðər
385	why	192000672	
386	shall	191963867	ʃæl
387	property	191783393	ˈprɑpərti
388	class	191087771	klæs
390	still	190433487	stɪl
391	money	190205072	ˈməni
392	quality	189509533	kˈwɑləti
393	every	189325890	
394	listing	188985252	ˈlɪstɪŋ
395	content	188880495	
396	country	188691168	ˈkəntri
397	private	187885878	ˈpraɪvət
398	little	187142519	ˈlɪtəl
399	visit	187062316	ˈvɪzɪt
400	save	186091095	seɪv
401	tools	185555874	tulz
402	low	184815478	loʊ
403	reply	184777992	
404	customer	184406888	ˈkəstəmər
405	december	183237239	dɪˈsɛmbər
406	compare	183202885	kəmˈpɛr
407	movies	182739567	ˈmuviz
408	include	182579275	ˌɪnˈklud
409	college	182545426	ˈkɑlɪʤ
410	value	182061247	ˈvælju
411	article	181969355	
412	york	181556155	jɔrk
413	man	181445531	mæn
414	card	181387042	kɑrd
415	jobs	181075605	ʤɑbz
416	provide	181040994	prəˈvaɪd
418	food	180144029	fud
419	source	179963886	sɔrs
420	author	179813446	ˈɔθər
421	different	179794224	
422	press	179652730	prɛs
424	learn	179428286	lərn
425	sale	179224570	seɪl
426	around	178810033	
427	print	178250872	prɪnt
428	course	177976652	kɔrs
429	job	177706929	
430	canada	177153952	ˈkænədə
431	process	176829177	
432	teen	176301486	tin
433	room	176299905	rum
434	stock	176295589	stɑk
435	training	176129154	ˈtreɪnɪŋ
436	too	176093255	tu
437	credit	175916536	
438	point	175527859	pɔɪnt
439	join	174297802	ʤɔɪn
440	science	174232809	saɪəns
441	men	174058407	mɛn
442	categories	173839008	ˈkætəˌgɔriz
443	advanced	173422161	ədˈvænst
444	west	173346868	wɛst
445	sales	173244220	seɪlz
446	look	173043002	lʊk
447	english	172371546	
448	left	171752631	lɛft
449	team	171687825	tim
450	estate	169256248	ɛˈsteɪt
451	box	169231297	bɑks
452	conditions	168957006	kənˈdɪʃənz
453	select	168673045	səˈlɛkt
454	windows	168532149	ˈwɪndoʊz
455	photos	167827453	ˈfoʊˌtoʊz
456	gay	167587791	geɪ
457	thread	167518537	θrɛd
458	week	167202060	wik
459	category	166811948	ˈkætəˌgɔri
460	note	166657334	noʊt
461	live	166005029	
462	large	165863763	lɑrʤ
463	gallery	165671626	ˈgæləri
464	table	165341452	ˈteɪbəl
465	register	164834442	ˈrɛʤɪstər
466	however	163957176	ˌhaʊˈɛvər
467	june	163951797	ʤun
468	october	163363054	ɑkˈtoʊbər
469	november	163308383	noʊˈvɛmbər
470	market	162390150	
471	library	162076395	ˈlaɪbrɛˌri
472	really	162033390	
473	action	162023431	ˈækʃən
474	start	161913408	stɑrt
475	series	161518557	ˈsɪriz
476	model	161205740	ˈmɑdəl
477	features	160961088	ˈfiʧərz
478	air	160850401	ɛr
479	industry	160812623	ˈɪndəstri
480	plan	160746244	plæn
481	human	160573748	
482	provided	159785849	
484	yes	159595214	jɛs
485	required	159478972	
486	second	159343399	ˈsɛkənd
487	hot	159287179	hɑt
488	accessories	158982297	ækˈsɛsəriz
489	cost	158887256	
490	movie	158421100	ˈmuvi
491	forums	158410645	ˈfɔrəmz
492	march	158281269	mɑrʧ
494	september	157182255	sɛpˈtɛmbər
495	better	157079378	ˈbɛtər
496	say	156845267	seɪ
497	questions	156703712	kˈwɛsʧənz
498	july	156667525	
499	yahoo	155733641	ˈjɑˌhu
500	going	155284081	
501	medical	155254497	
502	test	154999587	tɛst
503	friend	154527125	frɛnd
504	come	154326119	kəm
505	dec	154301106	dɛk
506	server	153788544	ˈsərvər
508	study	152978354	ˈstədi
509	application	152776595	ˌæpləˈkeɪʃən
510	cart	152155277	kɑrt
511	staff	151553180	stæf
512	articles	151531225	
513	san	151350397	sæn
514	feedback	151008079	ˈfidˌbæk
515	again	150781416	
516	play	150748333	pleɪ
517	looking	150610176	ˈlʊkɪŋ
518	issues	150106274	ˈɪʃuz
519	april	149976767	ˈeɪprəl
520	never	149556758	ˈnɛvər
521	users	149320234	ˈjuzərz
522	complete	149312237	kəmˈplit
523	street	149130754	strit
524	topic	149001702	ˈtɑpɪk
525	comment	148628729	ˈkɑmɛnt
526	financial	148330257	
527	things	147969893	θɪŋz
528	working	147675944	ˈwərkɪŋ
529	against	147259825	
530	standard	147177212	ˈstændərd
531	tax	146906651	tæks
532	person	146749448	ˈpərsən
533	below	145701629	
534	mobile	145490029	ˈmoʊbəl
535	less	145430147	lɛs
536	got	145057782	gɑt
537	blog	145041426	blɔg
538	party	144707500	ˈpɑrti
539	payment	144646164	ˈpeɪmənt
540	equipment	144298238	ɪkˈwɪpmənt
542	student	143590165	ˈstudənt
543	let	143062438	lɛt
544	programs	142498232	ˈproʊˌgræmz
545	offers	142087909	ˈɔfərz
546	legal	142048771	ˈligəl
547	above	141894620	əˈbəv
548	recent	141765729	ˈrisənt
549	park	141548802	pɑrk
550	stores	141210433	stɔrz
551	side	141155373	saɪd
552	act	141076205	ækt
553	problem	141012024	ˈprɑbləm
554	red	140799532	rɛd
555	give	140688602	gɪv
556	memory	140479833	ˈmɛməri
557	performance	139710600	pərˈfɔrməns
558	social	139566375	ˈsoʊʃəl
560	august	139459917	
561	quote	139242226	kwoʊt
562	language	138517992	
563	story	138433809	ˈstɔri
564	sell	137696613	sɛl
565	options	137679195	
566	experience	137134662	ɪkˈspɪriəns
567	rates	137089538	reɪts
568	create	137071122	kriˈeɪt
569	key	136862835	ki
570	body	136560842	ˈbɑdi
571	young	136341684	jəŋ
572	america	136214727	əˈmɛrɪkə
573	important	136103455	ˌɪmˈpɔrtənt
574	field	135289140	fild
575	few	135132664	fju
576	east	135037085	ist
577	paper	134939426	ˈpeɪpər
578	single	134754203	ˈsɪŋgəl
580	age	132725767	eɪʤ
581	activities	132685190	ækˈtɪvɪtiz
582	club	132428495	kləb
583	example	132369252	ɪgˈzæmpəl
584	girls	132325396	gərlz
585	additional	132187702	əˈdɪʃənəl
586	password	132141721	ˈpæsˌwərd
588	latest	131952173	ˈleɪtəst
589	something	131836210	ˈsəmθɪŋ
590	road	131800620	roʊd
591	gift	131417909	gɪft
592	question	130644510	
593	changes	130570251	
594	night	130531484	naɪt
596	hard	130054708	hɑrd
597	texas	129399241	ˈtɛksəs
598	oct	129301730	ɔkt
599	pay	129198530	peɪ
600	four	129167110	fɔr
601	poker	129054826	ˈpoʊkər
602	status	128994593	
603	browse	128740445	braʊz
604	issue	128427156	ˈɪʃu
605	range	128314924	reɪnʤ
606	building	128251365	ˈbɪldɪŋ
607	seller	127768853	ˈsɛlər
608	court	127719981	kɔrt
609	february	127704851	
610	always	127634767	
611	result	127425045	
612	audio	127014703	ˈɑdiˌoʊ
613	light	126699632	laɪt
614	write	126645151	raɪt
615	war	126517399	wɔr
616	nov	126461152	noʊv
617	offer	126228968	ˈɔfər
618	blue	126160941	blu
619	groups	125814267	grups
621	easy	125548527	ˈizi
622	given	125542966	
623	files	125524478	faɪlz
624	event	125515260	
625	release	125340846	riˈlis
626	analysis	124949540	æˈnælɪsɪs
627	request	124620318	
628	fax	124500817	fæks
629	china	124472054	ˈʧaɪnə
630	making	124198695	ˈmeɪkɪŋ
631	picture	124116581	ˈpɪkʧər
632	needs	123595776	nidz
633	possible	123311561	ˈpɑsəbəl
634	might	123196001	maɪt
635	professional	123162607	prəˈfɛʃənəl
636	yet	123160529	jɛt
637	month	123027963	mənθ
638	major	122592252	ˈmeɪʤər
639	star	122498186	stɑr
640	areas	121986327	ˈɛriəz
641	future	121844371	fˈjuʧər
642	space	121505269	speɪs
643	committee	121345834	kəˈmɪti
644	hand	121296661	hænd
645	sun	121218500	sən
646	cards	121094522	kɑrdz
647	problems	121087620	ˈprɑbləmz
648	london	121079315	ˈləndən
649	washington	120978063	
650	meeting	120814306	ˈmitɪŋ
652	become	120495036	bɪˈkəm
653	interest	120272948	ˈɪntəˌrɛst
655	child	119747393	ʧaɪld
656	keep	119602514	kip
657	enter	119394206	
658	california	119376975	ˌkæləˈfɔrnjə
659	porn	119294962	pɔrn
660	share	119294241	ʃɛr
661	similar	119150817	ˈsɪmələr
662	garden	119014988	ˈgɑrdən
663	schools	118978625	skulz
664	million	118818608	ˈmɪljən
665	added	118410414	ˈædɪd
666	reference	118127636	
667	companies	118106080	ˈkəmpəˌniz
668	listed	117951402	
669	baby	117696064	ˈbeɪbi
670	learning	117672845	ˈlərnɪŋ
671	energy	117451031	ˈɛnərʤi
672	run	117213565	rən
673	delivery	117119498	dɪˈlɪvəri
674	net	116883588	nɛt
675	popular	116495721	ˈpɑpjələr
676	term	116282824	tərm
677	film	116097842	fɪlm
678	stories	115504667	ˈstɔriz
679	put	115205090	pʊt
680	computers	115168234	kəmˈpjutərz
681	journal	114532201	ˈʤərnəl
682	reports	114515959	
684	try	114384208	traɪ
685	welcome	114025350	ˈwɛlkəm
686	central	113841948	ˈsɛntrəl
687	images	113788074	
688	president	113756376	ˈprɛzɪdənt
689	notice	113691786	
690	god	113624357	gɑd
691	original	113453183	ərˈɪʤənəl
692	head	113316224	hɛd
693	radio	113285624	ˈreɪdiˌoʊ
694	until	113090086	ənˈtɪl
695	cell	113067567	sɛl
696	color	112965658	
697	self	112902176	sɛlf
698	council	112893718	ˈkaʊnsəl
699	away	112837472	əˈweɪ
700	includes	112466751	ˌɪnˈkludz
701	track	112385243	træk
702	australia	112197265	ɔˈstreɪljə
703	discussion	111973466	dɪˈskəʃən
704	archive	111971865	ˈɑrˌkaɪv
705	once	111882023	wəns
706	others	111397714	ˈəðərz
707	entertainment	111394818	
708	agreement	111356320	əˈgrimənt
709	format	111279626	ˈfɔrˌmæt
710	least	111229798	list
711	society	111199035	soʊˈsaɪɪti
712	months	111192257	mənθs
713	log	111170350	lɔg
714	safety	111064464	ˈseɪfti
715	friends	110732827	frɛndz
716	sure	110528740	ʃʊr
718	trade	110086585	treɪd
719	edition	110051463	
720	cars	109717836	
721	messages	109697600	
722	marketing	109596213	ˈmɑrkətɪŋ
723	tell	109553730	tɛl
724	further	109528141	ˈfərðər
725	updated	109504766	
726	association	109416386	
727	able	109389038	ˈeɪbəl
728	having	109360096	ˈhævɪŋ
729	provides	109213691	prəˈvaɪdz
730	david	109067044	ˈdeɪvɪd
731	fun	108389630	fən
732	already	108324565	
733	green	108287905	grin
734	studies	108024858	ˈstədiz
735	close	107853068	
736	common	107839275	ˈkɑmən
737	drive	107799371	draɪv
738	specific	107785779	
739	several	107589584	ˈsɛvərəl
740	gold	107497778	goʊld
741	feb	107483376	ˈfɛbjəˌwɛri
742	living	107215961	ˈlɪvɪŋ
743	sep	107145206	
744	collection	107121885	kəˈlɛkʃən
745	called	106978150	kɔld
746	short	106755242	ʃɔrt
747	arts	106466033	ɑrts
748	lot	106405208	
749	ask	106400213	æsk
750	display	106342539	dɪˈspleɪ
751	limited	106154969	
752	powered	106119933	paʊərd
753	solutions	106103720	səˈluʃənz
754	means	105946662	minz
755	director	105891641	
756	daily	105837757	ˈdeɪli
757	beach	105642682	biʧ
758	past	105625616	pæst
759	natural	105101771	
760	whether	105014961	
761	due	104908310	
763	electronics	104230315	ˌɪˌlɛkˈtrɑnɪks
764	five	104165769	faɪv
765	upon	103921220	əˈpɑn
766	period	103906182	ˈpɪriəd
767	planning	103878661	ˈplænɪŋ
768	database	103731642	
769	says	103697915	
770	official	103521037	əˈfɪʃəl
771	weather	103331913	ˈwɛðər
772	mar	103203080	mɑr
773	land	103132933	lænd
774	average	102837602	
775	done	102812628	dən
776	technical	102792861	ˈtɛknɪkəl
777	window	102711715	ˈwɪndoʊ
778	france	102698139	fræns
779	pro	102580860	proʊ
780	region	102552342	ˈriʤən
781	island	102316998	ˈaɪlənd
782	record	102234743	
783	direct	102234090	
784	microsoft	102159580	ˈmaɪˌkroʊˈsɔft
785	conference	101987691	
786	environment	101959294	ɪnˈvaɪrənmənt
787	records	101771329	
789	district	101325723	ˈdɪstrɪkt
790	calendar	101303808	ˈkæləndər
791	costs	101090970	
792	style	101024266	staɪl
794	front	100886343	frənt
795	statement	100868970	ˈsteɪtmənt
796	update	100765188	
797	parts	100637505	pɑrts
798	aug	100502612	ˈɔgəst
799	ever	100264634	ˈɛvər
800	downloads	100237452	ˈdaʊnˌloʊdz
801	early	100013194	ˈərli
802	miles	100012522	
803	sound	100010833	saʊnd
804	resource	99964083	ˈrisɔrs
805	present	99420744	
806	applications	99324182	ˌæpləˈkeɪʃənz
807	either	99143011	
808	ago	98839705	əˈgoʊ
809	document	98703772	
810	word	98671341	wərd
811	works	98581698	wərks
812	material	98528318	məˈtɪriəl
813	bill	98494166	bɪl
815	written	98056850	ˈrɪtən
816	talk	97850837	tɔk
817	federal	97837595	
818	hosting	97747750	ˈhoʊstɪŋ
819	rules	97658641	rulz
820	final	97649084	ˈfaɪnəl
821	adult	97583096	
822	tickets	97561755	
823	thing	97451660	θɪŋ
824	centre	97258243	ˈsɛntər
825	requirements	97233632	rɪkˈwaɪrmənts
826	via	97167128	
827	cheap	97049762	ʧip
828	nude	96733793	nud
829	kids	96602880	kɪdz
830	finance	96554164	
831	true	96269550	tru
832	minutes	96242209	ˈmɪnəts
833	else	96020036	ɛls
834	mark	95606752	mɑrk
835	third	95489240	θərd
836	rock	95488543	rɑk
837	gifts	95412416	
838	europe	95373445	ˈjʊrəp
839	reading	95289449	
840	topics	95132338	ˈtɑpɪks
841	bad	95096787	bæd
842	individual	94815082	ˌɪndəˈvɪʤəwəl
843	tips	94800899	tɪps
844	plus	94730251	pləs
845	auto	94700371	ˈɔtoʊ
846	cover	94501729	ˈkəvər
847	usually	94477370	
848	edit	94159529	ˈɛdət
849	together	94113765	təˈgɛðər
850	videos	94069113	ˈvɪdioʊz
851	percent	94036312	pərˈsɛnt
852	fast	93941472	fæst
853	function	93878887	ˈfəŋkʃən
854	fact	93807963	fækt
855	unit	93714361	
856	getting	93483319	
857	global	93450595	ˈgloʊbəl
858	tech	93401669	tɛk
859	meet	93275872	mit
860	far	93061804	fɑr
861	economic	93044306	
863	player	92709785	pleɪər
864	projects	92603476	
865	lyrics	92579731	ˈlɪrɪks
866	often	92551460	
867	subscribe	92456246	səbˈskraɪb
868	submit	92431559	səbˈmɪt
869	germany	92151641	ˈʤərməni
870	amount	92039679	əˈmaʊnt
871	watch	92006970	
872	included	92002729	
873	feel	91924001	fil
874	though	91905891	ðoʊ
875	bank	91559349	bæŋk
876	risk	91486135	rɪsk
877	thanks	91398411	θæŋks
878	everything	91388083	ˈɛvriˌθɪŋ
879	deals	91189968	dilz
880	various	91156139	ˈvɛriəs
881	words	90910143	wərdz
882	linux	90854231	ˈlɪnəks
884	production	90612739	
885	commercial	90554932	kəˈmərʃəl
886	james	90535679	ʤeɪmz
887	weight	90506560	weɪt
888	town	90478880	taʊn
889	heart	90249265	hɑrt
890	advertising	90210309	ˈædvərˌtaɪzɪŋ
891	received	90037485	
892	choose	90010174	ʧuz
893	treatment	90001988	ˈtritmənt
894	newsletter	89828494	ˈnuzˌlɛtər
895	archives	89826560	ˈɑrˌkaɪvz
896	points	89780234	pɔɪnts
897	knowledge	89749339	
898	magazine	89744012	ˈmægəˌzin
899	error	89396475	ˈɛrər
900	camera	89324930	
901	jun	89154690	ʤən
902	girl	89139125	gərl
903	currently	89075990	ˈkərəntli
904	construction	88770071	kənˈstrəkʃən
905	toys	88712797	tɔɪz
906	registered	88506935	ˈrɛʤɪstərd
907	clear	88447610	klɪr
908	golf	88332962	
909	receive	88328938	
910	domain	88097391	doʊˈmeɪn
911	methods	87897688	ˈmɛθədz
912	chapter	87882874	ˈʧæptər
913	makes	87829598	meɪks
914	protection	87824220	prəˈtɛkʃən
915	policies	87791839	ˈpɑləsiz
916	loan	87785549	loʊn
917	wide	87661475	waɪd
918	beauty	87572240	ˈbjuti
919	manager	87441704	
920	india	87391857	ˈɪndiə
921	position	87139187	pəˈzɪʃən
922	taken	87019836	ˈteɪkən
923	sort	86985936	sɔrt
924	listings	86808185	ˈlɪstɪŋz
925	models	86573186	ˈmɑdəlz
926	michael	86527408	ˈmaɪkəl
927	known	86395556	noʊn
928	half	86290420	hæf
929	cases	86255673	
930	step	86147277	stɛp
931	engineering	85964618	ˈɛnʤəˈnɪrɪŋ
932	florida	85775901	
933	simple	85617922	ˈsɪmpəl
934	quick	85584600	kwɪk
935	none	85523201	nən
936	wireless	85333514	ˈwaɪrlɪs
937	license	85326896	ˈlaɪsəns
938	paul	85262640	pɔl
939	friday	85245033	
940	lake	85241485	leɪk
941	whole	85202530	hoʊl
942	annual	85043687	ˈænjuəl
943	published	84923632	ˈpəblɪʃt
944	later	84857974	ˈleɪtər
945	basic	84840226	ˈbeɪsɪk
946	sony	84808711	ˈsoʊni
947	shows	84804638	ʃoʊz
948	corporate	84697675	
949	google	84568679	ˈgugəl
950	church	84556943	ʧərʧ
951	method	84399520	ˈmɛθəd
952	purchase	84333183	ˈpərʧəs
953	customers	84317690	ˈkəstəmərz
954	active	84084764	ˈæktɪv
955	response	84065293	
956	practice	84037810	ˈpræktɪs
957	hardware	84002445	ˈhɑrdˌwɛr
958	figure	83949754	ˈfɪgjər
959	materials	83901920	məˈtɪriəlz
960	fire	83845349	
961	holiday	83671730	
962	chat	83625620	ʧæt
963	enough	83592616	
964	designed	83559486	dɪˈzaɪnd
965	along	83444756	əˈlɔŋ
966	among	83431590	əˈməŋ
967	death	83216831	dɛθ
968	writing	83166717	ˈraɪtɪŋ
969	speed	83135749	spid
971	countries	83082522	ˈkəntriz
972	loss	83015916	lɔs
973	face	82807978	feɪs
974	brand	82807581	brænd
975	discount	82646962	
976	higher	82515596	haɪər
977	effects	82399410	
978	created	82342853	
979	remember	82222044	
980	standards	82179578	ˈstændərdz
981	oil	82178167	ɔɪl
982	bit	82113875	bɪt
983	yellow	82024459	ˈjɛloʊ
984	political	82021775	
985	increase	81983061	
986	advertise	81965610	ˈædvərˌtaɪz
987	kingdom	81913366	ˈkɪŋdəm
988	base	81894680	beɪs
989	near	81652767	nɪr
990	environmental	81596309	
991	thought	81561217	θɔt
992	stuff	81444510	stəf
993	french	81396759	frɛnʧ
994	storage	81320471	
996	japan	81110725	ʤəˈpæn
997	doing	80821946	duɪŋ
998	loans	80821333	loʊnz
999	shoes	80755612	ʃuz
1000	entry	80717798	ˈɛntri
1001	stay	80694073	steɪ
1002	nature	80659036	ˈneɪʧər
1003	orders	80605361	ˈɔrdərz
1004	availability	80583907	
1005	africa	80566883	ˈæfrɪkɑ
1006	summary	80526622	ˈsəməri
1007	turn	80328029	tərn
1008	mean	80312172	min
1009	growth	79998480	groʊθ
1010	notes	79958318	noʊts
1011	agency	79915539	ˈeɪʤənsi
1012	king	79791224	kɪŋ
1013	monday	79697206	
1014	european	79665774	ˌjʊrəˈpiən
1015	activity	79633609	ækˈtɪvɪti
1016	copy	79615682	ˈkɑpi
1017	although	79579407	ˌɔlˈðoʊ
1018	drug	79424420	drəg
1020	western	79255339	
1021	income	79240506	ˈɪnˌkəm
1022	force	79199815	fɔrs
1023	cash	79172952	kæʃ
1024	employment	79105156	
1025	overall	78992643	ˈoʊvərˌɔl
1026	bay	78967124	beɪ
1027	river	78843808	ˈrɪvər
1028	commission	78817488	kəˈmɪʃən
1030	package	78421168	
1031	contents	78365831	
1032	seen	78365291	sin
1033	players	78292986	pleɪərz
1034	engine	78078059	
1035	port	78051775	pɔrt
1036	album	77914316	ˈælbəm
1037	regional	77752808	ˈriʤənəl
1038	stop	77749471	stɑp
1039	supplies	77574804	səˈplaɪz
1040	started	77515342	
1041	administration	77515175	ædˌmɪnɪˈstreɪʃən
1042	bar	77375075	bɑr
1043	institute	77353032	ˈɪnstɪˌtut
1044	views	77333335	vjuz
1045	plans	77295630	plænz
1046	double	77287578	ˈdəbəl
1047	dog	77271631	dɔg
1048	build	77203075	bɪld
1049	screen	77183863	skrin
1050	exchange	77079447	ɪksˈʧeɪnʤ
1051	types	77070740	taɪps
1052	soon	77038135	sun
1053	sponsored	76855129	ˈspɑnsərd
1054	lines	76806341	laɪnz
1055	electronic	76707502	ˌɪˌlɛkˈtrɑnɪk
1056	continue	76659163	kənˈtɪnju
1057	across	76597151	əˈkrɔs
1058	benefits	76580951	ˈbɛnəfɪts
1059	needed	76528079	
1060	season	76445684	ˈsizən
1061	apply	76341478	əˈplaɪ
1062	someone	76212141	ˈsəmˌwən
1063	held	76100888	hɛld
1065	anything	75985266	ˈɛniˌθɪŋ
1066	printer	75976795	
1067	condition	75963033	kənˈdɪʃən
1068	effective	75960822	
1069	believe	75918053	bɪˈliv
1070	organization	75604082	ˌɔrgənəˈzeɪʃən
1071	effect	75594829	
1072	asked	75532722	
1074	mind	75393868	maɪnd
1075	sunday	75287070	
1076	selection	75196717	səˈlɛkʃən
1077	casino	74796251	kəˈsinoʊ
1079	lost	74748656	lɔst
1080	tour	74702459	tʊr
1081	menu	74359141	ˈmɛnju
1082	volume	74283471	ˈvɑljum
1083	cross	74230978	krɔs
1084	anyone	74170036	
1085	mortgage	74160962	
1086	hope	74145758	hoʊp
1087	silver	74073467	ˈsɪlvər
1088	corporation	74073375	ˌkɔrpərˈeɪʃən
1089	wish	74043644	wɪʃ
1090	inside	74026748	
1091	solution	74000589	səˈluʃən
1092	mature	73877124	
1093	role	73689002	roʊl
1094	rather	73664932	
1095	weeks	73571749	wiks
1096	addition	73434482	əˈdɪʃən
1097	came	73286694	keɪm
1098	supply	73220509	səˈplaɪ
1099	nothing	73183983	ˈnəθɪŋ
1100	certain	73108213	ˈsərtən
1102	executive	73010727	ɪgˈzɛkjətɪv
1103	running	72879426	ˈrənɪŋ
1104	lower	72606927	loʊər
1105	necessary	72604405	ˈnɛsəˌsɛri
1106	union	72603888	ˈjunjən
1107	jewelry	72576719	
1108	according	72553085	əˈkɔrdɪŋ
1110	clothing	72455943	ˈkloʊðɪŋ
1111	mon	72427611	
1112	com	72285198	kɑm
1113	particular	72056920	
1114	fine	71972425	faɪn
1115	names	71918906	neɪmz
1116	robert	71829013	ˈrɑbərt
1118	hour	71765763	
1119	gas	71518871	gæs
1120	skills	71383598	skɪlz
1121	six	71366336	sɪks
1122	bush	71289039	bʊʃ
1123	islands	71269325	ˈaɪləndz
1124	advice	71268723	
1125	career	71248807	kərɪr
1126	military	71229404	
1127	rental	71013577	ˈrɛntəl
1128	decision	71006471	dɪˈsɪʒən
1129	leave	70957750	liv
1130	british	70912501	ˈbrɪtɪʃ
1131	teens	70859771	tinz
1132	pre	70832130	pri
1133	huge	70639535	
1134	sat	70639358	sæt
1135	woman	70613606	ˈwʊmən
1136	facilities	70595127	
1137	zip	70551270	zɪp
1138	bid	70427114	bɪd
1139	kind	70420316	kaɪnd
1140	sellers	70277573	ˈsɛlərz
1141	middle	70164946	ˈmɪdəl
1142	move	70113140	muv
1143	cable	70082598	ˈkeɪbəl
1144	opportunities	70033623	ˌɑpərˈtunətiz
1145	taking	69997427	ˈteɪkɪŋ
1146	values	69946284	ˈvæljuz
1147	division	69921273	dɪˈvɪʒən
1148	coming	69889118	ˈkəmɪŋ
1149	tuesday	69843013	
1150	object	69819261	
1151	lesbian	69734771	ˈlɛzbiən
1152	appropriate	69671201	
1153	machine	69665958	məˈʃin
1154	logo	69529976	ˈloʊgoʊ
1155	length	69469598	
1156	actually	69444655	
1157	nice	69395609	
1158	score	69315004	skɔr
1159	statistics	69194446	stəˈtɪstɪks
1160	client	69189527	klaɪənt
1162	returns	69062618	
1163	capital	68991999	ˈkæpɪtəl
1164	follow	68982994	ˈfɑloʊ
1165	sample	68957421	ˈsæmpəl
1166	investment	68891129	
1167	sent	68854520	sɛnt
1168	shown	68755779	ʃoʊn
1169	saturday	68687814	
1170	christmas	68648778	ˈkrɪsməs
1171	england	68620426	ˈɪŋglənd
1172	culture	68606429	ˈkəlʧər
1173	band	68569061	bænd
1174	flash	68391647	flæʃ
1176	lead	68325439	
1177	george	68261971	ʤɔrʤ
1178	choice	68222335	ʧɔɪs
1179	went	68130142	wɛnt
1180	starting	68080206	ˈstɑrtɪŋ
1181	registration	68025615	ˌrɛʤɪˈstreɪʃən
1183	thursday	67751544	
1184	courses	67731716	
1185	consumer	67665809	kənˈsumər
1187	airport	67473261	ˈɛrˌpɔrt
1188	foreign	67443436	
1189	artist	67421654	
1190	outside	67415846	ˈaʊtˈsaɪd
1191	furniture	67398005	ˈfərnɪʧər
1192	levels	67360843	ˈlɛvəlz
1193	channel	67352673	ˈʧænəl
1194	letter	67339854	ˈlɛtər
1195	mode	67315364	moʊd
1196	phones	67311992	foʊnz
1197	ideas	67309657	aɪˈdiəz
1198	wednesday	67213031	
1199	structure	67191517	ˈstrəkʧər
1200	fund	67128807	fənd
1201	summer	67102388	ˈsəmər
1202	allow	67052567	əˈlaʊ
1203	degree	67029686	dɪˈgri
1204	contract	66895933	
1205	button	66811153	ˈbətən
1206	releases	66809477	rɪˈlisɪz
1207	wed	66796198	wɛd
1208	homes	66753480	hoʊmz
1209	super	66703287	ˈsupər
1210	male	66638842	meɪl
1211	matter	66632805	ˈmætər
1212	custom	66594716	ˈkəstəm
1213	virginia	66581052	vərˈʤɪnjə
1214	almost	66395121	ˈɔlˌmoʊst
1215	took	66297175	tʊk
1216	located	66249627	
1217	multiple	66171358	ˈməltəpəl
1218	asian	66078353	ˈeɪʒən
1219	distribution	66074142	ˌdɪstrəˈbjuʃən
1220	editor	66014490	
1221	inn	66007529	ɪn
1222	industrial	65921648	ˌɪnˈdəstriəl
1223	cause	65904680	
1224	potential	65835469	pəˈtɛnʃəl
1225	song	65832126	sɔŋ
1227	ltd	65747979	
1228	los	65682137	
1230	focus	65626732	
1231	late	65574606	leɪt
1232	fall	65501110	
1233	featured	65473127	ˈfiʧərd
1234	idea	65459222	aɪˈdiə
1235	rooms	65453403	rumz
1236	female	65407567	ˈfiˌmeɪl
1237	responsible	65319659	riˈspɑnsəbəl
1238	inc	65312988	ɪŋk
1239	communications	65305536	kəmˌjunəˈkeɪʃənz
1240	win	65264239	wɪn
1241	associated	65218530	
1242	thomas	65173823	ˈtɑməs
1243	primary	65139325	ˈpraɪˌmɛri
1244	cancer	65078084	ˈkænsər
1245	numbers	65077140	ˈnəmbərz
1246	reason	65066679	ˈrizən
1247	tool	65009731	tul
1248	browser	64824987	ˈbraʊzər
1249	spring	64814116	
1250	foundation	64753514	faʊnˈdeɪʃən
1251	answer	64649558	ˈænsər
1252	voice	64600528	vɔɪs
1254	friendly	64542291	ˈfrɛndli
1255	schedule	64504515	
1256	documents	64437323	
1257	communication	64378554	kəmˌjunəˈkeɪʃən
1258	purpose	64314952	ˈpərpəs
1259	feature	64288914	ˈfiʧər
1260	bed	64262881	bɛd
1261	comes	64256803	kəmz
1262	police	64198152	pəˈlis
1263	everyone	64197954	ˈɛvriˌwən
1264	independent	64169624	ˌɪndɪˈpɛndənt
1266	approach	64158347	əˈproʊʧ
1267	cameras	64153502	
1268	brown	64112042	braʊn
1269	physical	64090052	ˈfɪzɪkəl
1270	operating	64046921	
1271	hill	64008398	hɪl
1272	maps	63947745	mæps
1273	medicine	63831932	ˈmɛdəsən
1274	deal	63828244	dil
1275	hold	63777575	hoʊld
1276	ratings	63776951	ˈreɪtɪŋz
1277	chicago	63754684	ʃəˈkɑˌgoʊ
1278	forms	63561604	fɔrmz
1279	glass	63559754	glæs
1280	happy	63471922	ˈhæpi
1281	tue	63387982	tu
1282	smith	63357901	smɪθ
1283	wanted	63301836	ˈwɔntɪd
1284	developed	63250401	dɪˈvɛləpt
1285	thank	63234550	θæŋk
1286	safe	63168116	seɪf
1287	unique	63116899	juˈnik
1288	survey	62994830	
1289	prior	62949059	praɪər
1290	telephone	62896274	ˈtɛləˌfoʊn
1291	sport	62683851	spɔrt
1292	ready	62667516	ˈrɛdi
1293	feed	62663785	fid
1294	animal	62566660	ˈænəməl
1295	sources	62557801	ˈsɔrsəz
1296	mexico	62544255	ˈmɛksəˌkoʊ
1297	population	62452044	ˌpɑpjəˈleɪʃən
1299	regular	62308697	
1300	secure	62287766	sɪˈkjʊr
1301	navigation	62202958	
1302	operations	62143782	ˌɑpərˈeɪʃənz
1303	therefore	62082477	ˈðɛrˌfɔr
1304	ass	62060498	æs
1305	simply	62012991	ˈsɪmpli
1306	evidence	62012277	ˈɛvədəns
1307	station	61892291	ˈsteɪʃən
1308	christian	61873074	
1309	round	61836702	raʊnd
1311	favorite	61781016	
1312	understand	61719969	ˌəndərˈstænd
1313	option	61717435	
1314	master	61704297	ˈmæstər
1315	valley	61694845	ˈvæli
1316	recently	61635402	
1317	probably	61626696	ˈprɑbəˌbli
1319	rentals	61539280	ˈrɛntəlz
1320	sea	61532852	si
1321	built	61502894	bɪlt
1322	publications	61502285	ˌpəblɪˈkeɪʃənz
1323	blood	61348302	bləd
1324	cut	61337417	kət
1325	worldwide	61319870	ˈwərldˈwaɪd
1326	improve	61305614	ˌɪmˈpruv
1327	connection	61302455	kəˈnɛkʃən
1328	publisher	61290306	ˈpəblɪʃər
1329	hall	61265768	hɔl
1330	larger	61265757	ˈlɑrʤər
1331	anti	61227238	
1332	networks	61073308	ˈnɛtˌwərks
1333	earth	61059905	ərθ
1334	parents	61036269	ˈpɛrənts
1335	nokia	61035236	ˈnoʊkiə
1336	impact	61017528	
1337	transfer	61011470	
1338	introduction	61004175	
1339	kitchen	60975784	ˈkɪʧən
1340	strong	60969207	strɔŋ
1341	tel	60827708	tɛl
1342	carolina	60817800	ˌkɛrəˈlaɪnə
1343	wedding	60758332	ˈwɛdɪŋ
1344	properties	60747209	ˈprɑpərtiz
1345	hospital	60720801	ˈhɑˌspɪtəl
1346	ground	60679179	graʊnd
1347	overview	60666200	ˈoʊvərvˌju
1348	ship	60649546	ʃɪp
1349	accommodation	60589803	əˌkɑməˈdeɪʃən
1350	owners	60580709	ˈoʊnərz
1351	disease	60540973	dɪˈziz
1353	excellent	60316327	ˈɛksələnt
1354	paid	60294928	peɪd
1355	italy	60280461	ˈɪtəli
1356	perfect	60179071	
1357	hair	60054650	hɛr
1358	opportunity	60033252	ˌɑpərˈtunəti
1359	kit	59963349	kɪt
1360	classic	59957722	ˈklæsɪk
1361	basis	59901425	
1362	command	59870370	kəˈmænd
1363	cities	59809444	ˈsɪtiz
1364	william	59804374	ˈwɪljəm
1365	express	59797675	ɪkˈsprɛs
1366	anal	59776241	ˈeɪnəl
1367	award	59652161	əˈwɔrd
1368	distance	59651113	ˈdɪstəns
1369	tree	59622952	tri
1370	peter	59541743	ˈpitər
1371	assessment	59513100	əˈsɛsmənt
1372	ensure	59507606	
1373	thus	59447388	ðəs
1374	wall	59430375	wɔl
1376	involved	59408103	ˌɪnˈvɑlvd
1378	extra	59377307	ˈɛkstrə
1379	especially	59336380	
1380	interface	59307904	
1381	pussy	59206591	ˈpʊsi
1382	partners	59137995	ˈpɑrtnərz
1383	budget	59106421	ˈbəʤɪt
1384	rated	59102029	
1385	guides	59094266	gaɪdz
1386	success	58986603	səkˈsɛs
1387	maximum	58933430	ˈmæksəməm
1389	operation	58855769	ˌɑpərˈeɪʃən
1390	existing	58803077	ɪgˈzɪstɪŋ
1391	quite	58777731	kwaɪt
1392	selected	58668257	
1393	boy	58664244	bɔɪ
1394	amazon	58657636	ˈæməˌzɑn
1395	patients	58656286	
1396	restaurants	58579604	
1397	beautiful	58503804	ˈbjutəfəl
1398	warning	58498692	ˈwɔrnɪŋ
1399	wine	58491725	waɪn
1400	locations	58470987	loʊˈkeɪʃənz
1401	horse	58453720	hɔrs
1402	vote	58387028	voʊt
1403	forward	58382492	ˈfɔrwərd
1404	flowers	58374976	flaʊərz
1405	stars	58352743	stɑrz
1406	significant	58338630	
1407	lists	58249254	lɪsts
1408	technologies	58222418	tɛkˈnɑləʤiz
1409	owner	58189056	ˈoʊnər
1410	retail	58185466	ˈriˌteɪl
1411	animals	58178554	ˈænəməlz
1412	useful	58144584	ˈjusfəl
1413	directly	58144287	
1414	manufacturer	58125159	ˌmænjəˈfækʧərər
1415	ways	58114465	weɪz
1416	est	58112143	ɛst
1417	son	58094311	sən
1418	providing	57957650	prəˈvaɪdɪŋ
1419	rule	57912422	rul
1420	mac	57875961	mæk
1421	housing	57790060	ˈhaʊzɪŋ
1422	takes	57784233	teɪks
1425	bring	57608074	brɪŋ
1426	catalog	57567413	ˈkætəlɔg
1427	searches	57491372	ˈsərʧɪz
1428	max	57481472	mæks
1429	trying	57462639	
1430	mother	57432704	ˈməðər
1431	authority	57403313	əˈθɔrəti
1432	considered	57378298	kənˈsɪdərd
1433	told	57248600	toʊld
1434	xml	57241749	ˌɛkˌsɛˈmɛl
1435	traffic	57241247	ˈtræfɪk
1436	programme	57212448	ˈproʊˌgræm
1437	joined	57202778	ʤɔɪnd
1438	input	57191675	ˈɪnˌpʊt
1439	strategy	57170155	ˈstrætəʤi
1440	feet	57146840	fit
1441	agent	57103658	ˈeɪʤənt
1442	valid	57094711	ˈvælɪd
1443	bin	57076312	bɪn
1444	modern	57030009	ˈmɑdərn
1445	senior	56934903	ˈsinjər
1446	ireland	56804611	
1447	sexy	56756180	ˈsɛksi
1448	teaching	56677377	ˈtiʧɪŋ
1449	door	56638839	dɔr
1450	grand	56599468	grænd
1451	testing	56564005	ˈtɛstɪŋ
1452	trial	56547673	
1453	charge	56542418	ʧɑrʤ
1454	units	56512308	
1455	instead	56499843	ˌɪnˈstɛd
1456	canadian	56492789	kəˈneɪdiən
1457	cool	56471180	kul
1458	normal	56442762	ˈnɔrməl
1459	wrote	56421594	roʊt
1460	enterprise	56414984	
1461	ships	56365355	ʃɪps
1462	entire	56284017	ɪnˈtaɪər
1463	educational	56282937	
1465	leading	56201501	ˈlidɪŋ
1466	metal	56181783	ˈmɛtəl
1467	positive	56132270	ˈpɑzətɪv
1469	fitness	56063953	ˈfɪtnəs
1470	chinese	56057597	ʧaɪˈniz
1471	opinion	56038634	əˈpɪnjən
1473	asia	55979169	ˈeɪʒə
1474	football	55972678	ˈfʊtˌbɔl
1475	abstract	55951880	
1476	uses	55842334	
1477	output	55819696	ˈaʊtˌpʊt
1478	funds	55721876	fəndz
1480	greater	55673859	ˈgreɪtər
1481	likely	55669441	ˈlaɪkli
1482	develop	55611036	dɪˈvɛləp
1483	employees	55523958	
1484	artists	55504730	ˈɑrtɪsts
1485	alternative	55502123	ɔlˈtərnətɪv
1486	processing	55486868	ˈprɑsɛsɪŋ
1487	responsibility	55448425	riˌspɑnsəˈbɪləti
1488	resolution	55429399	ˌrɛzəˈluʃən
1489	java	55360149	ˈʤɑvə
1490	guest	55293215	gɛst
1491	seems	55276661	simz
1492	publication	55199085	ˌpəblɪˈkeɪʃən
1493	pass	55189682	pæs
1494	relations	55180611	riˈleɪʃənz
1495	trust	55157142	trəst
1496	van	55147325	væn
1497	contains	55145932	kənˈteɪnz
1498	session	55143498	ˈsɛʃən
1499	multi	55131463	ˈməlti
1500	photography	55083965	fəˈtɑgrəfi
1501	republic	55051644	
1502	fees	54965019	fiz
1503	components	54964736	kəmˈpoʊnənts
1504	vacation	54946412	veɪˈkeɪʃən
1505	century	54929645	ˈsɛnʧəri
1506	academic	54886061	ˌækəˈdɛmɪk
1507	assistance	54831021	əˈsɪstəns
1508	completed	54810628	
1509	skin	54789622	skɪn
1510	graphics	54781266	ˈgræfɪks
1511	indian	54646045	ˈɪndiən
1513	ads	54513834	ædz
1514	mary	54418499	ˈmɛri
1516	expected	54346724	
1517	ring	54342432	rɪŋ
1518	grade	54275130	greɪd
1519	dating	54274405	ˈdeɪtɪŋ
1520	pacific	54257643	pəˈsɪfɪk
1521	mountain	54170529	ˈmaʊntən
1522	organizations	54146984	ˌɔrgənəˈzeɪʃənz
1523	pop	54140138	pɑp
1524	filter	54106694	ˈfɪltər
1525	mailing	54096391	ˈmeɪlɪŋ
1526	vehicle	54079229	
1527	longer	54063969	ˈlɔŋgər
1528	consider	54062139	kənˈsɪdər
1530	northern	53876176	ˈnɔrðərn
1531	behind	53824933	bɪˈhaɪnd
1532	panel	53784382	ˈpænəl
1533	floor	53759851	flɔr
1534	german	53710784	ˈʤərmən
1535	buying	53534781	baɪɪŋ
1536	match	53532481	mæʧ
1537	proposed	53512775	prəˈpoʊzd
1538	default	53511683	dɪˈfɔlt
1539	require	53495303	
1540	iraq	53491312	
1541	boys	53464587	bɔɪz
1542	outdoor	53462150	ˈaʊtˌdɔr
1543	deep	53447410	dip
1544	morning	53444032	ˈmɔrnɪŋ
1545	otherwise	53406486	ˈəðərˌwaɪz
1546	allows	53352976	əˈlaʊz
1547	rest	53312008	rɛst
1548	protein	53253798	ˈproʊˌtin
1549	plant	53247607	plænt
1550	reported	53189294	
1551	hit	53171478	hɪt
1552	transportation	53122840	ˌtrænspərˈteɪʃən
1554	pool	53046994	pul
1555	mini	53025248	ˈmɪni
1556	politics	53007762	ˈpɑləˌtɪks
1557	partner	52979810	ˈpɑrtnər
1558	disclaimer	52917604	dɪˈskleɪmər
1559	authors	52891750	ˈɔθərz
1560	boards	52877471	bɔrdz
1561	faculty	52815755	ˈfækəlti
1562	parties	52799552	ˈpɑrtiz
1563	fish	52756224	fɪʃ
1564	membership	52738089	ˈmɛmbərˌʃɪp
1565	mission	52716319	ˈmɪʃən
1566	eye	52688696	aɪ
1567	string	52681344	strɪŋ
1568	sense	52629633	sɛns
1569	modified	52557860	ˈmɑdəˌfaɪd
1570	pack	52556205	pæk
1571	released	52546300	riˈlist
1572	stage	52518330	steɪʤ
1573	internal	52515245	ˌɪnˈtərnəl
1574	goods	52507183	gʊdz
1575	recommended	52496488	
1576	born	52452012	bɔrn
1577	unless	52436419	ənˈlɛs
1578	richard	52423381	ˈrɪʧərd
1579	detailed	52396856	dɪˈteɪld
1580	japanese	52320953	ˌʤæpəˈniz
1581	race	52297214	reɪs
1582	approved	52215969	əˈpruvd
1583	background	52214134	ˈbækˌgraʊnd
1584	target	52199865	
1585	except	52183597	ɪkˈsɛpt
1586	character	52028227	ˈkɛrɪktər
1588	maintenance	52006621	
1589	ability	52004289	əˈbɪləˌti
1590	maybe	51895609	ˈmeɪbi
1591	functions	51816428	ˈfəŋkʃənz
1593	moving	51765877	ˈmuvɪŋ
1594	brands	51697361	brændz
1595	places	51696304	
1597	pretty	51621090	ˈprɪti
1598	trademarks	51590807	ˈtreɪdˌmɑrks
1600	spain	51553238	speɪn
1601	southern	51536707	ˈsəðərn
1602	yourself	51531914	
1603	etc	51525815	ˌɛtˈsɛtərə
1604	winter	51483174	ˈwɪntər
1605	rape	51454053	reɪp
1606	battery	51449559	ˈbætəri
1607	youth	51426255	juθ
1608	pressure	51407261	ˈprɛʃər
1609	submitted	51387515	səbˈmɪtəd
1610	boston	51387258	
1611	incest	51357793	ˈɪnˌsɛst
1612	debt	51349877	dɛt
1613	keywords	51331999	ˈkiˌwərdz
1614	medium	51330557	ˈmidiəm
1615	television	51304347	ˈtɛləˌvɪʒən
1616	interested	51282170	ˈɪntəˌrɛstɪd
1617	core	51244541	kɔr
1618	break	51242970	breɪk
1619	purposes	51223290	
1620	throughout	51160616	θruaʊt
1621	sets	51156220	sɛts
1622	dance	51147967	dæns
1623	wood	51130555	wʊd
1625	itself	51076716	ˌɪtˈsɛlf
1626	defined	51033173	dɪˈfaɪnd
1627	papers	51024682	ˈpeɪpərz
1628	playing	51019438	pleɪɪŋ
1629	awards	50973666	əˈwɔrdz
1630	fee	50931988	fi
1631	studio	50913495	ˈstudiˌoʊ
1632	reader	50887864	ˈridər
1633	virtual	50843671	ˈvərʧuəl
1634	device	50819909	dɪˈvaɪs
1635	established	50818165	ɪˈstæblɪʃt
1636	answers	50800782	ˈænsərz
1637	rent	50767076	rɛnt
1638	las	50701997	
1639	remote	50683428	
1640	dark	50669807	dɑrk
1641	programming	50630393	ˈproʊˌgræmɪŋ
1642	external	50604732	ɪkˈstərnəl
1643	apple	50551171	ˈæpəl
1645	regarding	50409715	
1646	instructions	50405472	ˌɪnˈstrəkʃənz
1647	min	50389892	mɪn
1648	offered	50347350	ˈɔfərd
1649	theory	50276653	
1650	enjoy	50141455	ˌɛnˈʤɔɪ
1651	remove	50036200	riˈmuv
1652	aid	50022454	eɪd
1653	surface	50022259	ˈsərfəs
1654	minimum	50001652	ˈmɪnəməm
1655	visual	49969150	ˈvɪʒəwəl
1656	host	49918570	hoʊst
1657	variety	49844591	vərˈaɪəti
1658	teachers	49832283	ˈtiʧərz
1660	martin	49699093	
1661	manual	49698346	ˈmænjuəl
1662	block	49694725	blɑk
1663	subjects	49574004	
1664	agents	49551303	ˈeɪʤənts
1665	increased	49547349	
1666	repair	49513286	rɪˈpɛr
1667	fair	49510931	fɛr
1668	civil	49495349	ˈsɪvəl
1669	steel	49452604	stil
1670	understanding	49391366	ˌəndərˈstændɪŋ
1671	songs	49272598	sɔŋz
1672	fixed	49215402	fɪkst
1673	wrong	49156828	rɔŋ
1674	beginning	49148844	bɪˈgɪnɪŋ
1675	hands	49087727	
1676	associates	49020998	
1677	finally	48999091	ˈfaɪnəli
1679	updates	48858672	
1680	desktop	48850257	ˈdɛskˌtɑp
1681	classes	48836974	
1682	paris	48831449	
1683	ohio	48812305	oʊˈhaɪoʊ
1684	gets	48807490	
1685	sector	48746882	ˈsɛktər
1686	capacity	48726947	
1687	requires	48668931	
1688	jersey	48658750	ˈʤərzi
1690	fat	48646296	fæt
1691	fully	48616832	ˈfʊli
1692	father	48580528	ˈfɑðər
1693	electric	48562078	ɪˈlɛktrɪk
1694	saw	48544776	sɔ
1695	instruments	48492757	ˈɪnstrəmənts
1696	quotes	48490497	kwoʊts
1697	officer	48483165	
1698	driver	48463463	ˈdraɪvər
1699	businesses	48419913	
1700	dead	48384167	dɛd
1701	respect	48329678	
1702	unknown	48325930	ənˈnoʊn
1703	specified	48284665	ˈspɛsəˌfaɪd
1704	restaurant	48255033	
1705	mike	48202721	maɪk
1706	trip	48175593	trɪp
1708	worth	48075237	wərθ
1710	procedures	48063184	
1711	poor	48053008	pur
1712	teacher	48002944	ˈtiʧər
1714	eyes	47975295	aɪz
1715	relationship	47959756	riˈleɪʃənˌʃɪp
1716	workers	47954144	ˈwərkərz
1717	farm	47934860	fɑrm
1718	fucking	47911964	ˈfəkɪŋ
1719	georgia	47898290	ˈʤɔrʤə
1720	peace	47856201	pis
1721	traditional	47847595	trəˈdɪʃənəl
1722	campus	47827531	ˈkæmpəs
1723	tom	47775300	tɑm
1724	showing	47745287	ʃoʊɪŋ
1725	creative	47737474	kriˈeɪtɪv
1726	coast	47716394	koʊst
1727	benefit	47703520	ˈbɛnəfɪt
1728	progress	47674782	
1729	funding	47661725	ˈfəndɪŋ
1730	devices	47613452	
1731	lord	47612536	lɔrd
1732	grant	47609624	grænt
1733	sub	47588521	səb
1734	agree	47500911	əˈgri
1735	fiction	47449450	ˈfɪkʃən
1736	hear	47426506	hir
1737	sometimes	47402973	
1738	watches	47364531	
1739	careers	47344388	kərɪrz
1740	beyond	47315243	
1741	goes	47278206	goʊz
1742	families	47251104	
1743	led	47211631	lɛd
1744	museum	47195123	
1745	themselves	47176048	
1746	fan	47045446	fæn
1747	transport	47041301	
1748	interesting	46983244	ˈɪntəˌrɛstɪŋ
1749	blogs	46978262	blɔgz
1750	wife	46946408	waɪf
1751	evaluation	46929581	
1752	accepted	46922000	ækˈsɛptɪd
1753	former	46917563	ˈfɔrmər
1754	implementation	46914652	ˌɪmpləmɛnˈteɪʃən
1755	ten	46907473	tɛn
1756	hits	46901429	hɪts
1757	zone	46897368	zoʊn
1758	complex	46865979	
1760	cat	46839855	kæt
1761	galleries	46800115	ˈgæləriz
1762	references	46748380	
1763	die	46745446	daɪ
1764	presented	46729648	
1765	jack	46728329	ʤæk
1766	flat	46688059	flæt
1767	flow	46684251	floʊ
1768	agencies	46610382	ˈeɪʤənsiz
1769	literature	46607011	ˈlɪtərəʧər
1770	respective	46528775	
1771	parent	46516265	ˈpɛrənt
1772	spanish	46482449	ˈspænɪʃ
1773	michigan	46437105	ˈmɪʃɪgən
1774	columbia	46367780	kəˈləmbiə
1775	setting	46347305	ˈsɛtɪŋ
1777	scale	46307526	skeɪl
1778	stand	46292709	stænd
1779	economy	46236766	
1780	highest	46234721	haɪəst
1781	helpful	46208737	ˈhɛlpfəl
1782	monthly	46198876	ˈmənθli
1783	critical	46136062	ˈkrɪtɪkəl
1784	frame	46079991	freɪm
1785	musical	46057216	mˈjuzɪkəl
1786	definition	46017042	ˌdɛfəˈnɪʃən
1787	secretary	46013973	ˈsɛkrəˌtɛri
1788	angeles	45983826	ˈænʤəlɪs
1789	networking	45918427	ˈnɛtˌwərkɪŋ
1790	path	45905830	pæθ
1791	australian	45733685	ɔˈstreɪljən
1792	employee	45719822	
1793	chief	45699591	ʧif
1794	gives	45649146	gɪvz
1796	bottom	45598411	ˈbɑtəm
1797	magazines	45575150	ˈmægəˌzinz
1798	packages	45541515	
1799	detail	45494334	
1800	francisco	45480506	frænˈsɪskoʊ
1801	laws	45454173	lɔz
1802	changed	45453557	ʧeɪnʤd
1803	pet	45445524	pɛt
1804	heard	45436523	hərd
1805	begin	45434902	bɪˈgɪn
1806	individuals	45432300	ˌɪndəˈvɪʤəwəlz
1807	colorado	45410185	
1808	royal	45407189	rɔɪəl
1809	clean	45381752	klin
1810	switch	45332755	swɪʧ
1811	russian	45322858	ˈrəʃən
1812	largest	45314848	ˈlɑrʤəst
1813	african	45314350	ˈæfrɪkɑn
1814	guy	45286019	gaɪ
1815	titles	45271886	ˈtaɪtəlz
1816	relevant	45242119	ˈrɛləvənt
1817	guidelines	45207269	ˈgaɪˌdlaɪnz
1818	justice	45145293	
1819	connect	45133501	kəˈnɛkt
1820	bible	45080741	ˈbaɪbəl
1821	dev	45047619	dɛv
1822	cup	45032014	kəp
1823	basket	45023597	ˈbæskət
1824	applied	44960208	əˈplaɪd
1825	weekly	44953365	ˈwikli
1827	installation	44936390	ˌɪnstəˈleɪʃən
1828	described	44905064	dɪˈskraɪbd
1829	demand	44858110	dɪˈmænd
1831	suite	44829675	swit
1832	vegas	44810653	ˈveɪgəs
1834	square	44784448	skwɛr
1835	chris	44754518	krɪs
1836	attention	44752502	əˈtɛnʃən
1837	advance	44738913	ədˈvæns
1838	skip	44681366	skɪp
1839	diet	44674077	daɪət
1840	army	44670729	ˈɑrmi
1841	auction	44619724	
1842	gear	44569745	gɪr
1843	lee	44561701	li
1845	difference	44546845	
1846	allowed	44526131	əˈlaʊd
1847	correct	44467948	kərˈɛkt
1848	charles	44466066	
1849	nation	44429644	ˈneɪʃən
1850	selling	44375770	ˈsɛlɪŋ
1851	lots	44361090	lɑts
1852	piece	44298807	pis
1853	sheet	44295187	ʃit
1854	firm	44244364	fərm
1855	seven	44224906	ˈsɛvən
1856	older	44222089	ˈoʊldər
1857	illinois	44214414	
1858	regulations	44201358	ˌrɛgjəˈleɪʃənz
1859	elements	44180185	ˈɛləmənts
1860	species	44159268	ˈspiʃiz
1861	jump	44137441	ʤəmp
1862	cells	44128080	sɛlz
1863	module	44127294	ˈmɑʤul
1864	resort	44118980	
1865	facility	44049643	fəˈsɪlɪti
1866	random	44038489	ˈrændəm
1867	pricing	44026683	ˈpraɪsɪŋ
1868	dvds	43997497	ˌdiˌviˈdiz
1869	certificate	43972925	sərˈtɪfɪkət
1870	minister	43931892	
1871	motion	43927084	ˈmoʊʃən
1872	looks	43897035	lʊks
1873	fashion	43883676	ˈfæʃən
1874	directions	43874498	
1875	visitors	43872888	ˈvɪzɪtərz
1876	documentation	43872031	
1877	monitor	43848202	ˈmɑnətər
1878	trading	43706094	ˈtreɪdɪŋ
1879	forest	43667070	
1880	calls	43661633	kɔlz
1881	whose	43634263	huz
1882	coverage	43621558	
1883	couple	43578199	ˈkəpəl
1884	giving	43506778	ˈgɪvɪŋ
1885	chance	43461638	ʧæns
1886	vision	43425570	ˈvɪʒən
1887	ball	43399906	bɔl
1888	ending	43310674	ˈɛndɪŋ
1889	clients	43278784	klaɪənts
1890	actions	43258456	ˈækʃənz
1891	listen	43252527	ˈlɪsən
1892	discuss	43208309	dɪˈskəs
1893	accept	43171429	
1894	automotive	43128760	ˌɔtəˈmoʊtɪv
1895	naked	43110969	ˈneɪkəd
1896	goal	43074829	goʊl
1897	successful	43041696	səkˈsɛsfəl
1898	sold	42979181	soʊld
1899	wind	42974876	
1900	communities	42969195	
1901	clinical	42951421	
1902	situation	42880250	ˌsɪʧuˈeɪʃən
1903	sciences	42871860	
1904	markets	42867375	
1905	lowest	42865965	loʊəst
1906	highly	42857273	ˈhaɪli
1907	publishing	42809196	ˈpəblɪʃɪŋ
1908	appear	42801104	əˈpɪr
1909	emergency	42770237	
1910	developing	42769271	dɪˈvɛləpɪŋ
1911	lives	42750046	
1912	currency	42720398	ˈkərənsi
1913	leather	42714053	ˈlɛðər
1914	determine	42707469	
1916	temperature	42645254	
1917	palm	42631203	
1918	announcements	42578510	əˈnaʊnsmɛnts
1919	patient	42560499	ˈpeɪʃənt
1920	actual	42552937	
1921	historical	42501329	hɪˈstɔrɪkəl
1922	stone	42494931	stoʊn
1923	bob	42494016	bɑb
1924	commerce	42459641	ˈkɑmərs
1926	perhaps	42450144	pərˈhæps
1927	persons	42436349	ˈpərsənz
1928	difficult	42436311	ˈdɪfəkəlt
1929	scientific	42415451	ˌsaɪənˈtɪfɪk
1930	satellite	42379243	ˈsætəˌlaɪt
1931	fit	42342802	fɪt
1932	tests	42336117	tɛsts
1933	village	42335952	
1934	accounts	42330284	əˈkaʊnts
1935	amateur	42265916	
1937	met	42223443	mɛt
1938	pain	42182798	peɪn
1940	particularly	42160203	
1941	factors	42106512	ˈfæktərz
1942	coffee	42086828	
1944	settings	42062854	ˈsɛtɪŋz
1945	cum	42048929	kəm
1946	buyer	42024703	baɪər
1947	cultural	42022443	ˈkəlʧərəl
1948	steve	41997245	stiv
1949	easily	41949287	ˈizəli
1950	oral	41947093	ˈɔrəl
1951	ford	41922237	fɔrd
1952	poster	41893537	ˈpoʊstər
1953	edge	41869418	ɛʤ
1954	functional	41862937	ˈfəŋkʃənəl
1955	root	41835168	rut
1958	closed	41782645	kloʊzd
1959	holidays	41730382	ˈhɑləˌdeɪz
1960	ice	41706145	aɪs
1961	pink	41704519	pɪŋk
1962	zealand	41677373	ˈzilənd
1963	balance	41651718	ˈbæləns
1964	monitoring	41647453	ˈmɑnətərɪŋ
1965	graduate	41645267	
1966	replies	41628442	
1967	shot	41614412	ʃɑt
1969	architecture	41474428	ˈɑrkəˌtɛkʧər
1970	initial	41372877	ˌɪˈnɪʃəl
1971	label	41359857	ˈleɪbəl
1972	thinking	41333371	ˈθɪŋkɪŋ
1973	scott	41326573	skɑt
1975	sec	41177555	sɛk
1976	recommend	41146831	ˌrɛkəˈmɛnd
1977	canon	41144763	ˈkænən
1978	hardcore	41125351	ˈhɑrdˈkɔr
1979	league	41109010	lig
1980	waste	41089558	weɪst
1981	minute	41061449	
1982	bus	41043865	bəs
1983	provider	40976633	prəˈvaɪdər
1984	optional	40839022	
1985	dictionary	40838300	ˈdɪkʃəˌnɛri
1986	cold	40833613	koʊld
1987	accounting	40819336	
1988	manufacturing	40781457	ˌmænjəˈfækʧərɪŋ
1989	sections	40770979	ˈsɛkʃənz
1990	chair	40764005	ʧɛr
1991	fishing	40730311	ˈfɪʃɪŋ
1992	effort	40728131	ˈɛfərt
1993	phase	40722940	feɪz
1994	fields	40697933	fildz
1995	bag	40671821	bæg
1996	fantasy	40666152	
1998	letters	40638766	ˈlɛtərz
1999	motor	40615655	ˈmoʊtər
2001	professor	40572636	prəˈfɛsər
2002	context	40568409	ˈkɑntɛkst
2003	install	40502273	ˌɪnˈstɔl
2004	shirt	40501964	ʃərt
2005	apparel	40498015	əˈpærəl
2006	generally	40435813	
2007	continued	40414263	kənˈtɪnjud
2008	foot	40401241	fʊt
2009	mass	40364941	mæs
2010	crime	40361756	kraɪm
2011	count	40345803	kaʊnt
2012	breast	40334099	brɛst
2013	techniques	40278251	tɛkˈniks
2016	johnson	40200521	ˈʤɑnsən
2018	quickly	40161558	kˈwɪkli
2019	dollars	40136550	
2020	websites	40127603	ˈwɛbˌsaɪts
2021	religion	40095362	
2022	claim	40085342	kleɪm
2023	driving	40033859	ˈdraɪvɪŋ
2024	permission	40032805	pərˈmɪʃən
2025	surgery	40026119	ˈsərʤəri
2026	patch	39999745	pæʧ
2027	heat	39971542	hit
2028	wild	39937252	waɪld
2029	measures	39937049	ˈmɛʒərz
2030	generation	39912229	ˌʤɛnərˈeɪʃən
2031	kansas	39910915	ˈkænzəs
2032	miss	39897915	mɪs
2033	chemical	39891285	ˈkɛmɪkəl
2034	doctor	39845710	
2035	task	39832721	tæsk
2036	reduce	39830748	rɪˈdus
2037	brought	39794764	brɔt
2038	himself	39757666	hɪmˈsɛlf
2039	nor	39753116	nɔr
2040	component	39752354	kəmˈpoʊnənt
2041	enable	39733007	
2042	exercise	39699360	ˈɛksərˌsaɪz
2043	bug	39672754	bəg
2044	santa	39664896	
2045	mid	39610476	mɪd
2046	guarantee	39603838	ˌgɛrənˈti
2047	leader	39591949	ˈlidər
2048	diamond	39573067	ˈdaɪmənd
2049	israel	39512059	
2051	processes	39450440	ˈprɑsɛsəz
2052	soft	39440877	
2053	servers	39329759	ˈsərvərz
2054	alone	39326417	əˈloʊn
2055	meetings	39307643	ˈmitɪŋz
2056	seconds	39304731	ˈsɛkəndz
2057	jones	39297134	ʤoʊnz
2058	arizona	39283012	ˌɛrɪˈzoʊnə
2059	keyword	39244593	ˈkiˌwərd
2060	interests	39238403	
2061	flight	39229938	flaɪt
2062	congress	39186605	ˈkɑŋgrəs
2063	fuel	39148291	
2065	walk	39129365	
2066	fuck	39099536	fək
2067	produced	39030637	prəˈdust
2068	italian	39017017	ˌɪˈtæljən
2069	paperback	39015275	ˈpeɪpərˌbæk
2071	wait	39001376	weɪt
2072	supported	38989028	
2073	pocket	38931224	ˈpɑkət
2074	saint	38929141	seɪnt
2075	rose	38911531	roʊz
2076	freedom	38909717	ˈfridəm
2077	argument	38902162	ˈɑrgjəmənt
2078	competition	38886455	ˌkɑmpəˈtɪʃən
2079	creating	38863806	kriˈeɪtɪŋ
2080	jim	38854380	ʤɪm
2081	drugs	38827156	drəgz
2082	joint	38827057	ʤɔɪnt
2083	premium	38793313	ˈprimiəm
2084	providers	38787600	prəˈvaɪdərz
2085	fresh	38781893	frɛʃ
2086	characters	38778931	
2087	attorney	38778191	əˈtərni
2088	upgrade	38777600	
2090	factor	38740174	ˈfæktər
2091	growing	38729323	groʊɪŋ
2092	thousands	38611137	
2094	stream	38592422	strim
2095	apartments	38568257	əˈpɑrtmənts
2096	pick	38542153	pɪk
2097	hearing	38521552	ˈhirɪŋ
2098	eastern	38506956	ˈistərn
2099	auctions	38496936	
2100	therapy	38458400	ˈθɛrəpi
2101	entries	38442247	ˈɛntriz
2102	dates	38442243	deɪts
2103	generated	38437769	
2104	signed	38369963	saɪnd
2105	upper	38341510	ˈəpər
2106	administrative	38339299	ədˈmɪnɪˌstreɪtɪv
2107	serious	38316678	ˈsɪriəs
2108	prime	38308402	praɪm
2109	samsung	38291353	ˈsæmˌsəŋ
2110	limit	38290292	ˈlɪmət
2111	began	38269468	
2112	louis	38259201	
2113	steps	38254292	stɛps
2114	errors	38243352	ˈɛrərz
2115	shops	38241315	ʃɑps
2116	bondage	38237169	ˈbɑndɪʤ
2117	del	38223775	dɛl
2118	efforts	38222553	ˈɛfərts
2119	informed	38207430	ˌɪnˈfɔrmd
2122	thoughts	38162958	θɔts
2123	creek	38159464	krik
2125	worked	38128226	wərkt
2126	quantity	38123233	kˈwɑntəti
2127	urban	38087999	ˈərbən
2128	practices	38010732	ˈpræktɪsɪz
2129	sorted	38002278	ˈsɔrtɪd
2130	reporting	37995481	
2131	essential	37987474	
2132	myself	37983649	ˌmaɪˈsɛlf
2133	tours	37957036	
2134	platform	37930473	ˈplætˌfɔrm
2135	load	37896224	loʊd
2136	affiliate	37877419	
2137	labor	37866418	ˈleɪbər
2138	immediately	37857880	ˌɪˈmiˌdiətli
2139	admin	37835381	ˈædmɪn
2140	nursing	37822746	ˈnərsɪŋ
2141	defense	37819618	dɪˈfɛns
2142	machines	37786251	məˈʃinz
2143	designated	37777117	ˈdɛzɪgˌneɪtɪd
2144	tags	37732409	tægz
2145	heavy	37668153	ˈhɛvi
2146	covered	37662109	ˈkəvərd
2147	recovery	37644829	
2148	joe	37642746	ʤoʊ
2149	guys	37603892	gaɪz
2150	integrated	37600088	
2151	configuration	37589833	kənˌfɪgjərˈeɪʃən
2152	cock	37573028	kɑk
2153	merchant	37569902	ˈmərʧənt
2154	comprehensive	37544399	ˌkɑmpriˈhɛnsɪv
2155	expert	37537204	ˈɛkspərt
2156	universal	37493474	ˌjunəˈvərsəl
2157	protect	37455957	prəˈtɛkt
2158	drop	37433033	
2159	solid	37426444	ˈsɑləd
2160	cds	37396357	ˈsiˈdiz
2161	presentation	37387206	ˌprɛzənˈteɪʃən
2162	languages	37376019	
2163	became	37332761	
2164	orange	37316112	
2165	compliance	37305612	kəmˈplaɪəns
2166	vehicles	37254344	
2167	prevent	37247684	
2168	theme	37219937	θim
2169	rich	37200952	rɪʧ
2171	campaign	37150011	kæmˈpeɪn
2172	marine	37143112	mərˈin
2173	improvement	37133738	ˌɪmˈpruvmənt
2175	guitar	37106331	gɪˈtɑr
2176	finding	37102510	ˈfaɪndɪŋ
2177	pennsylvania	37039579	ˌpɛnsəlˈveɪnjə
2178	examples	37025517	ɪgˈzæmpəlz
2179	ipod	36985229	ˈaɪˌpɔd
2180	saying	36981573	seɪɪŋ
2181	spirit	36971683	
2183	claims	36942635	kleɪmz
2184	porno	36925475	ˈpɔrnoʊ
2185	challenge	36918321	ˈʧælənʤ
2186	motorola	36918315	ˌmoʊtərˈoʊlə
2187	acceptance	36864919	
2188	strategies	36860865	ˈstrætəʤiz
2190	seem	36852843	sim
2191	affairs	36831853	əˈfɛrz
2192	touch	36831035	təʧ
2193	intended	36830419	ˌɪnˈtɛndɪd
2194	towards	36798662	
2196	goals	36766773	goʊlz
2197	hire	36743717	
2198	election	36728229	ɪˈlɛkʃən
2199	suggest	36726336	səˈʤɛst
2200	branch	36712083	brænʧ
2201	charges	36710704	ˈʧɑrʤɪz
2202	serve	36697856	sərv
2203	affiliates	36686155	
2204	reasons	36685859	ˈrizənz
2205	magic	36676771	ˈmæʤɪk
2206	mount	36648260	maʊnt
2207	smart	36636558	smɑrt
2208	talking	36617848	ˈtɔkɪŋ
2209	gave	36576222	geɪv
2210	ones	36558085	wənz
2211	latin	36548259	ˈlætən
2212	multimedia	36522534	
2214	tits	36514211	tɪts
2215	avoid	36508203	əˈvɔɪd
2216	certified	36493381	ˈsərtəˌfaɪd
2217	manage	36439435	
2218	corner	36419737	ˈkɔrnər
2219	rank	36408196	ræŋk
2220	computing	36381081	kəmˈpjutɪŋ
2221	oregon	36353838	
2222	element	36306394	ˈɛləmənt
2223	birth	36286070	bərθ
2224	virus	36286003	ˈvaɪrəs
2225	abuse	36269685	
2226	interactive	36253355	
2227	requests	36239839	
2228	separate	36138447	
2229	quarter	36134893	kˈwɔrtər
2230	procedure	36129804	
2231	leadership	36108608	ˈlidərˌʃɪp
2232	tables	36089541	ˈteɪbəlz
2233	define	36087006	dɪˈfaɪn
2234	racing	36079737	ˈreɪsɪŋ
2235	religious	36046200	
2236	facts	36041603	
2237	breakfast	35991312	ˈbrɛkfəst
2238	kong	35989160	
2239	column	35986621	ˈkɑləm
2240	plants	35937825	plænts
2241	faith	35936559	feɪθ
2242	chain	35928367	ʧeɪn
2243	developer	35890230	dɪˈvɛləpər
2244	identify	35854119	aɪˈdɛntəˌfaɪ
2245	avenue	35847733	ˈævəˌnu
2246	missing	35813046	ˈmɪsɪŋ
2247	died	35803272	daɪd
2248	approximately	35797333	əˈprɑksəmətli
2249	domestic	35724637	dəˈmɛstɪk
2251	recommendations	35722416	ˌrɛkəmənˈdeɪʃənz
2252	moved	35713495	muvd
2253	houston	35697100	ˈhjustən
2254	reach	35687918	riʧ
2255	comparison	35683256	kəmˈpɛrəsən
2256	mental	35674270	ˈmɛntəl
2257	viewed	35666896	vjud
2258	moment	35660913	ˈmoʊmənt
2259	extended	35651592	
2260	sequence	35643482	ˈsikwəns
2261	inch	35629597	ɪnʧ
2262	attack	35599513	əˈtæk
2263	sorry	35595812	ˈsɑri
2264	centers	35590976	
2265	opening	35538225	ˈoʊpənɪŋ
2266	damage	35529909	
2267	lab	35525966	læb
2268	reserve	35516087	
2269	recipes	35473417	ˈrɛsəpiz
2271	gamma	35426622	ˈgæmə
2272	plastic	35421202	ˈplæstɪk
2273	produce	35383071	
2274	snow	35358852	snoʊ
2275	placed	35347899	pleɪst
2276	truth	35345925	truθ
2277	counter	35345740	ˈkaʊntər
2278	failure	35343900	ˈfeɪljər
2279	follows	35327869	ˈfɑloʊz
2281	weekend	35287380	
2282	dollar	35275336	
2283	camp	35255018	kæmp
2284	ontario	35233760	ɑnˈtɛrioʊ
2285	automatically	35225937	
2286	des	35219152	
2287	minnesota	35206660	ˌmɪnɪˈsoʊtə
2288	films	35200065	fɪlmz
2289	bridge	35180146	brɪʤ
2290	native	35160636	ˈneɪtɪv
2291	fill	35148024	fɪl
2292	williams	35123723	ˈwɪljəmz
2293	movement	35105385	ˈmuvmənt
2294	printing	35080589	
2295	baseball	35068361	ˈbeɪsˈbɔl
2296	owned	35050234	oʊnd
2297	approval	35046541	əˈpruvəl
2298	draft	35033621	dræft
2299	chart	35027490	ʧɑrt
2300	played	34970056	pleɪd
2301	contacts	34965494	
2303	jesus	34929061	ˈʤizəs
2304	readers	34912487	ˈridərz
2305	clubs	34881779	kləbz
2308	jackson	34861007	ˈʤæksən
2309	equal	34832354	ˈikwəl
2310	adventure	34807033	
2311	matching	34803404	ˈmæʧɪŋ
2312	offering	34799901	
2313	shirts	34764071	ʃərts
2314	profit	34753530	
2315	leaders	34742050	ˈlidərz
2316	posters	34729596	ˈpoʊstərz
2317	institutions	34727059	ˌɪnstɪˈtuʃənz
2318	assistant	34719060	əˈsɪstənt
2319	variable	34715780	ˈvɛriəbəl
2320	ave	34706502	ˈɑˌveɪ
2322	advertisement	34681267	
2323	expect	34675677	ɪkˈspɛkt
2324	parking	34672915	ˈpɑrkɪŋ
2325	headlines	34646214	ˈhɛˌdlaɪnz
2326	yesterday	34639311	
2327	compared	34638205	kəmˈpɛrd
2328	determined	34600925	dɪˈtərmənd
2329	wholesale	34597350	ˈhoʊlˌseɪl
2330	workshop	34531832	ˈwərkˌʃɑp
2331	russia	34513420	ˈrəʃə
2332	gone	34511028	gɔn
2333	codes	34503537	koʊdz
2334	kinds	34482138	
2335	extension	34464199	ɪkˈstɛnʃən
2336	seattle	34427671	siˈætəl
2337	statements	34416902	ˈsteɪtmənts
2338	golden	34416555	ˈgoʊldən
2339	completely	34385075	kəmˈplitli
2340	teams	34383288	timz
2341	fort	34358210	fɔrt
2344	lighting	34304870	ˈlaɪtɪŋ
2345	senate	34302775	
2346	forces	34300503	ˈfɔrsɪz
2347	funny	34281806	ˈfəni
2348	brother	34273892	ˈbrəðər
2349	gene	34266155	ʤin
2350	turned	34215128	tərnd
2351	portable	34207743	ˈpɔrtəbəl
2352	tried	34201786	traɪd
2353	electrical	34176498	ɪˈlɛktrɪkəl
2354	applicable	34173309	ˈæpləkəbəl
2355	disc	34140094	dɪsk
2356	returned	34138333	
2357	pattern	34124878	ˈpætərn
2360	boat	34104031	boʊt
2361	named	34099544	neɪmd
2362	theatre	34095301	ˈθiətər
2363	laser	34080740	ˈleɪzər
2364	earlier	34079706	ˈərliər
2365	manufacturers	34073462	ˌmænjəˈfækʧərərz
2366	sponsor	33988132	ˈspɑnsər
2367	classical	33957503	ˈklæsɪkəl
2368	icon	33955393	ˈaɪkɑn
2369	warranty	33921186	ˈwɔrənti
2370	dedicated	33916569	ˈdɛdəkeɪtəd
2371	indiana	33897228	ˌɪndiˈænə
2372	direction	33868571	
2373	harry	33867934	ˈhɛri
2374	basketball	33848810	ˈbæskətˌbɔl
2375	objects	33845165	
2376	ends	33798717	ɛndz
2377	delete	33766846	dɪˈlit
2378	evening	33705304	ˈivnɪŋ
2379	assembly	33704254	əˈsɛmbli
2380	nuclear	33689967	ˈnukliər
2381	taxes	33674672	
2382	mouse	33667003	maʊs
2383	signal	33648212	ˈsɪgnəl
2384	criminal	33646918	ˈkrɪmənəl
2385	issued	33644425	ˈɪʃud
2386	brain	33612784	breɪn
2387	sexual	33595660	ˈsɛkʃuəl
2388	wisconsin	33592434	wɪˈskɑnsən
2389	powerful	33538932	ˈpaʊərfəl
2390	dream	33518573	drim
2391	obtained	33486258	əbˈteɪnd
2392	false	33476460	fɔls
2394	cast	33395024	kæst
2395	flower	33364539	flaʊər
2396	felt	33321821	fɛlt
2397	personnel	33277887	ˌpərsəˈnɛl
2398	passed	33242084	pæst
2399	supplied	33239429	səˈplaɪd
2400	identified	33222080	aɪˈdɛntəˌfaɪd
2401	falls	33213513	fɔlz
2402	pic	33210991	pɪk
2403	soul	33173763	soʊl
2404	aids	33155753	eɪdz
2405	opinions	33135354	əˈpɪnjənz
2406	promote	33113081	prəˈmoʊt
2407	stated	33100777	ˈsteɪtɪd
2408	stats	33096627	stæts
2409	hawaii	33075697	həˈwaɪˌi
2410	professionals	33070733	prəˈfɛʃənəlz
2411	appears	33068735	əˈpɪrz
2412	carry	33056477	
2413	flag	33050354	flæg
2414	decided	33030803	ˌdɪˈsaɪdɪd
2416	covers	32972573	ˈkəvərz
2419	advantage	32963469	ædˈvæntɪʤ
2420	hello	32960381	
2421	designs	32955678	dɪˈzaɪnz
2422	maintain	32942067	meɪnˈteɪn
2423	tourism	32925132	ˈtʊˌrɪzəm
2424	priority	32917021	praɪˈɔrəti
2425	newsletters	32868357	ˈnuzˌlɛtərz
2426	adults	32847475	
2427	clips	32846497	klɪps
2428	savings	32817684	ˈseɪvɪŋz
2430	graphic	32780694	ˈgræfɪk
2431	atom	32776867	ˈætəm
2432	payments	32757146	ˈpeɪmənts
2434	estimated	32731518	
2435	binding	32603649	ˈbaɪndɪŋ
2436	brief	32599674	brif
2437	ended	32588866	
2438	winning	32570914	ˈwɪnɪŋ
2439	eight	32567724	eɪt
2440	anonymous	32563033	əˈnɑnəməs
2441	iron	32552371	aɪərn
2442	straight	32551647	streɪt
2443	script	32549924	skrɪpt
2444	served	32541796	sərvd
2445	wants	32538214	
2446	miscellaneous	32502581	ˌmɪsəˈleɪniəs
2447	prepared	32502271	priˈpɛrd
2448	void	32491126	vɔɪd
2449	dining	32489479	ˈdaɪnɪŋ
2450	alert	32472727	əˈlərt
2451	integration	32462658	
2452	atlanta	32440124	æˈtlæntə
2453	dakota	32437534	dəˈkoʊtə
2454	tag	32432108	tæg
2455	interview	32430752	ˈɪntərvˌju
2456	mix	32428241	mɪks
2457	framework	32421841	ˈfreɪmˌwərk
2458	disk	32375647	dɪsk
2459	installed	32372686	ˌɪnˈstɔld
2460	queen	32366847	kwin
2462	credits	32341959	ˈkrɛdɪts
2463	clearly	32338676	ˈklɪrli
2464	fix	32334055	fɪks
2465	handle	32318665	ˈhændəl
2466	sweet	32311923	swit
2467	desk	32311444	dɛsk
2468	criteria	32302695	kraɪˈtɪriə
2470	dave	32281596	deɪv
2471	massachusetts	32270027	ˌmæsəˈʧusəts
2472	diego	32238555	diˈeɪgoʊ
2473	hong	32225582	hɔŋ
2474	vice	32220446	vaɪs
2475	associate	32217516	
2477	truck	32136249	trək
2478	behavior	32128221	bɪˈheɪvjər
2479	enlarge	32120976	ˌɛnˈlɑrʤ
2480	ray	32113994	reɪ
2481	frequently	32113462	
2482	revenue	32088216	
2483	measure	32083783	ˈmɛʒər
2484	changing	32076618	ˈʧeɪnʤɪŋ
2485	votes	32059663	voʊts
2487	duty	32011339	
2488	looked	31988351	lʊkt
2489	discussions	31985694	dɪˈskəʃənz
2490	bear	31981362	bɛr
2491	gain	31980198	geɪn
2492	festival	31964569	
2493	laboratory	31956885	ˈlæbrəˌtɔri
2494	ocean	31928741	ˈoʊʃən
2495	flights	31927886	flaɪts
2496	experts	31923825	ˈɛkspərts
2497	signs	31899467	saɪnz
2498	lack	31881925	læk
2499	depth	31879926	dɛpθ
2500	iowa	31875822	
2501	whatever	31869767	
2502	logged	31869263	lɔgd
2503	laptop	31851245	ˈlæpˌtɑp
2504	vintage	31830831	ˈvɪntɪʤ
2505	train	31816971	treɪn
2506	exactly	31759653	ɪgˈzæktli
2507	dry	31744277	draɪ
2508	explore	31740200	ɪkˈsplɔr
2509	maryland	31715238	ˈmɛrələnd
2510	spa	31714574	spɑ
2511	concept	31681353	ˈkɑnsɛpt
2512	nearly	31677743	ˈnɪrli
2513	eligible	31666767	
2514	checkout	31649089	ˈʧɛˌkaʊt
2515	reality	31626554	ˌriˈæləˌti
2516	forgot	31626338	
2517	handling	31623717	
2518	origin	31602843	ˈɔrəʤən
2519	knew	31598395	
2520	gaming	31594394	ˈgeɪmɪŋ
2521	feeds	31593736	fidz
2522	billion	31586983	ˈbɪljən
2523	destination	31563774	
2524	scotland	31551032	ˈskɑtlənd
2525	faster	31541236	ˈfæstər
2526	intelligence	31533328	ˌɪnˈtɛləʤəns
2527	dallas	31528739	ˈdæləs
2528	bought	31501377	
2529	con	31452344	kɑn
2530	ups	31451966	əps
2531	nations	31449713	ˈneɪʃənz
2532	route	31439231	
2533	followed	31437587	ˈfɑloʊd
2534	specifications	31435888	ˌspɛsəfəˈkeɪʃənz
2535	broken	31399439	ˈbroʊkən
2537	frank	31392284	fræŋk
2538	alaska	31388580	əˈlæskə
2539	zoom	31373629	zum
2540	blow	31344495	bloʊ
2541	battle	31344458	ˈbætəl
2542	residential	31337029	ˌrɛzɪˈdɛnʃəl
2544	speak	31324712	spik
2545	decisions	31321172	dɪˈsɪʒənz
2546	industries	31316683	ˈɪndəstriz
2547	protocol	31296886	
2548	query	31284313	kˈwiri
2549	clip	31264432	klɪp
2550	partnership	31235192	ˈpɑrtnərˌʃɪp
2551	editorial	31234178	ˌɛdəˈtɔriəl
2553	expression	31179707	ɪkˈsprɛʃən
2555	equity	31158626	ˈɛkwəti
2556	provisions	31126350	prəˈvɪʒənz
2557	speech	31119662	spiʧ
2558	wire	31113149	
2559	principles	31050339	ˈprɪnsəpəlz
2560	suggestions	31029622	səˈʤɛsʧənz
2561	rural	30998929	ˈrʊrəl
2562	shared	30988860	ʃɛrd
2563	sounds	30987278	
2564	replacement	30981707	rɪˈpleɪsmənt
2565	tape	30941382	teɪp
2566	strategic	30930763	strəˈtiʤɪk
2567	judge	30905832	ʤəʤ
2568	spam	30881361	spæm
2569	economics	30869591	
2570	acid	30867887	ˈæsəd
2571	bytes	30848384	baɪts
2572	cent	30836935	sɛnt
2573	forced	30835043	fɔrst
2574	compatible	30811666	kəmˈpætəbəl
2575	fight	30784313	faɪt
2576	apartment	30771172	əˈpɑrtmənt
2577	height	30745406	haɪt
2578	null	30739157	nəl
2579	zero	30735412	ˈziroʊ
2580	speaker	30732820	ˈspikər
2581	filed	30718907	faɪld
2583	netherlands	30672254	ˈnɛðərləndz
2584	obtain	30672052	əbˈteɪn
2586	consulting	30662624	kənˈsəltɪŋ
2587	recreation	30662263	ˌrɛkriˈeɪʃən
2588	offices	30646750	
2589	designer	30641959	dɪˈzaɪnər
2590	remain	30630717	
2591	managed	30602103	
2593	failed	30596963	feɪld
2594	marriage	30592140	ˈmɛrɪʤ
2595	roll	30590349	roʊl
2596	korea	30582894	ˌkɔˈriə
2597	banks	30582183	bæŋks
2599	participants	30557763	pɑrˈtɪsəpənts
2600	secret	30542047	
2601	bath	30537308	bæθ
2603	kelly	30510238	ˈkɛli
2604	leads	30507300	lidz
2605	negative	30504487	ˈnɛgətɪv
2606	austin	30477225	ˈɔstən
2607	favorites	30465854	
2608	toronto	30462849	
2609	theater	30446816	ˈθieɪtər
2610	springs	30429116	
2611	missouri	30419845	
2612	andrew	30403300	ˈændru
2614	perform	30378944	pərˈfɔrm
2615	healthy	30360623	ˈhɛlθi
2616	translation	30346495	
2617	estimates	30336472	
2618	font	30327965	fɑnt
2619	assets	30302586	ˈæˌsɛts
2620	injury	30291773	ˈɪnʤəri
2622	joseph	30285903	
2623	ministry	30275714	
2624	drivers	30258628	ˈdraɪvərz
2625	lawyer	30253229	
2626	figures	30231772	ˈfɪgjərz
2627	married	30202662	ˈmɛrid
2628	protected	30198768	prəˈtɛktɪd
2629	proposal	30189304	prəˈpoʊzəl
2630	sharing	30181027	ˈʃɛrɪŋ
2631	philadelphia	30179898	ˌfɪləˈdɛlfiə
2632	portal	30171660	ˈpɔrtəl
2633	waiting	30170505	ˈweɪtɪŋ
2634	birthday	30169763	ˈbərθˌdeɪ
2635	beta	30160524	ˈbeɪtə
2636	fail	30145364	feɪl
2637	gratis	30144426	ˈgrætəs
2638	banking	30095341	ˈbæŋkɪŋ
2639	officials	30068859	əˈfɪʃəlz
2640	brian	30060564	braɪən
2641	toward	30024561	
2642	won	29998103	
2643	slightly	29994840	sˈlaɪtli
2644	assist	29963782	əˈsɪst
2645	conduct	29955541	
2646	contained	29955043	kənˈteɪnd
2647	lingerie	29949923	ˈlɑnʒərˌeɪ
2649	legislation	29932251	ˌlɛʤəsˈleɪʃən
2650	calling	29923380	ˈkɔlɪŋ
2651	parameters	29922419	pərˈæmətərz
2652	jazz	29920842	ʤæz
2653	serving	29916558	ˈsərvɪŋ
2654	bags	29910659	bægz
2655	profiles	29909230	ˈproʊˌfaɪlz
2656	miami	29904805	maɪˈæmi
2657	comics	29900765	ˈkɑmɪks
2658	matters	29896961	ˈmætərz
2659	houses	29896478	
2660	doc	29867704	dɑk
2661	postal	29859679	ˈpoʊstəl
2662	relationships	29850322	riˈleɪʃənˌʃɪps
2663	tennessee	29848404	ˌtɛnəˈsi
2664	wear	29846762	wɛr
2665	controls	29841307	kənˈtroʊlz
2666	breaking	29841004	ˈbreɪkɪŋ
2667	combined	29840482	kəmˈbaɪnd
2668	ultimate	29825206	ˈəltəmət
2669	wales	29821525	weɪlz
2670	representative	29810467	
2671	frequency	29808486	ˈfrikwənsi
2672	introduced	29783908	
2673	minor	29782623	ˈmaɪnər
2674	finish	29769825	ˈfɪnɪʃ
2675	departments	29768415	dɪˈpɑrtmənts
2676	residents	29765553	ˈrɛzɪdənts
2677	noted	29754565	
2678	displayed	29751963	dɪˈspleɪd
2679	mom	29736214	mɑm
2680	reduced	29726540	rɪˈdust
2681	physics	29724803	ˈfɪzɪks
2682	rare	29722959	rɛr
2683	spent	29719451	spɛnt
2684	performed	29714621	pərˈfɔrmd
2685	extreme	29694906	ɪkˈstrim
2686	samples	29689694	ˈsæmpəlz
2687	davis	29689352	
2688	daniel	29680403	ˈdænjəl
2689	bars	29674439	bɑrz
2690	reviewed	29665969	rivˈjud
2691	row	29649598	roʊ
2693	forecast	29637380	ˈfɔrˌkæst
2694	removed	29610178	riˈmuvd
2695	helps	29607993	hɛlps
2696	singles	29594915	ˈsɪŋgəlz
2697	administrator	29589707	ədˈmɪnɪˌstreɪtər
2698	cycle	29585286	ˈsaɪkəl
2699	amounts	29584436	əˈmaʊnts
2700	contain	29552509	kənˈteɪn
2701	accuracy	29536020	ˈækjərəsi
2702	dual	29535368	
2703	rise	29535295	raɪz
2705	sleep	29491537	slip
2707	bird	29437150	bərd
2708	pharmacy	29392223	ˈfɑrməsi
2709	brazil	29390369	brəˈzɪl
2710	creation	29390035	kriˈeɪʃən
2711	static	29389905	ˈstætɪk
2712	scene	29372413	sin
2713	hunter	29368718	ˈhəntər
2714	addresses	29368459	
2715	lady	29348297	ˈleɪdi
2716	crystal	29344419	ˈkrɪstəl
2717	famous	29332023	ˈfeɪməs
2718	writer	29320566	ˈraɪtər
2719	chairman	29312635	ˈʧɛrmən
2720	violence	29309829	ˈvaɪələns
2721	fans	29290170	fænz
2722	oklahoma	29277458	ˌoʊkləˈhoʊmə
2723	speakers	29266983	ˈspikərz
2724	drink	29254937	drɪŋk
2725	academy	29252165	əˈkædəmi
2726	dynamic	29251538	daɪˈnæmɪk
2727	gender	29248973	ˈʤɛndər
2728	eat	29237400	it
2729	permanent	29217998	ˈpərmɑˌnɛnt
2730	agriculture	29217130	ˈægrɪˌkəlʧər
2731	dell	29215534	dɛl
2732	cleaning	29202463	ˈklinɪŋ
2733	constitutes	29158454	ˈkɑnstəˌtuts
2734	portfolio	29149729	pɔrtˈfoʊliˌoʊ
2735	practical	29138914	ˈpræktɪkəl
2736	delivered	29130416	dɪˈlɪvərd
2737	collectibles	29127157	kəˈlɛktəbəlz
2738	infrastructure	29090274	ˌɪnfrəˈstrəkʧər
2739	exclusive	29069478	ɪkˈsklusɪv
2740	seat	29066336	sit
2741	concerns	29065609	kənˈsərnz
2742	colour	29049269	ˈkələr
2743	vendor	29029083	ˈvɛndər
2744	originally	29016923	
2745	intel	28995654	ˌɪnˈtɛl
2746	utilities	28965893	juˈtɪlətiz
2747	philosophy	28960643	fəˈlɑsəfi
2748	regulation	28958148	ˌrɛgjəˈleɪʃən
2749	officers	28955126	
2750	reduction	28954254	rɪˈdəkʃən
2751	aim	28951240	eɪm
2752	bids	28933427	bɪdz
2753	referred	28919199	
2754	supports	28913894	səˈpɔrts
2755	nutrition	28890368	nuˈtrɪʃən
2756	recording	28875301	
2757	regions	28864370	ˈriʤənz
2758	junior	28857539	ˈʤunjər
2759	toll	28852223	toʊl
2760	les	28848836	
2761	cape	28846176	keɪp
2762	ann	28832058	æn
2763	rings	28827859	rɪŋz
2764	meaning	28821231	ˈminɪŋ
2765	tip	28810209	tɪp
2766	secondary	28805149	ˈsɛkənˌdɛri
2767	wonderful	28796607	ˈwəndərfəl
2768	mine	28795477	maɪn
2769	ladies	28781917	ˈleɪdiz
2770	henry	28769085	ˈhɛnri
2771	ticket	28767435	
2772	announced	28744210	əˈnaʊnst
2773	guess	28743465	gɛs
2774	agreed	28717540	əˈgrid
2775	prevention	28681929	priˈvɛnʃən
2776	whom	28678568	hum
2777	ski	28663800	ski
2778	soccer	28647229	ˈsɑkər
2779	math	28631905	mæθ
2780	import	28629840	
2781	posting	28612921	ˈpoʊstɪŋ
2782	presence	28603257	ˈprɛzəns
2783	instant	28599930	ˈɪnstənt
2784	mentioned	28566238	ˈmɛnʃənd
2785	automatic	28551016	
2786	healthcare	28529648	ˈhɛlθˌkɛr
2787	viewing	28507347	vjuɪŋ
2788	maintained	28492421	meɪnˈteɪnd
2790	increasing	28456941	ˌɪnˈkrisɪŋ
2791	majority	28456588	məˈʤɔrəti
2792	connected	28448231	kəˈnɛktɪd
2793	christ	28404515	kraɪst
2794	dan	28401202	dæn
2795	dogs	28400362	
2797	directors	28389161	
2798	aspects	28377709	ˈæˌspɛkts
2799	austria	28377245	ˈɔstriə
2800	ahead	28375319	əˈhɛd
2801	moon	28374261	mun
2802	participation	28366095	pɑrˌtɪsəˈpeɪʃən
2803	scheme	28309089	skim
2804	utility	28301196	juˈtɪləti
2805	preview	28294286	ˈprivˌju
2806	fly	28279478	flaɪ
2807	manner	28268864	ˈmænər
2808	matrix	28268147	ˈmeɪtrɪks
2809	containing	28254166	kənˈteɪnɪŋ
2810	combination	28247444	ˌkɑmbəˈneɪʃən
2812	amendment	28151500	əˈmɛndmənt
2813	despite	28148989	dɪˈspaɪt
2814	strength	28148438	
2815	guaranteed	28133582	ˌgɛrənˈtid
2816	turkey	28112986	ˈtərki
2817	libraries	28103816	ˈlaɪbrɛˌriz
2818	proper	28099582	ˈprɑpər
2819	distributed	28094905	dɪˈstrɪbjətəd
2820	degrees	28091266	dɪˈgriz
2821	singapore	28089227	ˈsɪŋəˌpɔr
2822	enterprises	28076874	
2823	delta	28051872	ˈdɛltə
2824	fear	28042145	fɪr
2825	seeking	28023068	ˈsikɪŋ
2826	inches	28018680	
2827	phoenix	28018518	ˈfinɪks
2829	convention	27972282	kənˈvɛnʃən
2830	shares	27971096	ʃɛrz
2831	principal	27964123	ˈprɪnsəpəl
2832	daughter	27936967	ˈdɔtər
2833	standing	27936222	ˈstændɪŋ
2834	voyeur	27928748	ˌvɔɪˈjur
2835	comfort	27920566	ˈkəmfərt
2836	colors	27911017	ˈkələrz
2837	wars	27898180	wɔrz
2838	cisco	27894293	ˈsɪˌskoʊ
2839	ordering	27856930	ˈɔrdərɪŋ
2840	kept	27838368	
2841	alpha	27832836	ˈælfə
2842	appeal	27829479	əˈpil
2843	cruise	27827938	kruz
2844	bonus	27819488	ˈboʊnəs
2845	certification	27708503	ˌsərtəfəˈkeɪʃən
2846	previously	27698634	ˈpriviəsli
2847	hey	27665343	heɪ
2848	bookmark	27665146	ˈbʊkmɑrk
2849	buildings	27623076	ˈbɪldɪŋz
2850	specials	27620523	ˈspɛʃəlz
2851	beat	27616668	bit
2852	disney	27557762	ˈdɪzni
2853	household	27556777	ˈhaʊsˌhoʊld
2854	batteries	27541890	ˈbætəriz
2855	adobe	27538755	əˈdoʊbi
2856	smoking	27526627	sˈmoʊkɪŋ
2857	bbc	27469485	ˌbibiˈsi
2858	becomes	27462477	bɪˈkəmz
2859	drives	27442926	draɪvz
2860	arms	27432921	ɑrmz
2861	alabama	27418375	ˌæləˈbæmə
2862	tea	27406794	ti
2863	improved	27397478	ˌɪmˈpruvd
2864	trees	27378116	triz
2866	achieve	27332769	əˈʧiv
2867	positions	27322185	pəˈzɪʃənz
2868	dress	27318959	drɛs
2869	subscription	27310399	səbˈskrɪpʃən
2870	dealer	27299846	ˈdilər
2871	contemporary	27284246	kənˈtɛmpərˌɛri
2872	sky	27281333	skaɪ
2873	utah	27270743	ˈjuˌtɔ
2874	nearby	27263100	ˈnɪrˈbaɪ
2875	rom	27234302	rɑm
2876	carried	27222494	
2877	happen	27207887	ˈhæpən
2878	exposure	27204624	ɪkˈspoʊʒər
2879	panasonic	27173123	ˌpænəˈsɑnɪk
2880	hide	27157035	haɪd
2882	signature	27140993	ˈsɪgnəʧər
2883	gambling	27118635	
2884	refer	27099706	
2885	miller	27092856	ˈmɪlər
2886	provision	27091944	prəˈvɪʒən
2887	outdoors	27060521	ˈaʊtˈdɔrz
2888	clothes	27037465	
2889	caused	27036899	
2890	luxury	27020617	ˈləgʒəri
2891	babes	27016030	beɪbz
2892	frames	27007332	freɪmz
2893	viagra	26999671	vaɪˈægrə
2894	certainly	26984060	ˈsərtənli
2895	indeed	26943016	ˌɪnˈdid
2896	newspaper	26933746	ˈnuzˌpeɪpər
2897	toy	26924831	tɔɪ
2898	circuit	26917865	ˈsərkət
2899	layer	26912270	leɪər
2900	printed	26887551	
2901	slow	26870240	sloʊ
2902	removal	26864040	rɪˈmuvəl
2903	easier	26857423	ˈiziər
2905	liability	26837967	ˌlaɪəˈbɪlɪti
2906	trademark	26835205	ˈtreɪdˌmɑrk
2907	hip	26826008	hɪp
2908	printers	26821453	
2910	nine	26807668	naɪn
2911	adding	26797775	ˈædɪŋ
2912	kentucky	26783017	kənˈtəki
2913	mostly	26774406	
2914	eric	26767316	ˈɛrɪk
2915	spot	26750929	spɑt
2916	taylor	26736684	ˈteɪlər
2918	prints	26721934	prɪnts
2919	spend	26713310	spɛnd
2920	factory	26708317	ˈfæktəri
2921	interior	26708143	ˌɪnˈtɪriər
2922	revised	26702355	
2923	grow	26701492	groʊ
2924	americans	26666908	əˈmɛrɪkənz
2925	optical	26665491	ˈɑptɪkəl
2926	promotion	26651461	
2927	relative	26646324	ˈrɛlətɪv
2928	amazing	26630190	əˈmeɪzɪŋ
2929	clock	26624872	klɑk
2930	dot	26590624	dɑt
2932	identity	26573512	aɪˈdɛntəˌti
2933	suites	26558524	swits
2934	conversion	26551803	kənˈvərʒən
2935	feeling	26546473	ˈfilɪŋ
2936	hidden	26526402	ˈhɪdən
2937	reasonable	26526175	
2938	victoria	26515985	vɪkˈtɔriə
2939	serial	26488381	ˈsɪˌriəl
2940	relief	26483302	
2941	revision	26482328	riˈvɪʒən
2942	broadband	26476075	ˈbrɔdˌbænd
2943	influence	26460675	ˈɪnfluəns
2944	ratio	26457942	ˈreɪʃiˌoʊ
2946	importance	26451992	ˌɪmˈpɔrtəns
2947	rain	26419979	reɪn
2948	onto	26411439	
2950	planet	26405032	ˈplænət
2951	webmaster	26382498	ˈwɛbˌmæstər
2952	copies	26369992	ˈkɑpiz
2953	recipe	26355769	ˈrɛsəpi
2955	permit	26339544	
2956	seeing	26322092	siɪŋ
2957	proof	26305059	pruf
2958	dna	26290902	ˈdiˌɛˈneɪ
2959	diff	26283641	dɪf
2960	tennis	26272328	
2961	bass	26249677	
2962	prescription	26233858	prəˈskrɪpʃən
2963	bedroom	26229848	ˈbɛˌdrum
2964	empty	26206017	
2965	instance	26204516	ˈɪnstəns
2966	hole	26199070	hoʊl
2967	pets	26153751	pɛts
2968	ride	26153004	raɪd
2969	licensed	26151610	ˈlaɪsənst
2970	orlando	26117729	ɔˈrlænˌdoʊ
2971	specifically	26114063	spəˈsɪfɪkli
2972	tim	26111466	tɪm
2973	bureau	26110155	ˈbjʊroʊ
2974	maine	26049821	meɪn
2976	represent	26038983	
2977	conservation	26038344	ˌkɑnsərˈveɪʃən
2978	pair	26036703	pɛr
2979	ideal	26036289	aɪˈdil
2980	specs	26029159	spɛks
2981	recorded	26018548	
2982	don	26003672	dɑn
2983	pieces	26000545	
2984	finished	25994841	ˈfɪnɪʃt
2985	parks	25974927	pɑrks
2986	dinner	25974858	ˈdɪnər
2987	lawyers	25959552	
2988	sydney	25945245	ˈsɪdni
2989	stress	25899885	strɛs
2990	cream	25898758	krim
2992	runs	25881512	rənz
2993	trends	25879894	
2994	yeah	25858426	jæ
2995	discover	25852541	dɪˈskəvər
2998	patterns	25809816	ˈpætərnz
2999	boxes	25787744	
3000	louisiana	25779604	luˌiziˈænə
3001	hills	25770218	hɪlz
3002	javascript	25766226	ˈʤɑvəˌskrɪpt
3003	fourth	25763406	fɔrθ
3005	advisor	25719984	ædˈvaɪzər
3007	marketplace	25710584	
3009	evil	25704669	ˈivəl
3010	aware	25700328	əˈwɛr
3011	wilson	25698434	ˈwɪlsən
3012	shape	25675227	ʃeɪp
3013	evolution	25667092	
3014	irish	25658075	ˈaɪrɪʃ
3015	certificates	25635619	sərˈtɪfɪkəts
3016	objectives	25630605	əˈbʤɛktɪvz
3017	stations	25600569	ˈsteɪʃənz
3018	suggested	25574902	
3019	gps	25572809	ˈgipiˈɛs
3021	remains	25560925	
3023	greatest	25547808	ˈgreɪtəst
3024	firms	25497302	fərmz
3025	concerned	25490395	kənˈsərnd
3026	euro	25474573	
3027	operator	25471127	ˈɑpərˌeɪtər
3028	structures	25465091	ˈstrəkʧərz
3029	generic	25464768	ʤəˈnɛrɪk
3030	encyclopedia	25451297	
3031	usage	25440406	
3032	cap	25436218	kæp
3033	ink	25435469	ɪŋk
3034	charts	25433147	ʧɑrts
3035	continuing	25429464	kənˈtɪnjuɪŋ
3036	mixed	25395056	mɪkst
3037	census	25385152	ˈsɛnsəs
3038	interracial	25379892	ˌɪntərˈreɪʃəl
3039	peak	25379630	pik
3041	competitive	25352330	
3042	exist	25349128	ɪgˈzɪst
3043	wheel	25342937	
3044	transit	25331545	ˈtrænzɪt
3045	dick	25327691	dɪk
3046	suppliers	25324458	səˈplaɪərz
3047	salt	25320518	sɔlt
3048	compact	25317344	
3049	poetry	25311298	ˈpoʊətri
3050	lights	25301005	laɪts
3051	tracking	25294352	ˈtrækɪŋ
3052	angel	25294123	ˈeɪnʤəl
3053	bell	25283918	bɛl
3054	keeping	25280309	ˈkipɪŋ
3055	preparation	25268975	ˌprɛpərˈeɪʃən
3056	attempt	25251906	əˈtɛmpt
3057	receiving	25243472	
3058	matches	25196889	
3059	accordance	25194680	əˈkɔrdəns
3060	width	25182453	wɪdθ
3061	noise	25171520	nɔɪz
3062	engines	25166589	ˈɛnʤənz
3063	forget	25162411	
3064	array	25150016	əreɪ
3065	discussed	25146245	dɪˈskəst
3066	accurate	25144477	ˈækjərət
3067	stephen	25139312	ˈstivən
3068	elizabeth	25128258	
3069	climate	25096136	
3070	reservations	25091131	ˌrɛzərˈveɪʃənz
3071	pin	25080458	pɪn
3072	playstation	25073147	ˈpleɪˌsteɪʃən
3073	alcohol	25061615	ˈælkəˌhɑl
3074	greek	25059132	grik
3075	instruction	25055716	ˌɪnˈstrəkʃən
3076	managing	25054421	ˈmænəʤɪŋ
3077	annotation	25046812	ˌænəˈteɪʃən
3078	sister	25039506	ˈsɪstər
3079	raw	25014172	rɑ
3080	differences	25000614	
3081	walking	24986228	ˈwɔkɪŋ
3082	explain	24983915	ɪkˈspleɪn
3083	smaller	24982548	sˈmɔlər
3084	newest	24970551	nuəst
3085	establish	24965292	ɪˈstæblɪʃ
3086	gnu	24956702	nu
3087	happened	24951096	ˈhæpənd
3088	expressed	24944268	ɪkˈsprɛst
3089	jeff	24923108	ʤɛf
3090	extent	24917355	ɪkˈstɛnt
3091	sharp	24904199	ʃɑrp
3092	lesbians	24903277	ˈlɛzbiənz
3093	ben	24884330	bɛn
3094	lane	24880931	leɪn
3095	paragraph	24855495	
3096	kill	24850951	kɪl
3097	mathematics	24809371	ˌmæθəˈmætɪks
3098	aol	24798471	
3099	compensation	24789716	ˌkɑmpənˈseɪʃən
3101	export	24762260	ˈɛkspɔrt
3102	managers	24756816	
3103	aircraft	24745739	ˈɛrˌkræft
3104	modules	24737533	ˈmɑʤulz
3105	sweden	24717337	sˈwidən
3106	conflict	24709103	
3107	conducted	24705091	kənˈdəktəd
3108	versions	24705033	ˈvərʒənz
3109	employer	24681017	
3110	occur	24679212	əˈkər
3111	percentage	24669212	
3112	knows	24640096	noʊz
3113	mississippi	24629063	ˌmɪsɪˈsɪpi
3114	describe	24616555	dɪˈskraɪb
3115	concern	24611878	kənˈsərn
3116	backup	24603738	ˈbæˌkəp
3117	requested	24572908	
3118	citizens	24566687	
3119	connecticut	24561468	kəˈnɛtəkət
3120	heritage	24558644	
3121	personals	24544854	ˈpərsɪnɪlz
3122	immediate	24530419	ˌɪˈmiˌdiət
3123	holding	24523968	ˈhoʊldɪŋ
3124	trouble	24521102	ˈtrəbəl
3125	spread	24520573	sprɛd
3126	coach	24514961	koʊʧ
3127	kevin	24511652	ˈkɛvɪn
3128	agricultural	24509113	ˌægrɪˈkəlʧərəl
3129	expand	24483262	ɪkˈspænd
3130	supporting	24481347	səˈpɔrtɪŋ
3131	audience	24472658	
3132	assigned	24443469	əˈsaɪnd
3133	jordan	24441266	ˈʤɔrdən
3134	collections	24438396	kəˈlɛkʃənz
3135	ages	24435858	ˈeɪʤɪz
3136	participate	24430552	pɑrˈtɪsəˌpeɪt
3137	plug	24429832	pləg
3138	specialist	24419338	ˈspɛʃəlɪst
3139	cook	24412080	kʊk
3140	affect	24406141	əˈfɛkt
3141	virgin	24406134	ˈvərʤɪn
3142	experienced	24404214	ɪkˈspɪriənst
3143	investigation	24399851	ˌɪnˌvɛstəˈgeɪʃən
3144	raised	24397948	reɪzd
3145	hat	24383742	hæt
3146	institution	24373421	ˌɪnstɪˈtuʃən
3147	directed	24347062	
3148	dealers	24342319	ˈdilərz
3149	searching	24320613	ˈsərʧɪŋ
3150	sporting	24320042	ˈspɔrtɪŋ
3151	helping	24319316	ˈhɛlpɪŋ
3152	perl	24308268	pərl
3153	affected	24301370	əˈfɛktɪd
3154	lib	24291030	lɪb
3155	bike	24286396	baɪk
3156	totally	24276857	ˈtoʊtəli
3157	plate	24275560	pleɪt
3158	expenses	24251012	ɪkˈspɛnsɪz
3159	indicate	24232402	ˈɪndəˌkeɪt
3160	blonde	24231993	blɑnd
3162	proceedings	24214333	
3163	favourite	24206461	ˈfeɪvərɪt
3164	transmission	24204527	
3165	anderson	24194712	ˈændərsən
3167	characteristics	24168882	ˌkɛrɪktərˈɪstɪks
3168	der	24152797	dər
3169	lose	24136984	luz
3170	organic	24136036	ɔrˈgænɪk
3171	seek	24135344	sik
3172	experiences	24128488	ɪkˈspɪriənsɪz
3173	albums	24121031	ˈælbəmz
3174	cheats	24106832	ʧits
3175	extremely	24102186	ɪkˈstrimli
3177	contracts	24095623	
3178	guests	24082514	gɛsts
3179	hosted	24074706	ˈhoʊstɪd
3180	diseases	24063325	
3181	concerning	24060603	kənˈsərnɪŋ
3182	developers	24060421	dɪˈvɛləpərz
3183	equivalent	24050668	ɪkˈwɪvələnt
3184	chemistry	24049713	ˈkɛmɪstri
3185	tony	24047635	ˈtoʊni
3186	neighborhood	24047400	ˈneɪbərˌhʊd
3187	nevada	24043648	
3188	kits	24034484	kɪts
3189	thailand	24031935	ˈtaɪˌlænd
3190	variables	24020805	ˈvɛriəbəlz
3191	agenda	24005891	əˈʤɛndə
3192	anyway	24005157	ˈɛniˌweɪ
3193	continues	24003655	kənˈtɪnjuz
3194	tracks	24002303	træks
3195	advisory	24000526	ædˈvaɪzəri
3196	cam	23995601	kæm
3197	curriculum	23992488	kərˈɪkjələm
3198	logic	23989892	ˈlɑʤɪk
3199	template	23980628	
3200	prince	23975036	prɪns
3201	circle	23962760	ˈsərkəl
3202	soil	23949346	sɔɪl
3203	grants	23947774	grænts
3204	anywhere	23947583	
3205	psychology	23936050	saɪˈkɑləʤi
3206	responses	23920387	
3207	atlantic	23920018	əˈtlæntɪk
3208	wet	23918294	wɛt
3209	circumstances	23915696	
3210	edward	23900979	ˈɛdwərd
3211	investor	23891261	ˌɪnˈvɛstər
3212	identification	23879859	aɪˌdɛntəfəˈkeɪʃən
3213	ram	23864106	ræm
3214	leaving	23848479	ˈlivɪŋ
3215	wildlife	23847419	ˈwaɪlˌdlaɪf
3216	appliances	23847029	əˈplaɪənsɪz
3217	matt	23843367	mæt
3218	elementary	23834221	
3219	cooking	23831058	ˈkʊkɪŋ
3220	speaking	23813045	ˈspikɪŋ
3221	sponsors	23800242	ˈspɑnsərz
3222	fox	23795336	fɑks
3223	unlimited	23794930	
3224	respond	23761645	
3225	sizes	23751367	
3226	plain	23747230	pleɪn
3227	exit	23738883	
3228	entered	23727218	
3229	iran	23724874	
3230	arm	23724057	ɑrm
3231	keys	23716024	kiz
3232	launch	23714910	lɔnʧ
3233	wave	23713001	weɪv
3234	checking	23708784	ˈʧɛkɪŋ
3235	costa	23702154	ˈkɔstɑ
3236	belgium	23698217	ˈbɛlʤəm
3237	printable	23688775	ˈprɪntəbəl
3238	holy	23688276	ˈhoʊli
3239	acts	23687645	
3240	guidance	23681851	ˈgaɪdəns
3241	mesh	23650447	mɛʃ
3242	trail	23648838	treɪl
3243	enforcement	23638612	ɛnˈfɔrsmənt
3244	symbol	23631465	ˈsɪmbəl
3245	crafts	23627152	
3246	highway	23623260	ˈhaɪˌweɪ
3247	buddy	23611087	ˈbədi
3248	hardcover	23596258	ˈhɑrdˌkəvər
3249	observed	23595635	əbˈzərvd
3250	dean	23583773	din
3251	setup	23534848	ˈsɛˌtəp
3252	poll	23522790	poʊl
3253	booking	23522206	ˈbʊkɪŋ
3254	glossary	23506998	ˈglɔsəri
3255	fiscal	23506040	ˈfɪskəl
3256	celebrity	23500942	səˈlɛbrɪti
3257	styles	23491617	staɪlz
3258	denver	23464662	ˈdɛnvər
3259	unix	23461474	ˈjunɪks
3260	filled	23448324	fɪld
3261	bond	23448169	bɑnd
3262	channels	23426176	ˈʧænəlz
3263	ericsson	23419855	ˈɛrɪksən
3264	appendix	23395734	əˈpɛndɪks
3265	notify	23388787	ˈnoʊtəˌfaɪ
3266	blues	23387172	bluz
3267	chocolate	23379199	ˈʧɔklət
3268	pub	23372365	pəb
3269	portion	23356612	ˈpɔrʃən
3270	scope	23349420	skoʊp
3271	hampshire	23342329	
3272	supplier	23337437	səˈplaɪər
3273	cables	23311631	ˈkeɪbəlz
3274	cotton	23279423	
3275	bluetooth	23268426	ˈbluˌtuθ
3276	controlled	23265403	kənˈtroʊld
3277	requirement	23258004	rɪkˈwaɪrmənt
3278	authorities	23252750	əˈθɔrətiz
3279	biology	23245252	baɪˈɑləʤi
3280	dental	23240707	ˈdɛntəl
3281	killed	23240536	kɪld
3282	border	23234399	ˈbɔrdər
3283	ancient	23226415	
3284	debate	23211499	dəˈbeɪt
3285	representatives	23187953	
3286	starts	23163739	stɑrts
3287	pregnancy	23152490	ˈprɛgnənsi
3288	causes	23150385	
3289	arkansas	23135882	ˈɑrkənˌsɑ
3290	biography	23134870	baɪˈɑgrəfi
3291	leisure	23133305	
3292	attractions	23129051	əˈtrækʃənz
3293	learned	23121323	
3294	transactions	23104294	trænˈzækʃənz
3295	notebook	23102539	ˈnoʊtˌbʊk
3296	explorer	23095103	ɪkˈsplɔrər
3297	historic	23081656	hɪˈstɔrɪk
3298	attached	23079894	əˈtæʧt
3299	opened	23076347	ˈoʊpənd
3301	husband	23064889	ˈhəzbənd
3302	disabled	23056120	dɪˈseɪbəld
3303	authorized	23045176	ˈɔθərˌaɪzd
3304	crazy	23032837	ˈkreɪzi
3305	upcoming	23031383	ˈəpˌkəmɪŋ
3306	britain	23030983	ˈbrɪtən
3307	concert	23023737	
3308	retirement	23018726	
3309	scores	23018016	skɔrz
3310	financing	23013544	
3311	efficiency	23005937	ɪˈfɪʃənsi
3313	comedy	22993280	ˈkɑmədi
3314	adopted	22972983	əˈdɑptəd
3315	efficient	22963685	ɪˈfɪʃənt
3317	linear	22944812	ˈlɪniər
3318	commitment	22937360	kəˈmɪtmənt
3319	specialty	22932109	
3320	bears	22926868	bɛrz
3321	jean	22925412	ʤin
3322	hop	22924925	hɑp
3323	carrier	22919197	
3324	edited	22917163	
3325	constant	22910883	ˈkɑnstənt
3326	visa	22903835	ˈvizə
3327	mouth	22880351	maʊθ
3328	jewish	22875236	ʤuɪʃ
3329	meter	22874915	ˈmitər
3330	linked	22873620	lɪŋkt
3331	portland	22846763	ˈpɔrtlənd
3332	interviews	22841603	ˈɪntərvˌjuz
3333	concepts	22840348	
3335	gun	22834049	gən
3336	reflect	22829406	
3337	pure	22826920	pjʊr
3338	deliver	22807066	dɪˈlɪvər
3339	wonder	22806353	ˈwəndər
3340	hell	22791884	hɛl
3341	lessons	22779035	ˈlɛsənz
3342	fruit	22767191	frut
3343	begins	22759868	bɪˈgɪnz
3344	qualified	22754976	kˈwɑləˌfaɪd
3345	reform	22751438	
3346	lens	22737367	lɛnz
3347	alerts	22720439	əˈlərts
3348	treated	22718161	
3349	discovery	22709821	
3350	draw	22705371	drɔ
3352	classified	22697689	ˈklæsəˌfaɪd
3353	relating	22696778	
3354	assume	22679395	əˈsum
3355	confidence	22674777	ˈkɑnfədɛns
3356	alliance	22666723	əˈlaɪəns
3358	confirm	22651501	kənˈfərm
3359	warm	22645772	wɔrm
3360	neither	22640226	
3361	lewis	22640158	luɪs
3362	howard	22626828	haʊərd
3363	offline	22617007	ˈɔˌflaɪn
3364	leaves	22612463	livz
3365	engineer	22607580	ˈɛnʤəˈnɪr
3366	lifestyle	22607485	ˈlaɪfˌstaɪl
3367	consistent	22600601	kənˈsɪstənt
3368	replace	22592560	
3369	clearance	22591565	ˈklɪrəns
3370	connections	22575698	kəˈnɛkʃənz
3371	inventory	22559583	ˌɪnvənˈtɔri
3372	converter	22543742	kənˈvərtər
3373	suck	22518606	sək
3374	organisation	22507728	ˌɔrgənɪˈzeɪʃən
3375	babe	22489791	beɪb
3376	checks	22488512	ʧɛks
3377	reached	22485293	riʧt
3378	becoming	22483164	bɪˈkəmɪŋ
3379	blowjob	22479544	ˈbloʊˌʤɑb
3380	safari	22479030	səˈfɑri
3381	objective	22472623	əˈbʤɛktɪv
3382	indicated	22471844	
3383	sugar	22450333	ˈʃʊgər
3384	crew	22443877	kru
3385	legs	22424518	lɛgz
3386	sam	22410798	sæm
3387	stick	22399126	stɪk
3388	securities	22397133	sɪˈkjʊrətiz
3389	allen	22368068	ˈælən
3391	relation	22355933	riˈleɪʃən
3392	enabled	22345126	
3393	genre	22344091	ˈʒɑnrə
3394	slide	22339084	slaɪd
3395	montana	22338359	mɑnˈtænə
3396	volunteer	22336881	ˌvɑlənˈtɪr
3397	tested	22323205	ˈtɛstɪd
3398	rear	22323038	rɪr
3399	democratic	22316965	ˌdɛməˈkrætɪk
3400	enhance	22310420	ɛnˈhæns
3401	switzerland	22307018	sˈwɪtsərlənd
3402	exact	22304937	ɪgˈzækt
3403	bound	22303643	baʊnd
3404	parameter	22300838	pərˈæmətər
3405	adapter	22290799	əˈdæptər
3406	processor	22289617	ˈprɑˌsɛsər
3407	node	22285922	noʊd
3408	formal	22274656	ˈfɔrməl
3409	dimensions	22257949	dɪˈmɛnʃənz
3410	contribute	22255117	kənˈtrɪbjut
3411	lock	22253866	lɑk
3412	hockey	22252453	ˈhɑki
3413	storm	22242164	stɔrm
3414	micro	22219932	ˈmaɪˌkroʊ
3415	colleges	22202424	ˈkɑlɪʤɪz
3416	laptops	22187279	ˈlæpˌtɑps
3417	mile	22178748	maɪl
3418	showed	22170303	ʃoʊd
3419	challenges	22164268	ˈʧælənʤɪz
3420	editors	22144072	ˈɛdɪtərz
3421	mens	22136843	mɛnz
3422	threads	22123285	θrɛdz
3423	bowl	22118861	boʊl
3424	supreme	22106270	
3425	brothers	22101521	ˈbrəðərz
3426	recognition	22092586	
3427	presents	22092519	
3428	ref	22087203	rɛf
3429	tank	22070512	tæŋk
3430	submission	22066279	səbˈmɪʃən
3431	dolls	22065047	dɑlz
3432	estimate	22033576	
3433	encourage	22019763	
3434	navy	22018379	ˈneɪvi
3435	kid	22011943	kɪd
3436	regulatory	22011107	ˈrɛgjələˌtɔri
3437	inspection	21999457	ˌɪnˈspɛkʃən
3438	consumers	21993010	kənˈsumərz
3439	cancel	21985503	ˈkænsəl
3440	limits	21977149	
3441	territory	21963698	ˈtɛrɪˌtɔri
3442	transaction	21962815	trænˈzækʃən
3443	manchester	21943382	ˈmænˌʧɛstər
3444	weapons	21937267	ˈwɛpənz
3445	paint	21926890	peɪnt
3446	delay	21911190	dɪˈleɪ
3447	pilot	21909830	ˈpaɪlət
3448	outlet	21890990	ˈaʊˌtlɛt
3449	contributions	21879064	ˌkɑntrəˈbjuʃənz
3450	continuous	21872964	kənˈtɪnjuəs
3452	czech	21849930	ʧɛk
3453	resulting	21843487	
3454	cambridge	21835781	ˈkeɪmbrɪʤ
3455	initiative	21828838	
3456	novel	21821189	ˈnɑvəl
3457	pan	21810838	pæn
3458	execution	21809656	ˌɛksəˈkjuʃən
3459	disability	21802396	
3460	increases	21799357	
3461	ultra	21795075	ˈəltrə
3462	winner	21794180	ˈwɪnər
3463	idaho	21791957	ˈaɪdəˌhoʊ
3464	contractor	21783415	ˈkɑnˌtræktər
3466	episode	21772999	ˈɛpɪˌsoʊd
3467	examination	21771412	ɪgˌzæməˈneɪʃən
3468	potter	21763070	ˈpɑtər
3469	dish	21755859	dɪʃ
3470	plays	21753930	pleɪz
3471	bulletin	21741926	ˈbʊlɪtən
3474	indicates	21718552	ˈɪndɪˌkeɪts
3475	modify	21716962	ˈmɑdəˌfaɪ
3476	oxford	21694927	ˈɑksfərd
3477	adam	21694386	ˈædəm
3478	truly	21693553	ˈtruli
3480	painting	21673638	
3481	committed	21662572	kəˈmɪtɪd
3482	extensive	21654082	ɪkˈstɛnsɪv
3483	affordable	21650006	əˈfɔrdəbəl
3484	universe	21643935	ˈjunəˌvərs
3485	candidate	21635540	
3486	databases	21617803	
3487	patent	21612969	ˈpætənt
3488	slot	21602762	slɑt
3490	outstanding	21578895	ˌaʊtˈstændɪŋ
3492	eating	21565444	ˈitɪŋ
3493	perspective	21553761	pərˈspɛktɪv
3494	planned	21546767	plænd
3495	watching	21543474	ˈwɑʧɪŋ
3496	lodge	21541130	lɑʤ
3497	messenger	21540177	
3498	mirror	21539161	ˈmɪrər
3499	tournament	21538542	ˈtʊrnəmənt
3500	consideration	21533734	kənˌsɪdərˈeɪʃən
3502	discounts	21528542	
3503	sterling	21518500	ˈstərlɪŋ
3504	sessions	21505885	ˈsɛʃənz
3505	kernel	21477662	ˈkərnəl
3506	boobs	21461250	bubz
3507	stocks	21451319	stɑks
3508	buyers	21450595	baɪərz
3509	journals	21443275	ˈʤərnəlz
3510	gray	21424658	greɪ
3511	catalogue	21424300	ˈkætəˌlɔg
3513	jennifer	21402386	ˈʤɛnəfər
3514	antonio	21388530	ænˈtoʊnioʊ
3515	charged	21377577	ʧɑrʤd
3516	broad	21370126	brɔd
3517	taiwan	21364111	ˈtaɪˈwɑn
3518	und	21348520	ənd
3519	chosen	21345654	ˈʧoʊzən
3520	demo	21344258	ˈdɛmoʊ
3521	greece	21329720	gris
3523	swiss	21324437	swɪs
3524	sarah	21321998	ˈsɛrə
3525	clark	21305891	klɑrk
3526	labour	21288089	ˈleɪbər
3527	hate	21274675	heɪt
3528	terminal	21273172	ˈtərmənəl
3529	publishers	21264743	ˈpəblɪʃərz
3530	nights	21258662	naɪts
3531	behalf	21247820	bɪˈhæf
3532	caribbean	21245213	
3533	liquid	21222253	
3534	rice	21184648	raɪs
3535	nebraska	21172763	nəˈbræskə
3536	loop	21172360	lup
3537	salary	21156261	ˈsæləri
3538	reservation	21150948	ˌrɛzərˈveɪʃən
3539	foods	21150689	fudz
3540	gourmet	21148895	ˈgʊrˌmeɪ
3541	guard	21137924	gɑrd
3542	properly	21137573	ˈprɑpərli
3543	orleans	21126048	
3544	saving	21120835	ˈseɪvɪŋ
3545	nfl	21120518	ˈɛˌnɛˈfɛl
3546	remaining	21111544	
3547	empire	21111416	ˈɛmpaɪər
3548	resume	21107737	
3549	twenty	21104413	tˈwɛnti
3550	newly	21102330	ˈnuli
3551	raise	21099943	reɪz
3552	prepare	21088422	priˈpɛr
3553	avatar	21069571	ˈævəˌtɑr
3554	gary	21068408	
3555	depending	21054967	dɪˈpɛndɪŋ
3556	illegal	21046606	ˌɪˈligəl
3557	expansion	21036273	
3558	vary	21031266	ˈvɛri
3559	hundreds	21028505	
3560	rome	21023186	roʊm
3561	arab	21018675	
3562	lincoln	21010742	ˈlɪŋkən
3563	helped	21000656	hɛlpt
3564	premier	20990322	
3565	tomorrow	20976724	
3566	purchased	20961092	ˈpərʧəst
3567	milk	20955909	mɪlk
3568	decide	20950675	ˌdɪˈsaɪd
3569	consent	20943616	kənˈsɛnt
3570	drama	20939845	ˈdrɑmə
3571	visiting	20913930	ˈvɪzɪtɪŋ
3572	performing	20907433	pərˈfɔrmɪŋ
3573	downtown	20904189	ˈdaʊnˈtaʊn
3574	keyboard	20886053	ˈkiˌbɔrd
3575	contest	20857011	
3576	collected	20848162	kəˈlɛktəd
3578	bands	20842378	bændz
3579	boot	20824944	but
3580	suitable	20824374	ˈsutəbəl
3582	absolutely	20816571	ˌæbsəˈlutli
3583	millions	20807908	ˈmɪljənz
3584	lunch	20807419	lənʧ
3585	dildo	20789655	ˈdɪlˌdoʊ
3586	audit	20786243	ˈɔdɪt
3587	push	20775147	pʊʃ
3588	chamber	20769668	ˈʧeɪmbər
3589	guinea	20757599	ˈgɪni
3590	findings	20757470	ˈfaɪndɪŋz
3591	muscle	20752802	ˈməsəl
3592	featuring	20737262	ˈfiʧərɪŋ
3594	implement	20723680	ˈɪmpləmənt
3595	clicking	20719323	ˈklɪkɪŋ
3596	scheduled	20699522	
3597	polls	20694349	poʊlz
3598	typical	20693008	
3599	tower	20686918	taʊər
3600	yours	20672809	
3601	sum	20672326	səm
3603	calculator	20664690	ˈkælkjəˌleɪtər
3604	significantly	20660846	sɪgˈnɪfɪkəntli
3605	chicken	20655046	ˈʧɪkən
3606	temporary	20652475	ˈtɛmpərˌɛri
3607	attend	20639654	əˈtɛnd
3608	shower	20638340	ʃaʊər
3609	alan	20629981	ˈælən
3610	sending	20622624	ˈsɛndɪŋ
3611	jason	20616747	ˈʤeɪsən
3612	tonight	20612955	
3613	dear	20608432	dɪr
3614	sufficient	20605030	səˈfɪʃənt
3616	shell	20599318	ʃɛl
3617	province	20587924	
3618	catholic	20578959	ˈkæθlɪk
3619	oak	20577693	oʊk
3620	vat	20551018	væt
3621	awareness	20531095	əˈwɛrnəs
3622	vancouver	20501421	vænˈkuvər
3623	governor	20494068	ˈgəvərnər
3624	beer	20486707	bɪr
3625	seemed	20472519	simd
3626	contribution	20468734	ˌkɑntrəˈbjuʃən
3627	measurement	20463095	ˈmɛʒərmənt
3628	swimming	20456063	sˈwɪmɪŋ
3629	spyware	20444838	ˈspaɪˌwɛr
3630	formula	20434177	ˈfɔrmjələ
3631	constitution	20433489	ˌkɑnstəˈtuʃən
3632	packaging	20427866	ˈpækɪʤɪŋ
3633	solar	20423792	ˈsoʊlər
3634	jose	20422802	ˌhoʊˈzeɪ
3635	catch	20400979	kæʧ
3636	jane	20400852	ʤeɪn
3637	pakistan	20374059	ˈpækɪˌstæn
3639	reliable	20351804	
3640	consultation	20345250	ˌkɑnsəlˈteɪʃən
3641	northwest	20337289	ˌnɔrθˈwɛst
3642	sir	20336105	sər
3643	doubt	20311261	daʊt
3644	earn	20305486	ərn
3645	finder	20303313	ˈfaɪndər
3646	unable	20295595	əˈneɪbəl
3647	periods	20292357	ˈpɪriədz
3648	classroom	20274797	ˈklæsˌrum
3649	tasks	20273373	tæsks
3650	democracy	20255935	dɪˈmɑkrəsi
3651	attacks	20251567	əˈtæks
3652	kim	20251249	kɪm
3653	wallpaper	20243780	ˈwɔlˌpeɪpər
3654	merchandise	20241873	ˈmərʧənˌdaɪz
3656	resistance	20233262	
3657	doors	20229491	dɔrz
3658	symptoms	20222172	ˈsɪmptəmz
3659	resorts	20217144	
3660	biggest	20195396	ˈbɪgəst
3661	memorial	20161664	məˈmɔriəl
3662	visitor	20158930	ˈvɪzɪtər
3663	twin	20149771	twɪn
3664	forth	20149609	fɔrθ
3665	insert	20140772	
3666	baltimore	20128328	ˈbɔltəˌmɔr
3667	gateway	20123135	ˈgeɪtˌweɪ
3670	alumni	20070485	əˈləmˌnaɪ
3671	drawing	20067264	drɔɪŋ
3672	candidates	20063868	
3673	charlotte	20061169	ˈʃɑrlət
3674	ordered	20046781	ˈɔrdərd
3675	biological	20043500	ˌbaɪəˈlɑʤɪkəl
3676	fighting	20036994	ˈfaɪtɪŋ
3677	transition	20032306	trænˈzɪʃən
3678	happens	20031363	ˈhæpənz
3679	preferences	20025318	
3680	spy	20024908	spaɪ
3681	romance	20020088	
3682	instrument	20003254	ˈɪnstrəmənt
3683	bruce	19999866	brus
3684	split	19998411	splɪt
3685	themes	19974388	θimz
3686	powers	19973868	paʊərz
3687	heaven	19969634	ˈhɛvən
3689	bits	19947239	bɪts
3690	pregnant	19945624	ˈprɛgnənt
3691	twice	19945569	twaɪs
3692	classification	19930633	ˌklæsəfəˈkeɪʃən
3693	focused	19929357	
3694	egypt	19926686	
3695	physician	19926088	fəˈzɪʃən
3696	hollywood	19919000	ˈhɑliˌwʊd
3697	bargain	19912730	
3698	wikipedia	19912702	ˈwɪkiˌpiˌdiə
3699	cellular	19906433	ˈsɛljələr
3700	norway	19902766	ˈnɔrˌweɪ
3701	vermont	19895227	vərˈmɑnt
3702	asking	19887691	ˈæskɪŋ
3703	blocks	19884255	blɑks
3704	normally	19883839	
3706	spiritual	19850597	ˈspɪrɪˌʧuəl
3707	hunting	19830577	ˈhəntɪŋ
3708	diabetes	19825438	ˌdaɪəˈbitiz
3709	suit	19820586	sut
3711	shift	19811555	ʃɪft
3712	chip	19810772	ʧɪp
3713	res	19797705	reɪz
3714	sit	19797379	sɪt
3715	bodies	19791471	ˈbɑdiz
3716	photographs	19786316	ˈfoʊtəˌgræfs
3717	cutting	19780364	ˈkətɪŋ
3718	wow	19778779	waʊ
3719	simon	19757457	ˈsaɪmən
3720	writers	19752033	ˈraɪtərz
3721	marks	19747824	mɑrks
3722	flexible	19729430	ˈflɛksəbəl
3723	loved	19719299	ləvd
3725	mapping	19709941	ˈmæpɪŋ
3726	numerous	19705123	ˈnumərəs
3727	relatively	19693917	ˈrɛlətɪvli
3728	birds	19693729	bərdz
3729	satisfaction	19684544	
3730	represents	19682589	
3731	char	19673918	ʧɑr
3732	indexed	19672520	ˈɪndɛkst
3733	pittsburgh	19654781	ˈpɪtsbərg
3734	superior	19647999	suˈpɪriər
3735	preferred	19640247	
3736	saved	19635976	seɪvd
3737	paying	19621495	peɪɪŋ
3738	cartoon	19615945	kɑrˈtun
3739	shots	19611119	ʃɑts
3740	intellectual	19591717	
3741	moore	19585613	
3742	granted	19576234	
3743	choices	19552069	
3744	carbon	19551891	ˈkɑrbən
3745	spending	19521910	ˈspɛndɪŋ
3746	comfortable	19520487	ˈkəmfərtəbəl
3747	magnetic	19516958	mægˈnɛtɪk
3748	interaction	19515376	
3749	listening	19511935	
3750	effectively	19507811	
3751	registry	19501434	ˈrɛʤɪstri
3752	crisis	19470970	ˈkraɪsəs
3753	outlook	19458910	ˈaʊˌtlʊk
3754	massive	19454740	ˈmæsɪv
3755	denmark	19454118	ˈdɛnˌmɑrk
3756	employed	19450139	
3757	bright	19446368	braɪt
3758	treat	19442315	trit
3759	header	19439961	ˈhɛdər
3761	poverty	19430836	ˈpɑvərti
3762	formed	19429976	fɔrmd
3763	piano	19419956	
3764	echo	19410462	ˈɛkoʊ
3765	que	19386477	kju
3766	grid	19386406	grɪd
3767	sheets	19384447	ʃits
3768	patrick	19384046	ˈpætrɪk
3769	experimental	19364822	ɪkˌspɛrɪˈmɛntəl
3770	puerto	19353145	
3771	revolution	19349788	ˌrɛvəˈluʃən
3772	consolidation	19338827	kənˌsɑləˈdeɪʃən
3773	displays	19333113	dɪˈspleɪz
3774	plasma	19332271	ˈplæzmə
3775	allowing	19319626	əˈlaʊɪŋ
3776	earnings	19286666	ˈərnɪŋz
3778	mystery	19280044	ˈmɪstəri
3779	landscape	19271452	
3780	dependent	19261238	dɪˈpɛndənt
3781	mechanical	19250300	məˈkænɪkəl
3782	journey	19236081	ˈʤərni
3783	delaware	19226311	ˈdɛləˌwɛr
3784	bidding	19223538	ˈbɪdɪŋ
3785	consultants	19217318	kənˈsəltənts
3786	risks	19205769	rɪsks
3787	banner	19200368	ˈbænər
3788	applicant	19198316	ˈæplɪkənt
3789	charter	19192148	ˈʧɑrtər
3790	fig	19191343	fɪg
3791	barbara	19188215	
3792	cooperation	19182847	
3793	counties	19178768	ˈkaʊntiz
3794	acquisition	19174010	ˌækwəˈzɪʃən
3795	ports	19171802	pɔrts
3796	implemented	19164127	
3798	directories	19152522	
3799	recognized	19142613	ˈrɛkəgˌnaɪzd
3800	dreams	19138612	drimz
3801	blogger	19137148	ˈblɔgər
3802	notification	19120218	ˌnoʊtəfəˈkeɪʃən
3804	licensing	19094731	ˈlaɪsənsɪŋ
3805	stands	19090611	stændz
3806	teach	19079783	tiʧ
3807	occurred	19073806	əˈkərd
3808	textbooks	19071639	ˈtɛkstˌbʊks
3809	rapid	19070672	
3810	pull	19061871	pʊl
3811	hairy	19060619	ˈhɛri
3812	diversity	19048481	
3813	cleveland	19041185	ˈklivlənd
3815	reverse	19032783	
3816	deposit	19026524	
3817	seminar	19021971	ˈsɛməˌnɑr
3818	investments	19015441	
3819	latina	19013623	
3820	nasa	19009670	ˈnæsə
3821	wheels	19006976	
3823	specify	19002536	ˈspɛsəˌfaɪ
3824	accessibility	19002278	ˌæksɛsəˈbɪlɪti
3825	dutch	19000979	dəʧ
3826	sensitive	18984710	
3828	formats	18983382	ˈfɔrˌmæts
3829	tab	18977951	tæb
3830	depends	18969978	dɪˈpɛndz
3831	boots	18968708	buts
3832	holds	18963546	hoʊldz
3833	router	18959289	
3834	concrete	18948140	
3836	editing	18942899	
3837	poland	18942734	ˈpoʊlənd
3838	folder	18941479	ˈfoʊldər
3841	completion	18906369	kəmˈpliʃən
3842	upload	18904189	ˈəˌploʊd
3843	pulse	18893735	pəls
3844	universities	18884161	ˌjunəˈvərsətiz
3845	technique	18830686	tɛkˈnik
3846	contractors	18830680	ˈkɑnˌtræktərz
3848	voting	18802108	ˈvoʊtɪŋ
3849	courts	18791699	kɔrts
3850	notices	18780271	ˈnoʊtɪsɪz
3851	subscriptions	18779200	səbˈskrɪpʃənz
3852	calculate	18767840	ˈkælkjəˌleɪt
3854	detroit	18751733	
3855	alexander	18751215	ˌælɪgˈzændər
3856	broadcast	18743293	ˈbrɔdˌkæst
3857	converted	18738701	kənˈvərtɪd
3858	metro	18738665	ˈmɛˌtroʊ
3859	toshiba	18736700	toʊˈʃibə
3860	anniversary	18734145	ˌænəˈvərsəri
3861	improvements	18727612	ˌɪmˈpruvmənts
3862	strip	18711440	strɪp
3863	specification	18707636	ˌspɛsɪfɪˈkeɪʃən
3864	pearl	18707334	pərl
3865	accident	18699760	ˈæksədənt
3866	nick	18698980	nɪk
3867	accessible	18695403	ækˈsɛsəbəl
3868	accessory	18694578	ækˈsɛsəri
3869	resident	18689929	ˈrɛzɪdənt
3870	plot	18683404	plɑt
3872	possibly	18672516	ˈpɑsəbli
3873	airline	18665709	ˈɛˌrlaɪn
3874	typically	18662924	
3875	representation	18650172	ˌrɛprəzɛnˈteɪʃən
3876	regard	18645277	
3877	pump	18643932	pəmp
3878	exists	18638064	ɪgˈzɪsts
3879	arrangements	18634535	ərˈeɪnʤmənts
3880	smooth	18633567	smuð
3881	conferences	18624807	
3884	strike	18621050	straɪk
3885	consumption	18620599	
3886	birmingham	18611752	ˈbərmɪŋˌhæm
3887	flashing	18595842	ˈflæʃɪŋ
3889	narrow	18584380	
3890	afternoon	18564567	ˌæftərˈnun
3891	threat	18546277	θrɛt
3892	surveys	18525332	
3893	sitting	18524885	ˈsɪtɪŋ
3894	putting	18519708	
3895	consultant	18517590	kənˈsəltənt
3896	controller	18513560	kənˈtroʊlər
3897	ownership	18509572	ˈoʊnərˌʃɪp
3898	committees	18497349	kəˈmɪtiz
3899	penis	18478169	ˈpinɪs
3900	legislative	18476534	ˈlɛʤəsˌleɪtɪv
3901	researchers	18470404	ˈrisərʧərz
3902	vietnam	18468046	viˌɛtˈnɑm
3903	trailer	18462738	ˈtreɪlər
3904	anne	18459430	æn
3905	castle	18456906	ˈkæsəl
3906	gardens	18454805	ˈgɑrdənz
3907	missed	18451052	mɪst
3908	malaysia	18443192	məˈleɪʒə
3909	unsubscribe	18441393	ənsəbˈskraɪb
3910	antique	18430306	ænˈtik
3911	labels	18427423	ˈleɪbəlz
3912	willing	18418634	ˈwɪlɪŋ
3913	bio	18409348	baɪoʊ
3914	molecular	18409158	məˈlɛkjələr
3916	acting	18407646	ˈæktɪŋ
3917	heads	18400524	hɛdz
3918	stored	18391852	stɔrd
3919	exam	18367837	ɪgˈzæm
3920	logos	18366230	ˈloʊˌgoʊz
3921	residence	18363183	ˈrɛzɪdəns
3922	attorneys	18359626	əˈtərniz
3924	antiques	18348484	ænˈtiks
3925	density	18346206	
3926	hundred	18339491	
3927	ryan	18338623	raɪən
3928	operators	18330183	
3929	strange	18322738	streɪnʤ
3930	sustainable	18313216	səˈsteɪnəbəl
3931	philippines	18310463	ˈfɪləˌpinz
3932	statistical	18306995	stəˈtɪstɪkəl
3933	beds	18301294	bɛdz
3934	breasts	18292455	brɛsts
3935	mention	18291476	ˈmɛnʃən
3936	innovation	18281662	
3937	pcs	18280912	ˈpiˈsiz
3938	employers	18278335	
3939	grey	18276942	greɪ
3940	parallel	18272352	ˈpɛrəˌlɛl
3941	honda	18261029	ˈhɔndə
3942	amended	18250351	əˈmɛndɪd
3943	operate	18249982	
3944	bills	18248816	bɪlz
3945	bold	18244416	boʊld
3946	bathroom	18235238	ˈbæθˌrum
3947	stable	18225829	ˈsteɪbəl
3948	opera	18225169	ˈɑprə
3949	definitions	18216711	ˌdɛfəˈnɪʃənz
3950	von	18214911	vɔn
3951	doctors	18212611	ˈdɑktərz
3952	lesson	18181371	ˈlɛsən
3953	cinema	18179389	ˈsɪnəmə
3954	asset	18178753	ˈæˌsɛt
3956	scan	18173060	skæn
3957	elections	18166926	ɪˈlɛkʃənz
3958	drinking	18160233	ˈdrɪŋkɪŋ
3960	reaction	18153532	riˈækʃən
3961	blank	18150537	blæŋk
3962	enhanced	18142340	ɛnˈhænst
3963	entitled	18140595	ɛnˈtaɪtəld
3964	severe	18137877	səˈvɪr
3965	generate	18137492	ˈʤɛnərˌeɪt
3966	stainless	18133474	ˈsteɪnləs
3967	newspapers	18120268	ˈnuzˌpeɪpərz
3968	hospitals	18114421	ˈhɑˌspɪtəlz
3970	deluxe	18085596	dəˈləks
3971	humor	18085495	ˈhjumər
3972	aged	18057587	
3973	monitors	18056760	ˈmɑnətərz
3974	exception	18051815	ɪkˈsɛpʃən
3975	lived	18050710	
3976	duration	18048878	ˈdʊˈreɪʃən
3977	bulk	18029501	bəlk
3978	successfully	18026184	səkˈsɛsfəli
3979	indonesia	18010087	ˌɪndoʊˈniʒə
3980	pursuant	18004879	pərˈsuənt
3981	sci	17997395	
3982	fabric	17992206	ˈfæbrɪk
3984	visits	17988054	ˈvɪzɪts
3985	primarily	17984549	praɪˈmɛrəli
3986	tight	17981854	taɪt
3987	domains	17981289	doʊˈmeɪnz
3988	capabilities	17973932	ˌkeɪpəˈbɪlətiz
3990	contrast	17955786	
3991	recommendation	17950913	ˌrɛkəmənˈdeɪʃən
3992	flying	17948471	flaɪɪŋ
3993	recruitment	17941595	
3994	sin	17939608	sɪn
3995	berlin	17932276	bərˈlɪn
3996	cute	17912721	kjut
3997	organized	17902700	ˈɔrgəˌnaɪzd
3999	para	17864371	ˈpɛrə
4000	siemens	17861664	ˈsimənz
4001	adoption	17860735	əˈdɑpʃən
4002	improving	17855962	ˌɪmˈpruvɪŋ
4004	expensive	17840023	ɪkˈspɛnsɪv
4005	meant	17832930	mɛnt
4006	capture	17822857	ˈkæpʧər
4007	pounds	17822372	
4008	buffalo	17808542	ˈbəfəˌloʊ
4009	organisations	17802139	ˌɔrgənɪˈzeɪʃənz
4010	plane	17799728	pleɪn
4012	explained	17793559	ɪkˈspleɪnd
4013	seed	17788166	sid
4015	desire	17783181	dɪˈzaɪər
4016	expertise	17781054	ˌɛkspərˈtiz
4017	mechanism	17771611	ˈmɛkəˌnɪzəm
4018	camping	17770402	ˈkæmpɪŋ
4021	meets	17760399	mits
4022	welfare	17755487	ˈwɛlˌfɛr
4023	peer	17754444	pɪr
4024	caught	17749748	
4025	eventually	17731742	
4026	marked	17723745	mɑrkt
4027	driven	17723706	ˈdrɪvən
4028	measured	17721173	ˈmɛʒərd
4030	bottle	17716382	ˈbɑtəl
4031	agreements	17708817	əˈgrimənts
4032	considering	17699280	kənˈsɪdərɪŋ
4033	innovative	17689336	
4034	marshall	17684438	ˈmɑrʃəl
4035	massage	17684309	məˈsɑʒ
4036	rubber	17684157	ˈrəbər
4037	conclusion	17670602	kənˈkluʒən
4038	closing	17657510	ˈkloʊzɪŋ
4039	tampa	17654589	ˈtæmpə
4040	thousand	17654340	
4041	meat	17652296	mit
4042	legend	17650063	ˈlɛʤənd
4043	grace	17642126	greɪs
4044	susan	17638870	ˈsuzən
4045	ing	17637606	ɪŋ
4047	adams	17620255	ˈædəmz
4048	python	17610578	ˈpaɪθɑn
4049	monster	17605148	ˈmɑnstər
4050	alex	17604510	ˈæləks
4051	bang	17596497	bæŋ
4052	villa	17587586	ˈvɪlə
4053	bone	17581312	boʊn
4054	columns	17578802	ˈkɑləmz
4055	disorders	17576543	dɪˈsɔrdərz
4056	bugs	17572986	bəgz
4057	collaboration	17567373	kəˌlæbərˈeɪʃən
4058	hamilton	17563405	ˈhæməltən
4059	detection	17559678	dɪˈtɛkʃən
4061	cookies	17553631	ˈkʊkiz
4062	inner	17552078	ˈɪnər
4063	formation	17548170	fɔrˈmeɪʃən
4064	tutorial	17531144	tuˈtɔriəl
4065	med	17531004	mɛd
4066	engineers	17524896	ˈɛnʤəˈnɪrz
4067	entity	17518021	
4068	cruises	17517416	ˈkruzɪz
4069	gate	17501142	geɪt
4070	holder	17489966	ˈhoʊldər
4071	proposals	17489014	prəˈpoʊzəlz
4072	moderator	17488245	ˈmɑdərˌeɪtər
4074	tutorials	17479295	tuˈtɔriəlz
4075	settlement	17476171	ˈsɛtəlmənt
4076	portugal	17468888	ˈpɔrʧəgəl
4077	lawrence	17458216	ˈlɔrəns
4078	roman	17431193	ˈroʊmən
4079	duties	17430678	ˈdutiz
4080	valuable	17430646	
4081	erotic	17422865	ɪˈrɑtɪk
4082	tone	17397122	toʊn
4084	ethics	17382309	ˈɛθɪks
4085	forever	17381863	fərˈɛvər
4086	dragon	17377430	ˈdrægən
4087	busy	17376500	ˈbɪzi
4088	captain	17372103	ˈkæptən
4089	fantastic	17371421	fænˈtæstɪk
4090	imagine	17364670	ˌɪˈmæʤən
4091	brings	17364336	brɪŋz
4092	heating	17363382	ˈhitɪŋ
4093	leg	17356748	lɛg
4094	neck	17354931	nɛk
4096	wing	17347644	wɪŋ
4097	governments	17347302	ˈgəvərnmənts
4098	purchasing	17338242	ˈpərʧəsɪŋ
4099	scripts	17336418	
4100	abc	17320550	ˈeɪˌbiˌsi
4101	stereo	17319174	ˈstɛriˌoʊ
4102	appointed	17314729	
4103	taste	17311343	teɪst
4104	dealing	17303748	ˈdilɪŋ
4105	commit	17298630	kəˈmɪt
4106	tiny	17298541	ˈtaɪni
4107	operational	17293992	ˌɑpərˈeɪʃənəl
4108	rail	17293553	reɪl
4109	airlines	17293401	ˈɛˌrlaɪnz
4110	liberal	17293223	ˈlɪˌbərəl
4112	jay	17285391	ʤeɪ
4113	trips	17273017	trɪps
4114	gap	17269901	gæp
4115	sides	17269191	saɪdz
4116	tube	17268711	
4117	turns	17261850	tərnz
4118	corresponding	17260560	ˌkɔrəˈspɑndɪŋ
4119	descriptions	17257437	dɪˈskrɪpʃənz
4120	cache	17250923	
4121	belt	17247395	bɛlt
4122	jacket	17246004	
4123	determination	17237730	dɪˌtərməˈneɪʃən
4124	animation	17219873	ˌænəˈmeɪʃən
4125	oracle	17214156	ˈɔrəkəl
4127	matthew	17191978	ˈmæθju
4128	lease	17180592	lis
4129	productions	17176271	
4130	aviation	17175256	ˌeɪviˈeɪʃən
4131	hobbies	17174265	ˈhɑbiz
4132	proud	17167504	praʊd
4133	excess	17149887	
4134	disaster	17140948	dɪˈzæstər
4135	console	17121643	
4136	commands	17119887	kəˈmændz
4138	telecommunications	17107864	ˌtɛləkəmˌjunəˈkeɪʃənz
4139	instructor	17098932	ˌɪnˈstrəktər
4140	giant	17098874	ʤaɪənt
4141	achieved	17086330	əˈʧivd
4142	injuries	17080287	ˈɪnʤəriz
4143	shipped	17079988	ʃɪpt
4144	bestiality	17071825	bɛsˈʧælɪti
4145	seats	17070818	sits
4146	approaches	17069146	əˈproʊʧɪz
4147	biz	17067959	bɪz
4148	alarm	17059844	əˈlɑrm
4149	voltage	17055596	
4150	anthony	17055578	ˈænθɔˌni
4151	nintendo	17052377	nɪnˈtɛndoʊ
4152	usual	17044981	
4153	loading	17040941	ˈloʊdɪŋ
4154	stamps	17036451	stæmps
4155	appeared	17034917	əˈpɪrd
4156	franklin	17034376	ˈfræŋklɪn
4157	angle	17016075	ˈæŋgəl
4158	rob	17016018	rɑb
4159	vinyl	17009819	ˈvaɪnəl
4160	highlights	17000297	ˈhaɪˌlaɪts
4161	mining	16995862	ˈmaɪnɪŋ
4162	designers	16990742	dɪˈzaɪnərz
4163	melbourne	16989252	
4164	ongoing	16983414	
4165	worst	16975343	wərst
4166	imaging	16960525	ˈɪmɪʤɪŋ
4167	betting	16959164	ˈbɛtɪŋ
4168	scientists	16955155	
4169	liberty	16946409	ˈlɪbərˌti
4170	wyoming	16943168	ˌwaɪˈoʊmɪŋ
4171	blackjack	16938386	ˈblæˌkʤæk
4172	argentina	16936066	ˌɑrʤənˈtinə
4173	era	16930615	
4174	convert	16927032	
4175	possibility	16926005	ˌpɑsəˈbɪləˌti
4176	analyst	16918240	ˈænəlɪst
4177	commissioner	16917046	kəˈmɪʃənər
4178	dangerous	16909821	ˈdeɪnʤərəs
4179	garage	16906398	gərɑʒ
4180	exciting	16900145	ɪkˈsaɪtɪŋ
4181	reliability	16899024	riˌlaɪəˈbɪləti
4184	unfortunately	16863887	
4185	respectively	16844502	rɪˈspɛktɪvli
4186	volunteers	16839779	ˌvɑlənˈtɪrz
4187	attachment	16827338	əˈtæʧmənt
4189	finland	16811299	
4190	morgan	16806411	ˈmɔrgən
4191	derived	16804532	dəraɪvd
4192	pleasure	16798232	ˈplɛʒər
4193	honor	16787246	ˈɑnər
4194	asp	16785885	æsp
4195	oriented	16785804	
4196	eagle	16785232	ˈigəl
4197	desktops	16782911	ˈdɛskˌtɑps
4198	pants	16774383	pænts
4199	columbus	16772509	kəˈləmbəs
4200	nurse	16772151	nərs
4201	prayer	16762869	
4202	appointment	16761764	əˈpɔɪntmənt
4203	workshops	16759938	ˈwərkˌʃɑps
4204	hurricane	16757015	
4205	quiet	16746894	kwaɪət
4206	luck	16734573	lək
4207	postage	16732135	
4208	producer	16730305	prəˈdusər
4209	represented	16721698	
4210	mortgages	16715270	
4211	dial	16714262	
4212	responsibilities	16707292	riˌspɑnsəˈbɪlətiz
4213	cheese	16704436	ʧiz
4214	comic	16695850	ˈkɑmɪk
4215	carefully	16675728	ˈkɛrfəli
4216	jet	16673750	ʤɛt
4217	productivity	16669964	
4218	investors	16666503	ˌɪnˈvɛstərz
4219	crown	16651038	kraʊn
4220	par	16646884	pɑr
4221	underground	16642137	ˈəndərˌgraʊnd
4222	diagnosis	16638749	ˌdaɪəgˈnoʊsəs
4223	maker	16635947	ˈmeɪkər
4224	crack	16633701	kræk
4225	principle	16633530	ˈprɪnsəpəl
4226	picks	16627992	pɪks
4227	vacations	16623634	veɪˈkeɪʃənz
4228	gang	16615190	gæŋ
4229	semester	16610313	səˈmɛstər
4230	calculated	16609500	
4232	fetish	16596412	ˈfɛtɪʃ
4233	applies	16585215	əˈplaɪz
4234	casinos	16580634	kəˈsinoʊz
4235	appearance	16574606	əˈpɪrəns
4236	smoke	16567733	smoʊk
4237	apache	16553370	əˈpæʧi
4238	filters	16541561	ˈfɪltərz
4239	incorporated	16533500	ˌɪnˈkɔrpərˌeɪtɪd
4241	craft	16528294	kræft
4242	cake	16526639	keɪk
4243	notebooks	16520640	ˈnoʊtˌbʊks
4244	apart	16507181	əˈpɑrt
4245	fellow	16497466	ˈfɛloʊ
4246	blind	16485480	blaɪnd
4247	lounge	16473584	laʊnʤ
4248	mad	16468434	mæd
4249	algorithm	16455284	ˈælgərˌɪðəm
4250	semi	16450653	
4251	coins	16449733	kɔɪnz
4252	andy	16447205	ˈændi
4253	gross	16440590	groʊs
4254	strongly	16433047	ˈstrɔŋli
4255	cafe	16432897	
4256	valentine	16424029	ˈvælənˌtaɪn
4257	hilton	16418219	ˈhɪltən
4258	ken	16418119	kɛn
4259	proteins	16404833	ˈproʊˌtinz
4260	horror	16402727	ˈhɔrər
4263	familiar	16390724	fəˈmɪljər
4264	capable	16380415	ˈkeɪpəbəl
4265	douglas	16379501	ˈdəgləs
4267	till	16376756	tɪl
4268	involving	16376298	ˌɪnˈvɑlvɪŋ
4269	pen	16371249	pɛn
4270	investing	16370898	ˌɪnˈvɛstɪŋ
4271	christopher	16359030	ˈkrɪstəfər
4272	admission	16356727	
4273	epson	16344475	ˈɛpsən
4274	shoe	16342426	ʃu
4275	elected	16330663	
4276	carrying	16328349	
4277	victory	16328207	ˈvɪktəri
4278	sand	16327687	sænd
4279	madison	16320930	
4280	terrorism	16319906	ˈtɛrəˌrɪzəm
4281	joy	16317856	ʤɔɪ
4282	editions	16310699	ɪˈdɪʃənz
4284	mainly	16297110	ˈmeɪnli
4285	ethnic	16295682	ˈɛθnɪk
4286	ran	16291429	ræn
4287	parliament	16290285	ˈpɑrləmɛnt
4288	actor	16282891	ˈæktər
4289	finds	16280898	faɪndz
4290	seal	16274039	sil
4291	situations	16270907	ˌsɪʧuˈeɪʃənz
4292	fifth	16255266	
4293	allocated	16246437	ˈæləˌkeɪtɪd
4294	citizen	16245917	
4295	vertical	16229818	ˈvərtɪkəl
4296	corrections	16226542	kərˈɛkʃənz
4297	structural	16226259	ˈstrəkʧərəl
4298	municipal	16208818	mjuˈnɪsəpəl
4299	describes	16206006	dɪˈskraɪbz
4300	prize	16204739	praɪz
4302	occurs	16200452	əˈkərz
4303	jon	16198666	ʤɑn
4304	absolute	16198563	ˈæbsəˌlut
4305	disabilities	16198516	
4306	consists	16197547	kənˈsɪsts
4307	anytime	16192486	ˈɛniˌtaɪm
4308	substance	16186870	ˈsəbstəns
4309	prohibited	16185593	proʊˈhɪbətəd
4310	addressed	16180738	əˈdrɛst
4311	lies	16180314	laɪz
4312	pipe	16178319	paɪp
4313	soldiers	16175690	ˈsoʊlʤərz
4315	guardian	16167871	ˈgɑrdiən
4316	lecture	16166157	ˈlɛkʧər
4317	simulation	16164825	ˌsɪmjəˈleɪʃən
4318	layout	16159559	leɪaʊt
4319	initiatives	16147630	
4320	ill	16143967	ɪl
4321	concentration	16134918	ˌkɑnsənˈtreɪʃən
4322	classics	16132917	ˈklæsɪks
4323	lbs	16128161	paʊndz
4324	lay	16122690	leɪ
4325	interpretation	16105115	ˌɪnˌtərprɪˈteɪʃən
4326	horses	16104943	
4327	lol	16103269	lɔl
4328	dirty	16101662	ˈdərti
4329	deck	16091024	dɛk
4330	wayne	16090093	weɪn
4331	donate	16088860	ˈdoʊˌneɪt
4332	taught	16082512	tɔt
4333	bankruptcy	16075117	
4335	worker	16072941	ˈwərkər
4336	optimization	16067890	ɑptɪmɪˈzeɪʃən
4337	alive	16064787	əˈlaɪv
4338	temple	16052337	ˈtɛmpəl
4339	substances	16048111	
4340	prove	16046788	pruv
4341	discovered	16046554	dɪˈskəvərd
4342	wings	16044458	wɪŋz
4343	breaks	16043012	breɪks
4344	genetic	16036749	ʤəˈnɛtɪk
4345	restrictions	16033947	riˈstrɪkʃənz
4346	participating	16019942	pɑrˈtɪsəˌpeɪtɪŋ
4347	waters	16019652	ˈwɔtərz
4348	promise	16019259	ˈprɑməs
4349	thin	16007743	θɪn
4350	exhibition	16007404	ˌɛksəˈbɪʃən
4351	prefer	16005656	
4352	ridge	15993437	rɪʤ
4353	cabinet	15989585	
4354	modem	15984492	ˈmoʊdəm
4355	harris	15977621	ˈhɛrɪs
4356	mph	15975134	
4357	bringing	15970507	ˈbrɪŋɪŋ
4358	sick	15965297	sɪk
4359	dose	15959187	doʊs
4360	evaluate	15957355	
4361	tiffany	15947875	ˈtɪfəni
4362	tropical	15944693	ˈtrɑpɪkəl
4363	collect	15943314	kəˈlɛkt
4364	bet	15943118	bɛt
4365	composition	15940860	ˌkɑmpəˈzɪʃən
4366	toyota	15937777	toʊˈjoʊtə
4367	streets	15936448	strits
4368	nationwide	15932624	ˈneɪʃənˈwaɪd
4369	vector	15924418	ˈvɛktər
4370	definitely	15922257	ˈdɛfənətli
4371	shaved	15913301	ʃeɪvd
4372	turning	15907811	ˈtərnɪŋ
4373	buffer	15904074	ˈbəfər
4374	purple	15903838	ˈpərpəl
4375	existence	15903650	
4376	commentary	15903623	ˈkɑmənˌtɛri
4377	larry	15900632	ˈlɛri
4378	limousines	15896017	ˈlɪməˌzinz
4379	developments	15890766	dɪˈvɛləpmənts
4381	immigration	15879176	ˌɪməˈgreɪʃən
4382	destinations	15877446	ˌdɛstəˈneɪʃənz
4383	lets	15876825	lɛts
4384	mutual	15870882	mˈjuʧuəl
4385	pipeline	15869328	ˈpaɪˌplaɪn
4386	necessarily	15867816	ˌnɛsəˈsɛrəli
4387	syntax	15843797	ˈsɪnˌtæks
4389	attribute	15839012	əˈtrɪˌbjut
4390	prison	15837188	ˈprɪzən
4391	skill	15835076	skɪl
4392	chairs	15833070	ʧɛrz
4394	everyday	15820001	ˈɛvriˈdeɪ
4395	apparently	15815805	əˈpɛrəntli
4396	surrounding	15800079	sərˈaʊndɪŋ
4397	mountains	15790868	ˈmaʊntənz
4398	moves	15789001	muvz
4399	popularity	15785972	ˌpɑpjəˈlɛrəti
4400	inquiry	15783409	
4401	ethernet	15783362	ˈiθərˌnɛt
4402	checked	15762226	ʧɛkt
4403	exhibit	15756535	ɪgˈzɪbɪt
4404	throw	15751985	θroʊ
4405	trend	15747018	trɛnd
4406	sierra	15742544	siˈɛrə
4407	visible	15741542	ˈvɪzəbəl
4408	cats	15735084	kæts
4409	desert	15732752	
4412	oldest	15717579	ˈoʊldəst
4413	rhode	15717565	roʊd
4414	nba	15714432	ˈɛnˌbiˈeɪ
4415	busty	15705827	ˈbəsti
4416	coordinator	15702834	koʊˈɔrdəˌneɪtər
4417	obviously	15702193	ˈɑbviəsli
4418	mercury	15697468	ˈmərkjəri
4419	steven	15696875	ˈstivən
4420	handbook	15687517	ˈhændˌbʊk
4421	greg	15681408	grɛg
4422	navigate	15678579	ˈnævəˌgeɪt
4423	worse	15677739	wərs
4424	summit	15676832	
4425	victims	15672487	ˈvɪktɪmz
4427	spaces	15660073	
4428	fundamental	15644603	
4429	burning	15637551	ˈbərnɪŋ
4430	escape	15631531	ɪˈskeɪp
4431	coupons	15627914	
4432	somewhat	15620893	
4433	receiver	15617699	
4434	substantial	15617578	səbˈstænʃəl
4436	progressive	15612754	prəˈgrɛsɪv
4439	boats	15600762	boʊts
4440	glance	15569554	glæns
4441	scottish	15566389	ˈskɑtɪʃ
4442	championship	15559558	ˈʧæmpiənˌʃɪp
4443	arcade	15549676	ɑrˈkeɪd
4444	richmond	15546998	ˈrɪʧmənd
4445	sacramento	15546396	ˌsækrəˈmɛntoʊ
4446	impossible	15545255	ˌɪmˈpɑsəbəl
4447	ron	15544519	rɑn
4448	russell	15535983	ˈrəsəl
4449	tells	15534490	tɛlz
4450	obvious	15533662	ˈɑbviəs
4451	fiber	15530318	ˈfaɪbər
4452	depression	15527836	dɪˈprɛʃən
4453	graph	15526746	græf
4454	covering	15524533	
4455	platinum	15499095	
4456	judgment	15494434	ˈʤəʤmənt
4457	bedrooms	15492873	ˈbɛˌdrumz
4458	talks	15484166	tɔks
4459	filing	15480156	ˈfaɪlɪŋ
4460	foster	15478056	ˈfɑstər
4461	modeling	15474514	
4462	passing	15467267	ˈpæsɪŋ
4463	awarded	15460775	əˈwɔrdɪd
4464	testimonials	15457627	ˌtɛstɪˈmoʊniəlz
4465	trials	15454182	
4466	tissue	15448105	
4468	memorabilia	15439034	ˌmɛmərəˈbiljə
4469	clinton	15436647	ˈklɪntən
4470	masters	15434147	ˈmæstərz
4471	bonds	15431252	bɑndz
4472	cartridge	15408708	
4473	alberta	15407660	ælˈbərtə
4474	explanation	15397428	ˌɛkspləˈneɪʃən
4475	folk	15396094	foʊk
4476	org	15392460	ɔrg
4477	commons	15387811	ˈkɑmənz
4478	cincinnati	15387448	ˌsɪnsəˈnæti
4479	subsection	15382965	ˈsəbsɛkʃən
4480	fraud	15378751	frɔd
4481	electricity	15377549	ɪˌlɛkˈtrɪsəti
4482	permitted	15372818	
4483	spectrum	15371128	ˈspɛktrəm
4484	arrival	15370734	ərˈaɪvəl
4485	okay	15368116	ˌoʊˈkeɪ
4486	pottery	15362084	ˈpɑtəri
4487	emphasis	15360894	ˈɛmfəsɪs
4488	roger	15353411	ˈrɑʤər
4489	aspect	15351221	ˈæˌspɛkt
4490	workplace	15350829	ˈwərkˌpleɪs
4491	awesome	15350104	ˈɔsəm
4492	mexican	15347885	ˈmɛksəkən
4493	confirmed	15335457	kənˈfərmd
4494	counts	15329536	kaʊnts
4495	priced	15326748	praɪst
4496	wallpapers	15310025	ˈwɔlˌpeɪpərz
4498	crash	15302627	kræʃ
4499	lift	15291571	lɪft
4500	desired	15283698	dɪˈzaɪərd
4501	inter	15269346	ˌɪnˈtər
4502	closer	15247535	
4503	assumes	15233889	əˈsumz
4504	heights	15226748	haɪts
4505	shadow	15221952	ˈʃæˌdoʊ
4506	riding	15211063	ˈraɪdɪŋ
4507	infection	15208640	ˌɪnˈfɛkʃən
4509	lisa	15203868	ˈlisə
4510	expense	15193823	ɪkˈspɛns
4511	grove	15189493	groʊv
4512	eligibility	15188396	ˌɛlɪʤəˈbɪlɪti
4513	venture	15188265	ˈvɛnʧər
4514	clinic	15187443	ˈklɪnɪk
4515	korean	15184402	ˌkɔˈriən
4516	healing	15173541	ˈhilɪŋ
4517	princess	15173384	ˈprɪnsɛs
4518	mall	15173142	mɔl
4519	entering	15167200	
4520	packet	15160863	
4521	spray	15148133	spreɪ
4522	studios	15144063	ˈstudiˌoʊz
4523	involvement	15140824	ˌɪnˈvɑlvmənt
4524	dad	15136055	dæd
4525	buttons	15130468	ˈbətənz
4526	placement	15123965	ˈpleɪsmənt
4527	observations	15118474	ˌɑbzərˈveɪʃənz
4529	funded	15102739	
4530	thompson	15101054	
4531	winners	15099775	ˈwɪnərz
4532	extend	15096022	ɪkˈstɛnd
4533	roads	15093621	roʊdz
4534	subsequent	15092940	ˈsəbsəkwənt
4535	pat	15087654	pæt
4536	dublin	15086138	ˈdəblɪn
4537	rolling	15086116	ˈroʊlɪŋ
4538	fell	15084108	fɛl
4539	motorcycle	15081508	ˈmoʊtərˌsaɪkəl
4540	yard	15075593	jɑrd
4541	disclosure	15072865	dɪˈskloʊʒər
4542	establishment	15070667	ɪˈstæblɪʃmənt
4543	memories	15062682	ˈmɛməriz
4544	nelson	15060628	ˈnɛlsən
4546	arrived	15056872	əraɪvd
4547	creates	15051571	kriˈeɪts
4548	faces	15050854	
4549	tourist	15046652	
4550	cocks	15043799	kɑks
4552	mayor	15030847	meɪər
4553	murder	15030656	ˈmərdər
4554	sean	15027031	ʃɔn
4555	adequate	15023940	
4556	senator	15023107	ˈsɛnətər
4557	yield	15022494	jild
4558	presentations	15018777	ˌprɛzənˈteɪʃənz
4559	grades	15013830	greɪdz
4560	cartoons	15005504	kɑrˈtunz
4561	pour	15002685	pɔr
4562	digest	14996313	
4563	reg	14995986	rɛg
4564	lodging	14995901	ˈlɑʤɪŋ
4566	dust	14993121	dəst
4567	hence	14992334	hɛns
4568	wiki	14991485	ˈwɪˌki
4569	entirely	14990474	ɪnˈtaɪərli
4570	replaced	14987637	ˌriˈpleɪst
4571	radar	14982375	ˈreɪˌdɑr
4572	rescue	14978200	ˈrɛskju
4573	undergraduate	14975214	ˌəndərˈgræʤəwət
4574	losses	14973062	
4575	combat	14971773	
4576	reducing	14963215	rɪˈdusɪŋ
4577	stopped	14956865	stɑpt
4578	occupation	14955527	ˌɑkjəˈpeɪʃən
4579	lakes	14947463	leɪks
4580	butt	14942973	bət
4581	donations	14935399	doʊˈneɪʃənz
4582	associations	14933216	
4584	closely	14927179	ˈkloʊsli
4585	radiation	14922980	ˌreɪdiˈeɪʃən
4586	diary	14922472	
4587	seriously	14915797	ˈsɪriəsli
4588	kings	14914273	kɪŋz
4589	shooting	14891626	ˈʃutɪŋ
4590	kent	14887797	kɛnt
4591	adds	14883328	ædz
4593	ear	14872850	
4594	flags	14870655	flægz
4596	baker	14862470	ˈbeɪkər
4597	launched	14862050	lɔnʧt
4598	elsewhere	14853167	ˈɛlsˌwɛr
4599	pollution	14853076	pəˈluʃən
4600	conservative	14852075	kənˈsərvətɪv
4602	shock	14850388	ʃɑk
4603	effectiveness	14838707	
4604	walls	14837851	wɔlz
4605	abroad	14837382	əˈbrɔd
4606	ebony	14831025	ˈɛbəni
4607	tie	14830885	taɪ
4608	ward	14828169	wɔrd
4609	drawn	14827380	drɔn
4610	arthur	14825384	ˈɑrθər
4611	ian	14812893	ˈiən
4612	visited	14810983	ˈvɪzɪtɪd
4613	roof	14809282	
4614	walker	14808511	ˈwɔkər
4615	demonstrate	14807121	ˈdɛmənˌstreɪt
4616	atmosphere	14803304	ˈætməsˌfɪr
4617	suggests	14802625	səˈʤɛsts
4618	kiss	14790481	kɪs
4619	beast	14787561	bist
4621	operated	14782108	ˈɑpərˌeɪtəd
4622	experiment	14781439	ɪkˈspɛrəmənt
4623	targets	14774632	ˈtɑrgəts
4624	overseas	14773122	ˈoʊvərˈsiz
4625	purchases	14768992	
4626	dodge	14768509	dɑʤ
4627	counsel	14767437	ˈkaʊnsəl
4628	federation	14764881	ˌfɛdərˈeɪʃən
4629	pizza	14763787	ˈpitsə
4630	invited	14757576	
4631	yards	14733347	jɑrdz
4632	assignment	14722710	əˈsaɪnmənt
4633	chemicals	14709395	ˈkɛmɪkəlz
4634	gordon	14699060	ˈgɔrdən
4635	mod	14698596	mɔd
4636	farmers	14696457	ˈfɑrmərz
4638	queries	14692020	kˈwɪriz
4639	bmw	14690982	ˈbiˌɛmˈdəbəlju
4640	rush	14684452	rəʃ
4641	ukraine	14682465	juˈkreɪn
4642	absence	14681896	ˈæbsəns
4643	nearest	14677826	ˈnɪrəst
4644	cluster	14673133	ˈkləstər
4645	vendors	14669722	ˈvɛndərz
4646	mpeg	14665516	ˈɛmˌpɛg
4647	whereas	14663372	
4648	yoga	14660956	ˈjoʊgə
4649	serves	14656807	sərvz
4650	woods	14647735	wʊdz
4651	surprise	14644385	
4652	lamp	14643268	læmp
4653	rico	14643252	ˈrikoʊ
4654	partial	14642158	ˈpɑrʃəl
4655	shoppers	14642145	ˈʃɑpərz
4656	phil	14637522	fɪl
4657	everybody	14634773	ˈɛvriˌbɑdi
4658	couples	14630622	ˈkəpəlz
4659	nashville	14630550	ˈnæʃvɪl
4660	ranking	14624061	ˈræŋkɪŋ
4661	jokes	14622894	ʤoʊks
4664	ceo	14610097	ˈsiˌiˈoʊ
4665	simpson	14608954	ˈsɪmpsən
4667	sublime	14597663	səˈblaɪm
4668	counseling	14592664	ˈkaʊnsəlɪŋ
4669	palace	14592259	ˈpæləs
4670	acceptable	14590887	
4671	satisfied	14589394	
4672	glad	14585030	glæd
4673	wins	14584511	wɪnz
4674	measurements	14571657	ˈmɛʒərmənts
4675	verify	14563766	ˈvɛrəˌfaɪ
4676	globe	14554904	gloʊb
4677	trusted	14554254	ˈtrəstɪd
4678	copper	14543941	ˈkɑpər
4679	milwaukee	14539988	mɪlˈwɔki
4680	rack	14533607	ræk
4681	medication	14530555	ˌmɛdəˈkeɪʃən
4682	warehouse	14530204	ˈwɛˌrhaʊs
4683	shareware	14526022	ˈʃɛrˌwɛr
4685	rep	14515807	
4686	dicke	14514973	dɪk
4687	kerry	14514771	ˈkɛri
4688	receipt	14513169	
4689	supposed	14497557	səˈpoʊzd
4690	ordinary	14494084	ˈɔrdəˌnɛri
4691	nobody	14490265	
4692	ghost	14490042	goʊst
4693	violation	14467817	vaɪəˈleɪʃən
4694	configure	14461355	kənˈfɪgjər
4695	stability	14458903	stəˈbɪlɪti
4696	mit	14453361	
4697	applying	14440499	əˈplaɪɪŋ
4698	southwest	14437691	ˌsaʊθˈwɛst
4699	boss	14436477	
4700	pride	14428078	praɪd
4701	institutional	14424194	ˌɪnstɪˈtuʃənəl
4702	expectations	14423121	ˌɛkspɛkˈteɪʃənz
4703	independence	14412277	ˌɪndɪˈpɛndəns
4704	knowing	14410719	noʊɪŋ
4705	reporter	14400125	rɪˈpɔrtər
4706	metabolism	14391891	məˈtæbəˌlɪzəm
4707	keith	14391094	kiθ
4708	champion	14388928	ˈʧæmpiən
4709	cloudy	14383882	ˈklaʊdi
4710	linda	14380554	ˈlɪndə
4711	ross	14375120	
4712	personally	14373028	ˈpərsənəli
4713	chile	14372798	ˈʧɪli
4714	anna	14372193	ˈænə
4715	plenty	14364719	
4716	solo	14360216	ˈsoʊˌloʊ
4717	sentence	14359872	ˈsɛntəns
4718	throat	14353822	θroʊt
4719	ignore	14353555	ˌɪgˈnɔr
4720	maria	14347893	mərˈiə
4721	uniform	14345220	ˈjunəˌfɔrm
4722	excellence	14332723	ˈɛksələns
4723	wealth	14325239	wɛlθ
4724	tall	14323697	tɔl
4726	somewhere	14317877	ˈsəmˌwɛr
4727	vacuum	14316397	ˈvækjum
4728	dancing	14310606	ˈdænsɪŋ
4729	attributes	14300116	əˈtrɪˌbjuts
4730	recognize	14300000	ˈrɛkəgˌnaɪz
4731	brass	14298573	bræs
4732	writes	14276954	raɪts
4733	plaza	14274314	
4735	outcomes	14265483	ˈaʊtˌkəmz
4736	survival	14259073	sərˈvaɪvəl
4737	quest	14258533	kwɛst
4738	publish	14255645	ˈpəblɪʃ
4739	sri	14252518	
4740	screening	14248830	ˈskrinɪŋ
4741	toe	14248601	toʊ
4742	thumbnail	14245047	ˈθəmˌneɪl
4743	trans	14243681	trænz
4744	jonathan	14235793	ˈʤɑnəθən
4745	whenever	14234378	
4746	nova	14231374	ˈnoʊvə
4747	lifetime	14229499	ˈlaɪfˌtaɪm
4749	pioneer	14225288	ˌpaɪəˈnɪr
4750	booty	14218854	ˈbuti
4751	forgotten	14214206	
4752	acrobat	14213883	ˈækrəˌbæt
4753	plates	14210099	pleɪts
4754	acres	14208905	ˈeɪkərz
4755	venue	14204074	ˈvɛnju
4756	athletic	14193383	æθˈlɛtɪk
4757	thermal	14186960	ˈθərməl
4758	essays	14183871	
4759	behaviour	14175567	bɪˈheɪvjər
4760	vital	14166642	ˈvaɪtəl
4761	telling	14160780	ˈtɛlɪŋ
4762	fairly	14154477	ˈfɛrli
4763	coastal	14153912	ˈkoʊstəl
4766	charity	14141658	ˈʧɛrɪti
4767	intelligent	14136076	ˌɪnˈtɛləʤənt
4768	edinburgh	14135031	ˈɛdənbəroʊ
4770	excel	14133468	ɪkˈsɛl
4771	modes	14131325	moʊdz
4772	obligation	14122636	ˌɑbləˈgeɪʃən
4773	campbell	14122054	ˈkæmbəl
4774	wake	14120141	weɪk
4775	stupid	14118370	
4776	harbor	14117675	ˈhɑrbər
4777	hungary	14113963	ˈhəŋgəri
4778	traveler	14109044	
4780	segment	14101910	
4781	realize	14098493	ˈriəˌlaɪz
4782	regardless	14096520	rəˈgɑrdləs
4783	lan	14086211	læn
4784	enemy	14084182	ˈɛnəmi
4785	puzzle	14083532	ˈpəzəl
4786	rising	14079219	ˈraɪzɪŋ
4787	aluminum	14077377	əˈlumənəm
4788	wells	14073676	wɛlz
4790	opens	14070477	ˈoʊpənz
4791	insight	14070057	ˈɪnˌsaɪt
4792	sms	14066848	ˌɛˌsɛˈmɛs
4793	shit	14058658	ʃɪt
4794	restricted	14056761	
4795	republican	14056260	
4796	secrets	14054988	ˈsikrɪts
4797	lucky	14053901	ˈləki
4798	latter	14044005	ˈlætər
4799	merchants	14033655	ˈmərʧənts
4800	thick	14030556	θɪk
4801	trailers	14029478	ˈtreɪlərz
4802	repeat	14024814	
4803	syndrome	14023758	ˈsɪnˌdroʊm
4804	philips	14023116	
4805	attendance	14022851	əˈtɛndəns
4806	penalty	14018500	ˈpɛnəlti
4807	drum	14015510	drəm
4808	glasses	14009815	
4809	enables	14005681	
4810	nec	14001999	nɛk
4811	iraqi	13999381	
4812	builder	13993483	ˈbɪldər
4813	vista	13991160	ˈvɪstə
4814	jessica	13985443	ˈʤɛsɪkə
4815	chips	13982676	ʧɪps
4816	terry	13981773	ˈtɛri
4817	flood	13979267	fləd
4819	ease	13974702	iz
4820	arguments	13971547	ˈɑrgjəmənts
4821	amsterdam	13969875	ˈæmstərˌdæm
4822	orgy	13967728	ˈɔrʤi
4823	arena	13966572	ərˈinə
4824	adventures	13966085	ædˈvɛnʧərz
4825	pupils	13951572	ˈpjupəlz
4826	stewart	13951321	stuərt
4827	announcement	13951272	əˈnaʊnsmɛnt
4828	tabs	13950657	tæbz
4829	outcome	13941550	ˈaʊtˌkəm
4831	appreciate	13938792	əˈpriʃiˌeɪt
4832	expanded	13932764	
4833	casual	13932521	ˈkæʒəwəl
4834	grown	13931521	groʊn
4835	polish	13927858	
4836	lovely	13923904	ˈləvli
4837	extras	13923870	ˈɛkstrəz
4839	centres	13910645	ˈsɛntərz
4840	jerry	13908229	ˈʤɛri
4841	clause	13906621	klɔz
4842	smile	13893537	smaɪl
4843	lands	13891179	lændz
4845	troops	13879349	trups
4846	indoor	13871917	ˈɪnˌdɔr
4847	bulgaria	13868346	bəlˈgɛriə
4848	armed	13866785	ɑrmd
4849	broker	13865583	ˈbroʊkər
4850	charger	13862324	ˈʧɑrʤər
4851	regularly	13860363	ˈrɛgjələrli
4852	believed	13851733	bɪˈlivd
4853	pine	13842664	paɪn
4854	cooling	13842002	ˈkulɪŋ
4855	tend	13840765	tɛnd
4856	gulf	13830000	gəlf
4858	rick	13822320	rɪk
4859	trucks	13809070	trəks
4861	mechanisms	13805561	ˈmɛkəˌnɪzəmz
4862	divorce	13803408	dɪˈvɔrs
4863	laura	13801282	ˈlɔrə
4864	shopper	13798030	ˈʃɑpər
4865	tokyo	13793165	ˈtoʊkiˌoʊ
4866	partly	13790568	ˈpɑrtli
4867	nikon	13789510	ˈnaɪˌkɑn
4868	customize	13783519	ˈkəstəˌmaɪz
4869	tradition	13773517	trəˈdɪʃən
4870	candy	13772033	ˈkændi
4871	pills	13767091	pɪlz
4872	tiger	13763074	ˈtaɪgər
4873	donald	13761404	ˈdɑnəld
4874	folks	13760930	foʊks
4875	sensor	13759334	ˈsɛnsər
4876	exposed	13756477	ɪkˈspoʊzd
4877	telecom	13755270	ˈtɛləkɑm
4878	hunt	13752874	hənt
4879	angels	13747515	ˈeɪnʤəlz
4880	deputy	13747486	
4881	indicators	13737979	ˈɪndəˌkeɪtərz
4882	sealed	13733878	sild
4883	thai	13726171	taɪ
4884	emissions	13718311	ɪˈmɪʃənz
4885	physicians	13717814	
4886	loaded	13714028	
4887	fred	13703297	frɛd
4888	complaint	13703047	kəmˈpleɪnt
4889	scenes	13691578	sinz
4890	experiments	13690535	ɪkˈspɛrəmənts
4891	balls	13683840	bɔlz
4892	afghanistan	13675892	æfˈgænəˌstæn
4894	boost	13675076	bust
4895	spanking	13673436	ˈspæŋkɪŋ
4896	scholarship	13667978	ˈskɑlərˌʃɪp
4897	governance	13664006	ˈgəvərnəns
4898	mill	13658453	mɪl
4899	founded	13656662	ˈfaʊndɪd
4900	supplements	13656530	ˌsəpləˈmɛnts
4901	chronic	13650397	ˈkrɑnɪk
4902	icons	13649671	ˈaɪˌkɑnz
4904	moral	13643598	ˈmɔrəl
4905	den	13641144	dɛn
4906	catering	13638302	ˈkeɪtərɪŋ
4907	aud	13636055	ɔd
4908	finger	13628350	ˈfɪŋgər
4909	keeps	13624468	kips
4910	pound	13620117	paʊnd
4911	locate	13616735	ˈloʊˌkeɪt
4912	camcorder	13609184	ˈkæmˌkɔrdər
4914	trained	13608102	treɪnd
4915	burn	13602754	bərn
4916	implementing	13588118	
4917	roses	13584758	ˈroʊzɪz
4918	labs	13582203	læbz
4919	ourselves	13581863	
4920	bread	13575360	brɛd
4921	tobacco	13574147	təˈbæˌkoʊ
4922	wooden	13564576	ˈwʊdən
4923	motors	13563719	ˈmoʊtərz
4924	tough	13560922	təf
4925	roberts	13553645	ˈrɑbərts
4926	incident	13553458	ˈɪnsədənt
4927	gonna	13542156	ˈgɑnə
4928	dynamics	13534626	daɪˈnæmɪks
4929	lie	13533542	laɪ
4932	conversation	13527150	ˌkɑnvərˈseɪʃən
4933	decrease	13523903	
4935	chest	13516414	ʧɛst
4936	pension	13515899	ˈpɛnʃən
4937	billy	13515249	ˈbɪli
4938	revenues	13508713	
4939	emerging	13504049	
4940	worship	13502651	
4942	capability	13491067	ˌkeɪpəˈbɪləti
4945	craig	13480763	kreɪg
4946	herself	13479005	hərˈsɛlf
4947	producing	13472319	prəˈdusɪŋ
4948	churches	13467005	ˈʧərʧɪz
4949	precision	13465434	priˈsɪʒən
4950	damages	13463452	
4951	reserves	13456639	
4952	contributed	13454831	kənˈtrɪbjutɪd
4953	solve	13452150	sɑlv
4954	shorts	13446221	ʃɔrts
4955	reproduction	13443395	ˌriprəˈdəkʃən
4956	minority	13436730	
4958	diverse	13432331	
4959	amp	13421855	æmp
4960	ingredients	13418042	ˌɪnˈgridiənts
4963	johnny	13404833	ˈʤɑni
4964	sole	13401764	soʊl
4965	franchise	13396527	ˈfrænˌʧaɪz
4966	recorder	13394033	
4967	complaints	13388225	kəmˈpleɪnts
4968	facing	13385115	ˈfeɪsɪŋ
4970	nancy	13381057	ˈnænsi
4971	promotions	13378320	
4972	tones	13373535	toʊnz
4973	passion	13370569	ˈpæʃən
4974	rehabilitation	13370501	
4975	maintaining	13362778	meɪnˈteɪnɪŋ
4976	sight	13360499	saɪt
4977	laid	13359320	leɪd
4978	clay	13357683	kleɪ
4979	defence	13356231	dɪˈfɛns
4980	patches	13354086	
4981	weak	13347842	wik
4982	refund	13340961	
4984	towns	13337599	taʊnz
4985	environments	13331567	ɪnˈvaɪrənmənts
4987	divided	13323175	dɪˈvaɪdɪd
4988	blvd	13317989	ˈbʊləˌvɑrd
4989	reception	13317222	
4990	amd	13312952	ˈeɪˌɛmˈdi
4991	wise	13299902	waɪz
4992	emails	13289920	iˈmeɪlz
4993	cyprus	13285903	ˈsaɪprəs
4995	odds	13282573	ɑdz
4996	correctly	13281872	kərˈɛktli
4997	insider	13275905	ˌɪnˈsaɪdər
4998	seminars	13272933	ˈsɛməˌnɑrz
4999	consequences	13267090	ˈkɑnsəkˌwɛnsəz
5000	makers	13264592	ˈmeɪkərz
5001	hearts	13262019	hɑrts
5002	geography	13258481	ʤiˈɑgrəfi
5003	appearing	13254387	əˈpɪrɪŋ
5004	integrity	13247038	ˌɪnˈtɛgrəti
5005	worry	13243591	ˈwəri
5007	discrimination	13237807	dɪˌskrɪməˈneɪʃən
5008	eve	13237067	iv
5009	carter	13235755	ˈkɑrtər
5010	legacy	13223921	ˈlɛgəsi
5011	marc	13217593	mɑrk
5012	pleased	13215862	plizd
5013	danger	13206765	ˈdeɪnʤər
5014	vitamin	13204687	ˈvaɪtəmən
5015	widely	13197312	ˈwaɪdli
5016	processed	13192681	ˈprɑsɛst
5017	phrase	13191958	freɪz
5018	genuine	13191602	
5019	raising	13190308	ˈreɪzɪŋ
5020	implications	13188157	ˌɪmpləˈkeɪʃənz
5021	functionality	13187557	ˌfəŋkʃəˈnælɪti
5022	paradise	13186910	ˈpɛrəˌdaɪs
5023	hybrid	13174794	
5024	reads	13174104	ridz
5025	roles	13171507	roʊlz
5026	intermediate	13162056	
5027	emotional	13160826	
5028	sons	13160458	sənz
5029	leaf	13159307	lif
5030	pad	13159201	pæd
5031	glory	13158826	ˈglɔri
5032	platforms	13157939	ˈplætˌfɔrmz
5034	bigger	13152228	ˈbɪgər
5035	billing	13151677	ˈbɪlɪŋ
5036	diesel	13147963	
5037	versus	13147766	
5038	combine	13139084	
5039	overnight	13137405	ˈoʊvərˈnaɪt
5040	geographic	13136286	ˌʤiəˈgræfɪk
5041	exceed	13135673	ɪkˈsid
5043	rod	13124744	rɑd
5044	saudi	13123149	
5045	fault	13112664	fɔlt
5046	cuba	13111342	ˈkjubə
5048	preliminary	13106833	
5049	districts	13106605	ˈdɪstrɪkts
5050	introduce	13104630	
5051	silk	13099161	sɪlk
5052	promotional	13084826	
5053	kate	13076275	keɪt
5054	chevrolet	13074108	ˌʃɛvroʊˈleɪ
5055	babies	13070103	ˈbeɪbiz
5057	karen	13067717	ˈkɛrən
5058	compiled	13067154	kəmˈpaɪld
5059	romantic	13055842	roʊˈmæntɪk
5060	revealed	13042465	
5061	specialists	13041955	ˈspɛʃəlɪsts
5062	generator	13041439	ˈʤɛnərˌeɪtər
5063	albert	13040324	ˈælbərt
5064	examine	13030604	ɪgˈzæmɪn
5065	jimmy	13030009	ˈʤɪmi
5066	graham	13026222	
5067	suspension	13025162	səˈspɛnʃən
5068	bristol	13022446	ˈbrɪstəl
5069	margaret	13021244	
5070	compaq	13015144	ˈkɑmˌpæk
5071	sad	13010129	sæd
5072	correction	13009622	kərˈɛkʃən
5073	wolf	13001992	wʊlf
5074	slowly	13000552	sˈloʊli
5075	authentication	12998105	ɔˌθɛntəˈkeɪʃən
5076	communicate	12992824	kəmˈjunəˌkeɪt
5077	rugby	12992179	ˈrəgbi
5078	supplement	12988231	
5080	cal	12967326	kæl
5081	portions	12963319	ˈpɔrʃənz
5082	infant	12959639	ˈɪnfənt
5083	promoting	12956304	prəˈmoʊtɪŋ
5084	sectors	12948547	ˈsɛktərz
5085	samuel	12947907	ˈsæmjul
5086	fluid	12943336	
5087	grounds	12943233	
5088	fits	12942004	fɪts
5089	kick	12941649	kɪk
5090	regards	12939920	rɪˈgɑrdz
5091	meal	12937343	mil
5093	hurt	12936269	hərt
5094	machinery	12936031	
5095	bandwidth	12935437	ˈbændwɪdθ
5096	unlike	12933815	ənˈlaɪk
5097	equation	12933641	ɪkˈweɪʒən
5098	baskets	12933398	ˈbæskəts
5099	probability	12929028	ˌprɑbəˈbɪləˌti
5100	pot	12927383	pɑt
5101	dimension	12925504	dɪˈmɛnʃən
5102	wright	12925206	raɪt
5104	barry	12921548	
5105	proven	12920984	ˈpruvən
5106	schedules	12917359	
5107	admissions	12907686	
5108	cached	12887996	kæʃt
5109	warren	12887808	ˈwɔrən
5110	slip	12886015	slɪp
5111	studied	12881982	ˈstədid
5112	reviewer	12879631	rivˈjuər
5113	involves	12878082	ˌɪnˈvɑlvz
5114	quarterly	12876640	kˈwɔrtərli
5115	rpm	12872296	ˈɑrˈpiˈɛm
5116	profits	12872162	ˈprɑfɪts
5117	devil	12869511	ˈdɛvəl
5118	grass	12868953	græs
5119	comply	12868396	kəmˈplaɪ
5120	marie	12862466	mərˈi
5121	florist	12860636	
5122	illustrated	12858193	
5123	cherry	12855670	ˈʧɛri
5124	continental	12854435	
5125	alternate	12846709	
5126	deutsch	12846263	dɔɪʧ
5127	achievement	12845656	əˈʧivmənt
5128	limitations	12844407	ˌlɪmɪˈteɪʃənz
5129	kenya	12839981	
5131	cuts	12832156	kəts
5132	funeral	12827388	fˈjunərəl
5134	earrings	12822060	
5135	enjoyed	12819458	ˌɛnˈʤɔɪd
5136	automated	12816951	ˈɔtəˌmeɪtɪd
5137	chapters	12814410	ˈʧæptərz
5138	pee	12811886	pi
5139	charlie	12810984	ˈʧɑrli
5140	quebec	12807746	kwəˈbɛk
5141	nipples	12804977	ˈnɪpəlz
5142	passenger	12804602	ˈpæsənʤər
5143	convenient	12801318	kənˈvinjənt
5144	dennis	12801087	ˈdɛnɪs
5145	mars	12792948	mɑrz
5146	francis	12791715	
5147	tvs	12782654	ˈtiˈviz
5148	sized	12775596	saɪzd
5149	manga	12774174	ˈmæŋgə
5150	noticed	12773325	ˈnoʊtɪst
5151	socket	12770550	ˈsɑkət
5152	silent	12768385	ˈsaɪlənt
5153	literary	12767813	ˈlɪtərˌɛri
5154	egg	12766528	ɛg
5156	signals	12760317	ˈsɪgnəlz
5157	caps	12758083	kæps
5158	orientation	12750803	ˌɔriɛnˈteɪʃən
5159	pill	12749153	pɪl
5160	theft	12744763	θɛft
5161	childhood	12740200	ˈʧaɪlˌdhʊd
5162	swing	12734467	swɪŋ
5163	symbols	12733176	ˈsɪmbəlz
5164	lat	12732598	
5165	meta	12731331	ˈmitə
5166	humans	12729034	
5167	analog	12726931	ˈænəˌlɔg
5168	facial	12721452	ˈfeɪʃəl
5169	choosing	12717377	ˈʧuzɪŋ
5170	talent	12712170	ˈtælənt
5171	dated	12707511	ˈdeɪtɪd
5172	flexibility	12700246	ˌflɛksəˈbɪləti
5173	seeker	12696541	ˈsikər
5174	wisdom	12696160	ˈwɪzdəm
5175	shoot	12695618	ʃut
5176	boundary	12695163	
5177	mint	12694588	mɪnt
5178	packard	12691717	ˈpækərd
5179	offset	12689932	
5180	payday	12682146	ˈpeɪˌdeɪ
5181	philip	12674163	
5182	elite	12673836	
5184	spin	12671696	spɪn
5185	holders	12665447	ˈhoʊldərz
5186	believes	12663723	bɪˈlivz
5187	swedish	12662613	sˈwidɪʃ
5188	poems	12662561	poʊəmz
5189	deadline	12662277	ˈdɛˌdlaɪn
5190	jurisdiction	12657881	
5191	robot	12656312	
5192	displaying	12650318	dɪˈspleɪɪŋ
5193	witness	12643368	ˈwɪtnəs
5194	collins	12638925	ˈkɑlɪnz
5195	equipped	12635856	ɪkˈwɪpt
5196	stages	12632816	ˈsteɪʤɪz
5197	encouraged	12632676	
5198	sur	12632510	sər
5199	winds	12628386	
5200	powder	12627415	ˈpaʊdər
5201	broadway	12620441	ˈbrɔdˌweɪ
5202	acquired	12619643	əkˈwaɪərd
5203	assess	12614289	əˈsɛs
5204	wash	12612759	wɑʃ
5205	cartridges	12611549	ˈkɑrtrəʤəz
5206	stones	12611462	stoʊnz
5207	entrance	12610212	ˈɛntrəns
5208	gnome	12609820	noʊm
5209	roots	12609370	ruts
5210	declaration	12609210	ˌdɛklərˈeɪʃən
5211	losing	12607223	ˈluzɪŋ
5212	attempts	12606763	əˈtɛmpts
5213	gadgets	12604953	ˈgæʤəts
5214	noble	12604679	ˈnoʊbəl
5215	glasgow	12596942	
5216	automation	12592519	ɔtəˈmeɪʃən
5217	impacts	12585629	
5218	rev	12575365	rɛv
5219	gospel	12572666	
5220	advantages	12569204	ædˈvæntɪʤɪz
5221	shore	12568485	ʃɔr
5222	loves	12566621	ləvz
5223	induced	12566340	ˌɪnˈdust
5225	knight	12563918	naɪt
5226	preparing	12556793	
5227	loose	12556710	lus
5228	aims	12555862	eɪmz
5229	recipient	12555432	
5230	linking	12555304	ˈlɪŋkɪŋ
5231	extensions	12552534	ɪkˈstɛnʃənz
5232	appeals	12550346	əˈpilz
5234	earned	12540187	ərnd
5235	illness	12539579	ˈɪlnəs
5236	islamic	12539523	ˌɪzˈlɑmɪk
5237	athletics	12534433	æθˈlɛtɪks
5238	southeast	12520872	ˌsaʊˈθist
5241	alternatives	12512859	ɔlˈtərnətɪvz
5242	pending	12509596	ˈpɛndɪŋ
5243	parker	12509468	ˈpɑrkər
5244	determining	12507793	dɪˈtərmənɪŋ
5245	lebanon	12503316	ˈlɛbənən
5246	corp	12500878	
5247	personalized	12495791	ˈpərsənəˌlaɪzd
5248	kennedy	12494982	ˈkɛnədi
5251	conditioning	12490899	kənˈdɪʃənɪŋ
5252	teenage	12488595	ˈtiˌneɪʤ
5253	soap	12485378	soʊp
5255	triple	12478554	ˈtrɪpəl
5256	cooper	12476378	ˈkupər
5258	vincent	12468392	
5259	jam	12468316	ʤæm
5260	secured	12463155	sɪˈkjʊrd
5261	unusual	12459909	
5262	answered	12457330	ˈænsərd
5263	partnerships	12453817	ˈpɑrtnərˌʃɪps
5264	destruction	12453758	dɪˈstrəkʃən
5265	slots	12452126	slɑts
5266	increasingly	12442507	ˌɪnˈkrisɪŋgli
5267	migration	12442426	maɪˈgreɪʃən
5268	disorder	12437958	dɪˈsɔrdər
5269	routine	12437176	ruˈtin
5270	toolbar	12436439	ˈtulˌbɑr
5271	basically	12428283	ˈbeɪsɪkli
5272	rocks	12427428	rɑks
5273	conventional	12426348	kənˈvɛnʃənəl
5274	titans	12408915	ˈtaɪtənz
5275	applicants	12408250	ˈæplɪkənts
5276	wearing	12401524	ˈwɛrɪŋ
5277	axis	12399723	ˈæksəs
5278	sought	12398749	sɔt
5279	genes	12396954	ʤinz
5280	mounted	12391977	
5281	habitat	12388574	ˈhæbəˌtæt
5282	firewall	12387228	ˈfaɪrwɑl
5283	median	12384523	ˈmidiən
5284	guns	12383666	gənz
5285	scanner	12375659	ˈskænər
5286	herein	12372347	hɪˈrɪn
5287	occupational	12368358	ɑkjəˈpeɪʃənəl
5288	animated	12365108	ˈænəˌmeɪtɪd
5289	horny	12363955	ˈhɔrni
5290	judicial	12363943	ʤuˈdɪʃəl
5291	rio	12362288	ˈrioʊ
5293	adjustment	12343670	əˈʤəstmənt
5294	hero	12343606	
5295	integer	12343092	ˈɪntəʤər
5296	treatments	12341268	ˈtritmənts
5297	bachelor	12335355	
5298	attitude	12331010	ˈætəˌtud
5299	camcorders	12327884	ˈkæmˌkɔrdərz
5300	engaged	12325194	ɪnˈgeɪʤd
5301	falling	12324340	ˈfɑlɪŋ
5302	basics	12316733	ˈbeɪsɪks
5303	montreal	12310310	ˌməntriˈɔl
5304	carpet	12309442	ˈkɑrpət
5307	lenses	12288564	
5308	binary	12286978	ˈbaɪnəˌri
5309	genetics	12285353	ʤəˈnɛtɪks
5310	attended	12284886	əˈtɛndəd
5311	difficulty	12282409	
5312	punk	12282363	pəŋk
5313	collective	12276900	kəˈlɛktɪv
5314	coalition	12274377	ˌkoʊəˈlɪʃən
5316	dropped	12265666	drɑpt
5317	enrollment	12253733	ɛnˈroʊlmənt
5318	duke	12250071	duk
5319	walter	12248848	ˈwɔltər
5321	pace	12247704	peɪs
5322	besides	12246405	
5323	wage	12243196	weɪʤ
5324	producers	12242166	prəˈdusərz
5326	collector	12233823	kəˈlɛktər
5327	arc	12229184	ɑrk
5328	hosts	12228736	hoʊsts
5329	interfaces	12224161	
5330	advertisers	12223306	ˈædvərˌtaɪzərz
5331	moments	12221536	ˈmoʊmənts
5332	atlas	12221120	ˈætləs
5333	strings	12221039	strɪŋz
5334	dawn	12219521	dɔn
5335	representing	12219202	
5336	observation	12217876	ˌɑbzərˈveɪʃən
5337	feels	12212683	filz
5338	torture	12209454	ˈtɔrʧər
5339	carl	12209059	kɑrl
5340	deleted	12207876	dɪˈlitəd
5341	coat	12207355	koʊt
5342	mitchell	12207212	ˈmɪʧəl
5343	mrs	12206596	ˈmɪsɪz
5344	rica	12205992	ˈrikə
5345	restoration	12202668	ˌrɛstərˈeɪʃən
5346	convenience	12201623	kənˈvinjəns
5347	returning	12197026	
5348	ralph	12190683	rælf
5349	opposition	12183104	ˌɑpəˈzɪʃən
5350	container	12181942	kənˈteɪnər
5352	defendant	12169689	dɪˈfɛndənt
5353	warner	12165874	ˈwɔrnər
5354	confirmation	12157725	ˌkɑnfərˈmeɪʃən
5355	app	12156802	æp
5356	embedded	12156057	ɛmˈbɛdɪd
5357	inkjet	12155897	ˈɪŋˌkʤɛt
5358	supervisor	12154591	ˈsupərˌvaɪzər
5359	wizard	12151804	ˈwɪzərd
5360	corps	12150135	
5361	actors	12149923	ˈæktərz
5362	liver	12139363	ˈlɪvər
5363	peripherals	12137652	
5364	liable	12126852	ˈlaɪəbəl
5365	brochure	12124414	broʊˈʃʊr
5366	morris	12122016	
5367	bestsellers	12121686	
5368	petition	12120487	pəˈtɪʃən
5370	recall	12118110	
5371	antenna	12115794	ænˈtɛnə
5372	picked	12114899	pɪkt
5373	assumed	12113023	əˈsumd
5374	departure	12111116	dɪˈpɑrʧər
5375	minneapolis	12111079	ˌmɪniˈæpəlɪs
5376	belief	12108114	bɪˈlif
5377	killing	12106805	ˈkɪlɪŋ
5378	bikini	12105241	bɪˈkini
5379	memphis	12103085	
5380	shoulder	12100130	ˈʃoʊldər
5381	decor	12098868	
5382	lookup	12096074	ˈlʊkəp
5383	texts	12095723	tɛksts
5384	harvard	12089345	ˈhɑrvərd
5385	brokers	12075458	ˈbroʊkərz
5386	roy	12074809	rɔɪ
5387	ion	12074177	
5388	diameter	12059691	daɪˈæmətər
5389	ottawa	12050603	ˈɑtəˌwɑ
5390	doll	12047864	dɑl
5392	podcast	12040451	ˈpɔdˌkæst
5393	tit	12036749	tɪt
5394	seasons	12035131	ˈsizənz
5395	peru	12033152	pəru
5396	interactions	12030927	
5397	refine	12027198	
5398	bidder	12023506	ˈbɪdər
5399	singer	12021075	ˈsɪŋər
5400	evans	12020970	ˈɛvənz
5401	herald	12020777	ˈhɛrəld
5402	literacy	12016141	ˈlɪtərəsi
5403	fails	12015364	feɪlz
5404	aging	12014007	ˈeɪʤɪŋ
5405	nike	12009663	ˈnaɪki
5406	intervention	12006519	ˌɪntərˈvɛnʃən
5407	pissing	12005503	ˈpɪˌsɪŋ
5408	fed	12005354	fɛd
5410	attraction	11998068	əˈtrækʃən
5411	diving	11997559	ˈdaɪvɪŋ
5412	invite	11994795	ˌɪnˈvaɪt
5413	modification	11994630	ˌmɑdəfəˈkeɪʃən
5414	alice	11994061	ˈælɪs
5416	suppose	11981451	səˈpoʊz
5417	customized	11979867	ˈkəstəˌmaɪzd
5418	reed	11977359	rid
5419	involve	11976257	ˌɪnˈvɑlv
5420	moderate	11975598	
5421	terror	11975502	ˈtɛrər
5422	younger	11971094	ˈjəŋgər
5423	thirty	11969481	ˈθərˌdi
5424	mice	11967727	maɪs
5425	opposite	11965213	ˈɑpəzɪt
5426	understood	11962620	ˌəndərˈstʊd
5427	rapidly	11959135	ˈræpədli
5429	ban	11940116	bæn
5430	temp	11938391	tɛmp
5431	intro	11938092	ˈɪntroʊ
5432	mercedes	11935820	mərˈseɪdiz
5434	assurance	11928914	əˈʃʊrəns
5436	clerk	11923960	klərk
5437	happening	11920756	
5438	vast	11916770	væst
5439	mills	11910667	mɪlz
5440	outline	11910319	ˈaʊˌtlaɪn
5441	amendments	11901949	əˈmɛndmənts
5443	holland	11897739	ˈhɑlənd
5444	receives	11897613	
5445	jeans	11896655	ʤinz
5446	metropolitan	11896215	ˌmɛtrəˈpɑlətən
5447	compilation	11894545	ˌkɑmpəˈleɪʃən
5448	verification	11890283	ˌvɛrəfəˈkeɪʃən
5449	fonts	11884559	fɑnts
5450	ent	11872105	ɛnt
5451	odd	11871958	ɑd
5452	wrap	11871928	ræp
5453	refers	11869181	
5454	mood	11868381	mud
5455	favor	11867822	ˈfeɪvər
5456	veterans	11867645	
5457	quiz	11866535	kwɪz
5459	sigma	11864409	ˈsɪgmə
5461	attractive	11857523	əˈtræktɪv
5463	occasion	11854911	əˈkeɪʒən
5464	recordings	11854099	rɪˈkɔrdɪŋz
5465	jefferson	11851441	ˈʤɛfərsən
5466	victim	11844825	ˈvɪktɪm
5467	demands	11843789	dɪˈmændz
5468	sleeping	11840656	sˈlipɪŋ
5469	careful	11836566	ˈkɛrfəl
5471	beam	11827772	bim
5472	gardening	11823864	
5473	obligations	11820453	ˌɑbləˈgeɪʃənz
5474	arrive	11812688	əraɪv
5475	orchestra	11808109	ˈɔrkəstrə
5476	sunset	11802197	ˈsənˌsɛt
5477	tracked	11801246	trækt
5478	moreover	11797770	mɔˈroʊvər
5479	minimal	11787905	ˈmɪnəməl
5480	polyphonic	11779964	ˌpɑˌlɪˈfɑnɪk
5481	lottery	11776450	ˈlɑtəri
5482	tops	11771127	tɑps
5483	framed	11770634	freɪmd
5484	aside	11768649	əˈsaɪd
5485	outsourcing	11766166	ˌaʊtˈsɔrsɪŋ
5486	licence	11761605	ˈlaɪsəns
5487	adjustable	11757528	əˈʤəstəbəl
5488	allocation	11756315	ˌæləˈkeɪʃən
5489	michelle	11752565	mɪˈʃɛl
5490	essay	11750312	
5491	discipline	11734967	ˈdɪsəplən
5492	amy	11734926	ˈeɪmi
5494	demonstrated	11721030	
5495	dialogue	11720390	ˈdaɪəˌlɔg
5496	identifying	11718306	aɪˈdɛntəˌfaɪɪŋ
5497	alphabetical	11717970	ˌælfəˈbɛtɪkəl
5498	camps	11712039	kæmps
5499	declared	11707935	dɪˈklɛrd
5500	dispatched	11701771	dɪˈspæʧt
5501	aaron	11698784	ˈɛrən
5502	handheld	11697875	ˈhænˈdhɛld
5503	trace	11697252	treɪs
5504	disposal	11693072	dɪˈspoʊzəl
5505	shut	11689186	ʃət
5506	florists	11684143	ˈflɔrɪsts
5507	packs	11683277	pæks
5509	installing	11675871	ˌɪnˈstɔlɪŋ
5510	switches	11673995	
5511	romania	11672746	roʊˈmeɪniə
5512	voluntary	11671298	ˈvɑləntɛri
5514	thou	11669062	ðaʊ
5515	consult	11666011	kənˈsəlt
5516	phd	11665297	ˈpiˌeɪʧˈdi
5517	greatly	11664471	ˈgreɪtli
5518	blogging	11660000	ˈblɔgɪŋ
5519	mask	11654805	mæsk
5520	cycling	11653999	
5521	midnight	11650394	ˈmɪdˌnaɪt
5523	commonly	11638541	ˈkɑmənli
5525	photographer	11637896	fəˈtɑgrəfər
5526	inform	11637681	ˌɪnˈfɔrm
5527	turkish	11628585	ˈtərkɪʃ
5528	coal	11625191	koʊl
5529	cry	11624610	kraɪ
5530	messaging	11623632	ˈmɛsɪʤɪŋ
5531	pentium	11614819	ˈpɛntiəm
5532	quantum	11611352	kˈwɑntəm
5533	murray	11607168	ˈməri
5534	intent	11596706	ˌɪnˈtɛnt
5536	zoo	11589578	zu
5537	largely	11587337	ˈlɑrʤli
5538	pleasant	11587208	ˈplɛzənt
5539	announce	11583296	əˈnaʊns
5540	constructed	11581210	
5541	additions	11579566	əˈdɪʃənz
5542	requiring	11578075	
5543	spoke	11577917	spoʊk
5544	aka	11570453	
5545	arrow	11563142	
5546	engagement	11562545	ɛnˈgeɪʤmənt
5547	sampling	11558186	ˈsæmplɪŋ
5548	rough	11557184	rəf
5549	weird	11556427	wɪrd
5550	tee	11539905	ti
5551	refinance	11537028	
5552	lion	11531749	laɪən
5553	inspired	11531233	ˌɪnˈspaɪərd
5554	holes	11529280	hoʊlz
5555	weddings	11529020	ˈwɛdɪŋz
5556	blade	11527988	bleɪd
5557	suddenly	11523262	ˈsədənli
5558	oxygen	11522424	
5559	cookie	11517481	ˈkʊki
5560	meals	11515834	milz
5561	canyon	11515517	ˈkænjən
5562	goto	11503742	
5563	meters	11502899	ˈmitərz
5564	merely	11492724	ˈmɪrli
5565	calendars	11488301	ˈkæləndərz
5566	arrangement	11486779	ərˈeɪnʤmənt
5567	conclusions	11484905	kənˈkluʒənz
5568	passes	11484329	
5569	bibliography	11483881	ˌbɪbliˈɑgrəfi
5570	pointer	11475647	ˈpɔɪntər
5571	compatibility	11467191	kəmˌpætəˈbɪləˌti
5572	stretch	11463625	strɛʧ
5573	durham	11463394	
5574	furthermore	11462067	ˈfərðərˌmɔr
5575	permits	11453109	
5576	cooperative	11453108	koʊˈɑpərˌeɪtɪv
5577	muslim	11451583	
5579	neil	11446551	nil
5580	sleeve	11444961	sliv
5581	netscape	11443351	ˈnɛtˌskeɪp
5582	cleaner	11442551	ˈklinər
5583	cricket	11442124	ˈkrɪkɪt
5584	beef	11441469	bif
5585	feeding	11441465	ˈfidɪŋ
5586	stroke	11440396	stroʊk
5587	township	11435976	ˈtaʊnʃɪp
5588	rankings	11433277	ˈræŋkɪŋz
5589	measuring	11432076	ˈmɛʒərɪŋ
5590	cad	11431260	kæd
5591	hats	11430056	hæts
5592	robin	11423944	
5593	robinson	11422896	ˈrɑbənsən
5594	jacksonville	11419276	ˈʤæksənˌvɪl
5595	strap	11414669	stræp
5596	headquarters	11414484	
5597	sharon	11410497	
5598	crowd	11409218	kraʊd
5600	transfers	11403780	
5601	surf	11402999	sərf
5602	olympic	11399795	oʊˈlɪmpɪk
5603	transformation	11397689	ˌtrænsfərˈmeɪʃən
5604	remained	11392181	
5605	attachments	11392078	əˈtæʧmənts
5608	entities	11373336	ˈɛntɪtiz
5609	customs	11372432	ˈkəstəmz
5610	administrators	11370681	ædˈmɪnɪˌstreɪtərz
5611	personality	11361835	ˌpərsəˈnælɪti
5612	rainbow	11360882	ˈreɪnˌboʊ
5613	hook	11359349	hʊk
5614	roulette	11359153	ruˈlɛt
5615	decline	11351898	dɪˈklaɪn
5616	gloves	11347457	gləvz
5617	israeli	11341552	ˌɪzˈreɪli
5618	medicare	11339790	ˈmɛdəˌkɛr
5619	cord	11338350	kɔrd
5620	skiing	11337414	skiɪŋ
5621	cloud	11337220	klaʊd
5622	facilitate	11330977	fəˈsɪləˌteɪt
5623	subscriber	11326491	səbˈskraɪbər
5624	valve	11325360	vælv
5625	val	11322492	væl
5626	hewlett	11322089	ˈhjulɪt
5627	explains	11317473	ɪkˈspleɪnz
5628	proceed	11314599	
5629	flickr	11305570	ˈflɪkər
5630	feelings	11299333	ˈfilɪŋz
5631	knife	11297715	naɪf
5632	jamaica	11293962	ʤəˈmeɪkə
5633	priorities	11288273	praɪˈɔrətiz
5634	shelf	11287023	ʃɛlf
5635	bookstore	11285387	ˈbʊkˌstɔr
5636	timing	11283175	ˈtaɪmɪŋ
5637	liked	11282738	laɪkt
5638	parenting	11280195	ˈpɛrəntɪŋ
5639	adopt	11272339	əˈdɑpt
5640	denied	11268485	dɪˈnaɪd
5642	incredible	11261994	ˌɪnˈkrɛdəbəl
5643	britney	11258215	ˈbrɪtˌni
5644	freeware	11256443	ˈfriˌwɛr
5645	fucked	11254558	fəkt
5646	donation	11245208	doʊˈneɪʃən
5647	outer	11245167	ˈaʊtər
5648	crop	11244764	krɑp
5649	deaths	11242764	dɛθs
5650	rivers	11239247	ˈrɪvərz
5651	commonwealth	11231405	ˈkɑmənˌwɛlθ
5652	pharmaceutical	11229705	ˌfɑrməˈsutɪkəl
5653	manhattan	11228022	mænˈhætən
5654	tales	11222332	teɪlz
5655	katrina	11217436	kəˈtrinə
5656	workforce	11215929	ˈwərkˌfɔrs
5657	islam	11214742	
5658	nodes	11208722	noʊdz
5661	thumbs	11202045	θəmz
5662	seeds	11196921	sidz
5663	cited	11195944	
5664	lite	11195840	laɪt
5666	hub	11188639	həb
5667	targeted	11188624	ˈtɑrgətɪd
5668	organizational	11188435	ˌɔrgənəˈzeɪʃənəl
5669	skype	11188286	skaɪp
5670	realized	11186108	ˈriəˌlaɪzd
5671	twelve	11182087	twɛlv
5672	founder	11180601	ˈfaʊndər
5673	decade	11178625	
5676	dispute	11164678	dɪˈspjut
5677	portuguese	11160302	ˈpɔrʧəˌgiz
5678	tired	11158233	taɪərd
5680	adverse	11157534	
5681	everywhere	11153149	
5682	excerpt	11148686	
5683	eng	11144620	ɛŋ
5684	steam	11141309	stim
5685	discharge	11140169	
5687	drinks	11137329	drɪŋks
5688	ace	11134733	eɪs
5689	voices	11129180	
5690	acute	11128841	əˈkjut
5691	halloween	11123946	ˌhæləˈwin
5692	climbing	11117590	ˈklaɪmɪŋ
5693	stood	11116275	stʊd
5694	sing	11114001	sɪŋ
5695	tons	11109804	tənz
5696	perfume	11109790	pərfˈjum
5697	carol	11109404	
5698	honest	11109203	ˈɑnəst
5699	albany	11108457	ˈɔlbəni
5700	hazardous	11095147	ˈhæzərdəs
5701	restore	11092761	rɪˈstɔr
5702	stack	11090579	stæk
5703	methodology	11090402	ˌmɛθəˈdɑləʤi
5704	somebody	11089522	
5705	sue	11086374	su
5707	housewares	11081832	ˈhaʊsˌwɛrz
5708	reputation	11081735	ˌrɛpjəˈteɪʃən
5709	resistant	11080383	
5710	democrats	11080202	ˈdɛməˌkræts
5711	recycling	11079315	
5712	hang	11077672	hæŋ
5714	curve	11071177	kərv
5715	creator	11071006	kriˈeɪtər
5716	amber	11065507	ˈæmbər
5717	qualifications	11063651	kˌwɑləfəˈkeɪʃənz
5718	museums	11059541	
5719	coding	11058393	ˈkoʊdɪŋ
5721	tracker	11054208	ˈtrækər
5722	variation	11043903	ˌvɛriˈeɪʃən
5723	passage	11034796	
5724	transferred	11023998	
5725	trunk	11020361	trəŋk
5726	hiking	11020291	ˈhaɪkɪŋ
5728	damn	11016467	dæm
5729	pierre	11015591	piɛr
5731	headset	11014961	ˈhɛdˌsɛt
5732	photograph	11014717	ˈfoʊtəˌgræf
5733	oakland	11011611	ˈoʊklənd
5734	colombia	11011374	kəˈləmbiə
5735	waves	11006010	weɪvz
5736	camel	11005001	ˈkæməl
5737	distributor	11002174	dɪˈstrɪbjətər
5738	lamps	11000656	læmps
5739	underlying	11000355	ˌəndərˈlaɪɪŋ
5740	hood	10997944	hʊd
5741	wrestling	10996334	
5742	suicide	10996226	
5744	photoshop	10991124	ˈfoʊˌtoʊˌʃɑp
5746	chi	10981165	kaɪ
5748	arabia	10980809	əˈreɪbiə
5749	gathering	10976378	ˈgæðərɪŋ
5750	projection	10975182	prɑˈʤɛkʃən
5751	juice	10973425	ʤus
5752	chase	10971945	ʧeɪs
5753	mathematical	10971768	ˌmæθəˈmætɪkəl
5754	logical	10970564	ˈlɑʤɪkəl
5755	sauce	10968629	sɔs
5756	fame	10962456	feɪm
5757	extract	10962105	
5758	specialized	10955946	ˈspɛʃəˌlaɪzd
5759	diagnostic	10955841	ˌdaɪəgˈnɑstɪk
5760	panama	10953110	ˈpænəˌmɑ
5761	indianapolis	10951797	ˌɪndiəˈnæpəlɪs
5763	payable	10948988	ˈpeɪəbəl
5764	corporations	10945498	ˌkɔrpərˈeɪʃənz
5765	courtesy	10945291	ˈkərtəsi
5766	criticism	10943753	ˈkrɪtɪˌsɪzəm
5767	automobile	10939225	
5768	confidential	10937497	ˌkɑnfəˈdɛnʃəl
5770	statutory	10934584	ˈstæʧəˌtɔri
5771	accommodations	10932659	əˌkɑməˈdeɪʃənz
5772	athens	10930110	ˈæθənz
5773	northeast	10929164	ˌnɔrˈθist
5774	downloaded	10920057	ˈdaʊnˌloʊdɪd
5775	judges	10917393	ˈʤəʤɪz
5777	seo	10916104	
5778	retired	10914144	
5780	remarks	10911869	
5781	detected	10911828	
5782	decades	10911127	
5783	paintings	10906609	
5784	walked	10905602	wɔkt
5785	arising	10904371	ərˈaɪzɪŋ
5786	nissan	10889889	ˈnisɑn
5787	bracelet	10887275	ˈbreɪslət
5788	ins	10886378	
5789	eggs	10885514	ɛgz
5790	juvenile	10884643	
5791	injection	10873254	ˌɪnˈʤɛkʃən
5792	yorkshire	10871783	ˈjɔrkʃər
5793	populations	10869967	ˌpɑpjəˈleɪʃənz
5794	protective	10861679	prəˈtɛktɪv
5795	afraid	10858793	əˈfreɪd
5796	acoustic	10857417	əˈkustɪk
5797	railway	10853755	ˈreɪlˌweɪ
5798	cassette	10853321	kəˈsɛt
5799	initially	10849818	ˌɪˈnɪʃəli
5800	indicator	10846277	ˈɪndəˌkeɪtər
5801	pointed	10845626	ˈpɔɪntɪd
5804	causing	10841604	
5805	mistake	10841486	mɪˈsteɪk
5806	norton	10840451	ˈnɔrtən
5807	locked	10837051	lɑkt
5808	eliminate	10836172	ɪˈlɪməˌneɪt
5810	fusion	10834718	fˈjuʒən
5811	mineral	10833061	
5812	sunglasses	10831524	ˈsənˌglæsɪz
5813	ruby	10830824	ˈrubi
5814	steering	10826821	ˈstɪrɪŋ
5815	beads	10825324	bidz
5816	fortune	10823100	
5817	preference	10821710	
5818	canvas	10820175	ˈkænvəs
5819	threshold	10820054	θˈrɛˌʃoʊld
5820	parish	10808608	
5821	claimed	10805425	kleɪmd
5822	screens	10799678	skrinz
5823	cemetery	10799517	
5824	planner	10798993	ˈplænər
5825	croatia	10798841	kroʊˈeɪʃə
5826	flows	10797166	floʊz
5827	stadium	10797095	ˈsteɪdiəm
5828	venezuela	10796973	ˌvɛnɪzˈweɪlə
5829	exploration	10796216	
5831	fewer	10792786	fjuər
5832	sequences	10790922	
5833	coupon	10788016	
5834	nurses	10783304	
5836	stem	10775393	stɛm
5837	proxy	10773043	ˈprɑksi
5839	astronomy	10767054	əˈstrɑnəmi
5840	lanka	10765788	ˈlæŋkə
5841	opt	10763778	ɑpt
5842	edwards	10761573	ˈɛdwərdz
5843	drew	10760463	dru
5844	contests	10760068	
5845	flu	10759905	flu
5846	translate	10756065	
5847	announces	10754974	əˈnaʊnsɪz
5849	costume	10749142	
5850	tagged	10748315	tægd
5851	berkeley	10746947	ˈbərkli
5852	voted	10746027	
5853	killer	10745688	ˈkɪlər
5854	bikes	10740880	baɪks
5855	gates	10734618	geɪts
5856	adjusted	10733092	əˈʤəstɪd
5857	rap	10729871	ræp
5858	tune	10728129	tun
5859	bishop	10727838	ˈbɪʃəp
5860	pulled	10724879	pʊld
5861	corn	10723716	kɔrn
5863	shaped	10717999	ʃeɪpt
5864	compression	10712155	kəmˈprɛʃən
5865	seasonal	10711168	ˈsizənəl
5866	establishing	10709113	ɪˈstæblɪʃɪŋ
5867	farmer	10707897	ˈfɑrmər
5868	counters	10706242	ˈkaʊntərz
5869	puts	10705170	pʊts
5870	constitutional	10699765	ˌkɑnstəˈtuʃənəl
5871	grew	10698645	gru
5872	perfectly	10698357	
5873	tin	10695557	tɪn
5874	slave	10692715	sleɪv
5875	instantly	10691970	ˈɪnstəntli
5876	cultures	10690547	ˈkəlʧərz
5877	norfolk	10690400	ˈnɔrfək
5878	coaching	10689595	ˈkoʊʧɪŋ
5879	examined	10689487	ɪgˈzæmənd
5880	trek	10689116	trɛk
5881	encoding	10684685	ɛnˈkoʊdɪŋ
5882	litigation	10681417	ˌlɪtəˈgeɪʃən
5883	submissions	10674606	səbˈmɪʃənz
5885	heroes	10669219	
5886	painted	10666710	
5887	lycos	10665969	ˈlaɪkoʊs
5890	broadcasting	10660304	ˈbrɔdˌkæstɪŋ
5891	horizontal	10655275	ˌhɔrəˈzɑntəl
5892	artwork	10654545	ˈɑrtˌwərk
5893	cosmetic	10651127	kɑzˈmɛtɪk
5894	resulted	10647532	
5895	portrait	10647237	ˈpɔrtrət
5896	terrorist	10647080	ˈtɛrərɪst
5897	informational	10645899	ˌɪnˈfɔrˌmeɪʃənəl
5898	ethical	10644576	ˈɛθɪkəl
5899	carriers	10644210	
5901	mobility	10643212	
5902	floral	10641202	ˈflɔrəl
5903	builders	10639867	ˈbɪldərz
5904	ties	10637546	taɪz
5905	struggle	10637472	ˈstrəgəl
5906	schemes	10633782	skimz
5907	suffering	10631848	
5908	neutral	10631835	ˈnutrəl
5909	fisher	10631475	ˈfɪʃər
5910	rat	10626001	ræt
5911	spears	10622346	spɪrz
5912	prospective	10618399	prəˈspɛktɪv
5913	dildos	10612318	ˈdɪlˌdoʊz
5914	bedding	10608944	ˈbɛdɪŋ
5915	ultimately	10608757	ˈəltəmətli
5916	joining	10606585	ˈʤɔɪnɪŋ
5917	heading	10604462	ˈhɛdɪŋ
5918	equally	10603542	ˈikwəli
5919	artificial	10603435	ˌɑrtəˈfɪʃəl
5920	bearing	10602853	ˈbɛrɪŋ
5921	spectacular	10602657	spɛkˈtækjələr
5922	coordination	10601328	koʊˌɔrdəˈneɪʃən
5923	connector	10600313	kəˈnɛktər
5924	brad	10595050	bræd
5925	combo	10592758	ˈkɑmˌboʊ
5926	seniors	10592234	ˈsinjərz
5927	worlds	10591522	wərldz
5928	guilty	10588260	ˈgɪlti
5929	affiliated	10583504	əˈfɪliˌeɪtɪd
5930	activation	10581402	ˌæktəˈveɪʃən
5931	naturally	10578629	
5932	haven	10569212	ˈheɪvən
5933	tablet	10568043	ˈtæblət
5934	jury	10566974	ˈʤʊri
5935	dos	10564148	
5936	tail	10557843	teɪl
5937	subscribers	10557815	səbˈskraɪbərz
5938	charm	10554644	ʧɑrm
5939	lawn	10551602	lɔn
5940	violent	10551326	ˈvaɪələnt
5941	mitsubishi	10550625	ˌmɪtˌsuˈbiʃi
5942	underwear	10546819	ˈəndərˌwɛr
5943	basin	10544774	ˈbeɪsən
5944	soup	10543301	sup
5945	potentially	10541780	pəˈtɛnʃəli
5946	ranch	10539650	rænʧ
5947	constraints	10529222	kənˈstreɪnts
5948	crossing	10528114	ˈkrɔsɪŋ
5949	inclusive	10524594	ˌɪnˈklusɪv
5950	dimensional	10522059	dɪˈmɛnʃənəl
5951	cottage	10520695	
5952	drunk	10519219	drəŋk
5953	considerable	10518680	kənˈsɪdərəbəl
5954	crimes	10515840	kraɪmz
5955	resolved	10512341	riˈzɑlvd
5957	byte	10509871	baɪt
5958	toner	10508427	ˈtoʊnər
5959	nose	10507356	noʊz
5960	latex	10502825	ˈleɪˌtɛks
5961	branches	10496749	
5962	anymore	10494227	ˌɛniˈmɔr
5964	delhi	10491603	ˈdɛli
5965	holdings	10491229	ˈhoʊldɪŋz
5966	alien	10490554	ˈeɪliən
5967	locator	10478335	ˈloʊˌkeɪtər
5968	selecting	10477348	səˈlɛktɪŋ
5969	processors	10468305	ˈprɑˌsɛsərz
5970	pantyhose	10466075	ˈpæntiˌhoʊz
5972	broke	10460811	broʊk
5973	nepal	10459583	nəˈpɔl
5974	zimbabwe	10459195	zɪmˈbɑbweɪ
5975	difficulties	10456103	
5976	juan	10447286	
5977	complexity	10446732	
5979	constantly	10442685	ˈkɑnstəntli
5980	browsing	10442630	ˈbraʊzɪŋ
5981	resolve	10441751	riˈzɑlv
5982	barcelona	10433419	ˌbɑrsɪˈloʊnə
5983	presidential	10430695	ˌprɛzɪˈdɛnʃəl
5984	documentary	10429008	
5985	cod	10426143	
5986	territories	10425468	ˈtɛrəˌtɔriz
5987	melissa	10423009	məˈlɪsə
5988	moscow	10419336	
5989	thesis	10415545	ˈθiˌsɪs
5990	thru	10412942	θru
5991	jews	10410302	ʤuz
5992	nylon	10410171	ˈnaɪˌlɑn
5993	palestinian	10409985	ˌpælɪˈstɪniən
5994	discs	10404995	dɪsks
5995	rocky	10404321	ˈrɑki
5996	bargains	10403472	
5997	frequent	10400111	
5998	trim	10395161	trɪm
5999	nigeria	10392451	naɪˈʤɪriə
6000	ceiling	10391461	ˈsilɪŋ
6001	pixels	10381558	ˈpɪksəlz
6002	ensuring	10381359	
6003	hispanic	10379937	hɪˈspænɪk
6006	legislature	10375803	ˈlɛʤəsˌleɪʧər
6007	hospitality	10373383	ˌhɑspəˈtæləti
6008	gen	10369037	ʤɛn
6009	anybody	10367449	ˈɛnibədi
6010	procurement	10367032	proʊˈkjʊrmənt
6011	diamonds	10366433	ˈdaɪməndz
6013	fleet	10364423	flit
6015	bunch	10355431	bənʧ
6016	totals	10350962	ˈtoʊtəlz
6017	marriott	10350709	ˈmɛriət
6018	singing	10349448	ˈsɪŋɪŋ
6019	theoretical	10348868	ˌθiərˈɛtɪkəl
6020	afford	10348210	əˈfɔrd
6021	exercises	10346676	ˈɛksərˌsaɪzɪz
6022	starring	10342756	ˈstɑrɪŋ
6023	referral	10341537	rɪˈfərəl
6025	surveillance	10332765	sərˈveɪləns
6026	optimal	10331534	ˈɑptɪməl
6027	quit	10324803	kwɪt
6028	distinct	10323958	dɪˈstɪŋkt
6029	protocols	10321942	ˈproʊtəˌkɔlz
6030	lung	10318643	ləŋ
6031	highlight	10317486	ˈhaɪˌlaɪt
6032	substitute	10309868	ˈsəbstəˌtut
6033	inclusion	10305876	ˌɪnˈkluʒən
6034	hopefully	10304848	ˈhoʊpfəli
6035	brilliant	10302824	ˈbrɪljənt
6036	turner	10302792	ˈtərnər
6037	sucking	10301698	ˈsəkɪŋ
6038	cents	10301064	
6039	reuters	10296945	ˈrɔɪtərz
6042	gel	10294568	ʤɛl
6043	todd	10291963	tɑd
6044	spoken	10290440	ˈspoʊkən
6045	omega	10289113	
6046	evaluated	10288417	
6047	stayed	10286077	steɪd
6048	civic	10283668	ˈsɪvɪk
6049	assignments	10282466	əˈsaɪnmənts
6051	manuals	10278330	ˈmænjuəlz
6052	doug	10276664	dəg
6053	sees	10274243	siz
6054	termination	10274046	tərməˈneɪʃən
6055	watched	10266154	
6056	saver	10258158	ˈseɪvər
6057	thereof	10257549	ˌðɛˈrəv
6058	grill	10254124	grɪl
6059	households	10251054	ˈhaʊsˌhoʊldz
6061	redeem	10246248	rɪˈdim
6062	rogers	10246146	ˈrɑʤərz
6063	grain	10244623	greɪn
6064	aaa	10243983	ˌtrɪpəˈleɪ
6065	authentic	10235042	
6066	regime	10234937	
6067	wanna	10232302	ˈwɑnə
6068	wishes	10232199	ˈwɪʃɪz
6069	bull	10231851	bʊl
6070	montgomery	10230206	mɑntˈgəmri
6071	architectural	10225722	ˌɑrkəˈtɛkʧərəl
6072	louisville	10225533	ˈluiˌvɪl
6073	depend	10224227	dɪˈpɛnd
6074	differ	10224024	ˈdɪfər
6075	macintosh	10220501	ˈmækənˌtɔʃ
6076	movements	10217824	ˈmuvmənts
6077	ranging	10213057	ˈreɪnʤɪŋ
6078	monica	10210095	ˈmɑnɪkə
6079	repairs	10209005	
6080	breath	10208731	brɛθ
6081	amenities	10198635	əˈmɛnətiz
6082	virtually	10198413	
6083	cole	10196153	koʊl
6084	mart	10193683	mɑrt
6085	candle	10193393	ˈkændəl
6086	hanging	10190519	
6087	colored	10189750	ˈkələrd
6088	authorization	10187414	ˌɔθərəˈzeɪʃən
6089	tale	10186894	teɪl
6090	verified	10184772	ˈvɛrəˌfaɪd
6091	lynn	10183306	lɪn
6092	formerly	10182974	ˈfɔrmərli
6093	projector	10182117	prɑˈʤɛktər
6095	situated	10177869	ˈsɪʧuˌeɪtɪd
6096	comparative	10177483	kəmˈpærətɪv
6098	seeks	10174194	siks
6099	herbal	10173511	
6100	loving	10172381	ˈləvɪŋ
6101	strictly	10169150	ˈstrɪktli
6102	routing	10169123	
6103	docs	10167452	dɑks
6104	stanley	10160132	ˈstænli
6105	psychological	10159161	ˌsaɪkəˈlɑʤɪkəl
6106	surprised	10158243	
6107	retailer	10140662	ˈriˌteɪlər
6108	vitamins	10139447	ˈvaɪtəmənz
6109	elegant	10137738	ˈɛləgənt
6110	gains	10137566	geɪnz
6111	renewal	10134639	rɪˈnuəl
6113	genealogy	10127416	ˌʤiniˈɑləʤi
6114	opposed	10126959	əˈpoʊzd
6115	deemed	10124641	dimd
6116	scoring	10124355	ˈskɔrɪŋ
6117	expenditure	10121277	
6118	panties	10120827	ˈpæntiz
6119	brooklyn	10120132	
6120	liverpool	10118816	ˈlɪvərˌpul
6121	sisters	10116284	ˈsɪstərz
6122	critics	10114264	ˈkrɪtɪks
6123	connectivity	10113914	kənɛkˈtɪvɪti
6124	spots	10109662	spɑts
6126	algorithms	10105789	ˈælgərˌɪðəmz
6127	hacker	10105645	ˈhækər
6128	madrid	10103341	məˈdrɪd
6129	similarly	10101415	ˈsɪmələrli
6130	margin	10100139	ˈmɑrʤən
6131	coin	10095328	kɔɪn
6133	solely	10091700	ˈsoʊəli
6134	fake	10088583	feɪk
6135	salon	10079006	səˈlɑn
6136	collaborative	10064088	
6137	norman	10063272	ˈnɔrmən
6139	excluding	10062992	ɪkˈskludɪŋ
6140	turbo	10058686	ˈtərboʊ
6141	headed	10058504	
6142	voters	10058315	ˈvoʊtərz
6143	cure	10046948	kjʊr
6144	madonna	10044163	məˈdɑnə
6145	commander	10043511	kəˈmændər
6146	arch	10040050	ɑrʧ
6148	murphy	10035536	ˈmərfi
6149	thinks	10035159	θɪŋks
6151	suggestion	10033796	səˈʤɛsʧən
6153	soldier	10032017	ˈsoʊlʤər
6154	phillips	10031448	ˈfɪlɪps
6156	aimed	10030370	eɪmd
6157	justin	10029711	
6158	bomb	10028218	
6159	harm	10026586	hɑrm
6160	interval	10026043	ˈɪntərvəl
6161	mirrors	10025204	ˈmɪrərz
6162	spotlight	10022271	ˈspɑˌtlaɪt
6163	tricks	10022185	trɪks
6164	reset	10021033	
6165	brush	10018684	brəʃ
6166	investigate	10018280	ˌɪnˈvɛstəˌgeɪt
6167	thy	10017433	ðaɪ
6169	panels	10016948	ˈpænəlz
6170	repeated	10015447	
6171	assault	10011305	əˈsɔlt
6172	connecting	10011002	kəˈnɛktɪŋ
6173	spare	10009522	spɛr
6174	logistics	10008708	ləˈʤɪstɪks
6175	deer	10007644	dɪr
6176	kodak	10005470	ˈkoʊˌdæk
6177	tongue	10002563	təŋ
6178	bowling	9997649	ˈboʊlɪŋ
6179	tri	9995307	traɪ
6180	danish	9987098	ˈdeɪnɪʃ
6181	pal	9987022	pæl
6182	monkey	9983383	ˈməŋki
6183	proportion	9983303	prəˈpɔrʃən
6185	skirt	9981485	skərt
6186	florence	9981320	ˈflɔrəns
6187	invest	9979906	ˌɪnˈvɛst
6188	honey	9978043	ˈhəni
6190	analyses	9976066	
6191	drawings	9975478	drɔɪŋz
6192	significance	9974078	
6193	scenario	9972760	sɪˈnɛrioʊ
6196	lovers	9957546	ˈləvərz
6197	atomic	9957374	əˈtɑmɪk
6199	symposium	9954499	sɪmˈpoʊziəm
6200	arabic	9954108	
6201	gauge	9952466	geɪʤ
6202	essentials	9949208	
6203	junction	9946903	ˈʤəŋkʃən
6204	protecting	9941975	prəˈtɛktɪŋ
6206	faced	9938155	feɪst
6207	mat	9937738	mæt
6208	rachel	9937223	ˈreɪʧəl
6209	solving	9935681	ˈsɑlvɪŋ
6210	transmitted	9934463	
6211	weekends	9928005	ˈwiˌkɛndz
6213	produces	9926309	
6214	oven	9926264	ˈəvən
6215	ted	9926083	tɛd
6216	intensive	9923252	ˌɪnˈtɛnsɪv
6217	chains	9922983	ʧeɪnz
6218	kingston	9921225	ˈkɪŋstən
6219	sixth	9920054	sɪksθ
6220	engage	9919952	ɪnˈgeɪʤ
6221	deviant	9917990	ˈdiviənt
6222	noon	9917780	nun
6223	switching	9915827	sˈwɪʧɪŋ
6224	quoted	9915470	kˈwoʊtɪd
6225	adapters	9914081	əˈdæptərz
6226	correspondence	9911984	ˌkɔrəˈspɑndəns
6227	farms	9908537	fɑrmz
6228	imports	9905359	
6229	supervision	9904839	ˌsupərˈvɪʒən
6230	cheat	9903572	ʧit
6231	bronze	9903268	brɑnz
6232	expenditures	9900734	
6233	sandy	9897487	ˈsændi
6234	separation	9895531	ˌsɛpərˈeɪʃən
6235	testimony	9893472	ˈtɛstɪˌmoʊni
6236	suspect	9889728	
6237	celebrities	9887793	səˈlɛbrɪtiz
6238	macro	9885853	ˈmækroʊ
6239	sender	9885826	ˈsɛndər
6240	mandatory	9884397	ˈmændəˌtɔri
6241	boundaries	9884011	
6242	crucial	9880976	ˈkruʃəl
6243	syndication	9873537	ˌsɪndɪˈkeɪʃən
6244	gym	9872500	ʤɪm
6245	celebration	9872199	ˌsɛləˈbreɪʃən
6247	adjacent	9869232	əˈʤeɪsənt
6248	filtering	9862849	ˈfɪltərɪŋ
6249	tuition	9860033	tjuˈɪʃən
6250	spouse	9858936	spaʊs
6251	exotic	9858662	ɪgˈzɑtɪk
6252	viewer	9858416	vjuər
6254	threats	9849639	θrɛts
6255	luxembourg	9848763	
6256	puzzles	9847032	ˈpəzəlz
6257	reaching	9832263	ˈriʧɪŋ
6259	damaged	9826789	
6261	receptor	9823615	riˈsɛptər
6262	piss	9822831	pɪs
6263	laugh	9822471	læf
6264	joel	9814525	ʤoʊəl
6265	surgical	9811901	ˈsərʤɪkəl
6266	destroy	9811516	dɪˈstrɔɪ
6267	citation	9810893	saɪˈteɪʃən
6268	pitch	9800556	pɪʧ
6269	autos	9798008	ˈɔtoʊz
6271	premises	9787665	ˈprɛməsəz
6272	perry	9785838	ˈpɛri
6273	proved	9782793	pruvd
6274	offensive	9781246	əˈfɛnsɪv
6275	imperial	9776810	ˌɪmˈpɪriəl
6276	dozen	9776227	ˈdəzən
6277	benjamin	9775193	ˈbɛnʤəmən
6278	deployment	9774331	dɪˈplɔɪmənt
6279	teeth	9769437	tiθ
6280	cloth	9764137	klɔθ
6281	studying	9763653	ˈstədiɪŋ
6282	colleagues	9762059	ˈkɑligz
6283	stamp	9760468	stæmp
6284	lotus	9759485	ˈloʊtəs
6285	salmon	9757346	ˈsæmən
6286	olympus	9753199	oʊˈlɪmpəs
6287	separated	9752054	
6289	cargo	9748668	ˈkɑrˌgoʊ
6290	tan	9747576	tæn
6291	directive	9746031	
6293	salem	9735569	ˈseɪləm
6294	mate	9732445	meɪt
6296	starter	9730619	ˈstɑrtər
6297	upgrades	9728964	
6298	likes	9727733	laɪks
6299	butter	9727172	ˈbətər
6300	pepper	9725001	ˈpɛpər
6301	weapon	9724562	ˈwɛpən
6302	luggage	9723336	
6303	burden	9722173	ˈbərdən
6304	chef	9722004	ʃɛf
6305	tapes	9719559	teɪps
6306	zones	9719114	zoʊnz
6307	races	9715279	
6308	isle	9714155	aɪl
6309	stylish	9708474	ˈstaɪlɪʃ
6310	slim	9707476	slɪm
6311	maple	9704551	ˈmeɪpəl
6312	luke	9699611	luk
6313	grocery	9699375	
6314	offshore	9689804	ˈɔfˈʃɔr
6315	governing	9689657	ˈgəvərnɪŋ
6316	retailers	9688459	ˈriˌteɪlərz
6317	depot	9688338	ˈdipoʊ
6318	kenneth	9685446	ˈkɛnɪθ
6319	comp	9681817	kɑmp
6320	alt	9681244	ɑlt
6321	pie	9681219	paɪ
6322	blend	9680982	blɛnd
6323	harrison	9680496	ˈhɛrɪsən
6325	julie	9674906	ˈʤuli
6326	occasionally	9674433	ɔˈkeɪʒənəˌli
6327	cbs	9672500	ˈsiˌbiˌɛs
6328	attending	9672057	əˈtɛndɪŋ
6329	emission	9671794	ɪˈmɪʃən
6330	pete	9671293	pit
6331	spec	9669417	spɛk
6332	finest	9668295	ˈfaɪnəst
6333	realty	9667732	ˈriəlˌti
6334	janet	9666108	
6335	bow	9663748	
6336	penn	9662639	pɛn
6337	recruiting	9662362	
6338	apparent	9650402	əˈpɛrənt
6339	instructional	9650006	ˌɪnˈstrəkʃənəl
6341	autumn	9649500	ˈɔtəm
6342	traveling	9647591	
6343	probe	9643801	proʊb
6344	midi	9642188	ˈmidi
6345	permissions	9632465	pərˈmɪʃənz
6346	biotechnology	9631572	ˌbaɪoʊˌtɛkˈnɑləʤi
6347	toilet	9622554	ˈtɔɪlət
6348	ranked	9621386	ræŋkt
6349	jackets	9619919	ˈʤækɪts
6350	routes	9615627	
6351	packed	9614167	pækt
6352	excited	9611150	
6353	outreach	9602202	ˈaʊˌtriʧ
6354	helen	9600641	ˈhɛlən
6355	mounting	9600438	ˈmaʊntɪŋ
6356	recover	9597891	rɪˈkəvər
6357	tied	9593428	taɪd
6358	lopez	9593132	ˈloʊpɛz
6359	balanced	9592756	ˈbælənst
6360	prescribed	9590926	priˈskraɪbd
6361	catherine	9589100	
6362	timely	9583522	ˈtaɪmli
6363	talked	9582713	tɔkt
6365	debug	9581095	diˈbəg
6366	delayed	9579826	dɪˈleɪd
6367	chuck	9574825	ʧək
6368	reproduced	9570000	ˌriprəˈdust
6369	hon	9569133	hɑn
6370	dale	9568925	deɪl
6371	explicit	9568886	ɪkˈsplɪsət
6372	calculation	9564034	ˌkælkjəˈleɪʃən
6373	villas	9561315	ˈvɪləz
6375	consolidated	9557816	kənˈsɑləˌdeɪtəd
6376	boob	9557488	bub
6377	exclude	9556992	ɪkˈsklud
6378	peeing	9555730	piɪŋ
6379	occasions	9550945	ɔˈkeɪʒənz
6380	brooks	9546939	brʊks
6381	equations	9545165	ɪkˈweɪʒənz
6382	newton	9540561	ˈnutən
6383	oils	9540418	ɔɪlz
6384	sept	9540361	sɛpt
6385	exceptional	9539321	ɪkˈsɛpʃənəl
6386	anxiety	9539030	æŋˈzaɪəti
6387	bingo	9539002	ˈbɪŋgoʊ
6388	whilst	9537785	waɪlst
6389	spatial	9537716	ˈspeɪʃəl
6390	respondents	9534943	rɪˈspɑndənts
6391	unto	9533187	ˈəntu
6393	ceramic	9531846	sərˈæmɪk
6394	prompt	9531069	prɑmpt
6395	precious	9529904	ˈprɛʃəs
6396	minds	9529696	maɪndz
6397	annually	9528962	ˈænjuəli
6398	considerations	9523594	kənˌsɪdərˈeɪʃənz
6399	scanners	9520219	ˈskænərz
6400	atm	9510909	ˈeɪˌtiˈɛm
6401	xanax	9510471	ˈzænæks
6403	pays	9505614	peɪz
6404	cox	9503104	kɑks
6405	fingers	9498899	ˈfɪŋgərz
6406	sunny	9497382	ˈsəni
6408	delivers	9496295	dɪˈlɪvərz
6410	queensland	9493358	kˈwinzˌlænd
6411	necklace	9492391	ˈnɛkləs
6412	musicians	9491482	mjuˈzɪʃənz
6413	leeds	9491065	lidz
6414	composite	9490002	
6415	unavailable	9486162	ˌənəˈveɪləbəl
6416	cedar	9484993	ˈsidər
6417	arranged	9483767	əreɪnʤd
6418	lang	9483612	læŋ
6419	theaters	9481745	ˈθiətərz
6420	advocacy	9478772	ˈædvəkəsi
6421	raleigh	9478304	ˈrɔli
6422	stud	9477498	stəd
6423	fold	9476623	foʊld
6424	essentially	9474655	
6425	designing	9473961	dɪˈzaɪnɪŋ
6426	threaded	9473827	
6428	qualify	9469457	kˈwɑləˌfaɪ
6429	fingering	9463805	ˈfɪŋgərɪŋ
6430	blair	9463587	blɛr
6431	hopes	9462715	hoʊps
6432	assessments	9462624	əˈsɛsmənts
6434	mason	9461838	ˈmeɪsən
6435	diagram	9460260	ˈdaɪəˌgræm
6436	burns	9460104	bərnz
6437	pumps	9456489	pəmps
6438	slut	9456308	slət
6439	ejaculation	9454899	iˌʤækjuˈleɪʃən
6440	footwear	9454184	ˈfʊtˌwɛr
6442	vic	9452560	vɪk
6443	beijing	9452095	ˌbeɪˈʒɪŋ
6444	peoples	9449074	ˈpipəlz
6445	victor	9448878	ˈvɪktər
6446	mario	9447559	ˈmɑrioʊ
6447	pos	9445257	
6448	attach	9442716	əˈtæʧ
6449	licenses	9442167	ˈlaɪsənsɪz
6451	removing	9439327	riˈmuvɪŋ
6452	advised	9436986	
6453	brunswick	9436844	ˈbrənzwɪk
6454	spider	9436277	ˈspaɪdər
6456	ranges	9432991	
6457	pairs	9432115	pɛrz
6458	sensitivity	9431504	ˌsɛnsɪˈtɪvɪti
6459	trails	9428983	treɪlz
6460	preservation	9427816	ˌprɛzərˈveɪʃən
6461	hudson	9427258	ˈhədsən
6462	isolated	9421703	
6463	calgary	9415992	ˈkælgəri
6464	interim	9415083	
6465	assisted	9413705	
6466	divine	9413498	dɪˈvaɪn
6467	streaming	9413174	ˈstrimɪŋ
6468	approve	9410993	əˈpruv
6469	chose	9409845	ʧoʊz
6470	compound	9406648	
6471	intensity	9405746	ˌɪnˈtɛnsɪti
6472	technological	9404975	ˌtɛknəˈlɑʤɪkəl
6473	syndicate	9403719	
6474	abortion	9397315	əˈbɔrʃən
6475	dialog	9396449	ˈdaɪəlɔg
6476	venues	9389442	ˈvɛnuz
6477	blast	9387171	blæst
6478	wellness	9382967	ˈwɛlnəs
6479	calcium	9382761	ˈkælsiəm
6480	newport	9381857	ˈnupɔrt
6482	addressing	9378374	æˈdrɛsɪŋ
6483	pole	9377429	poʊl
6484	discounted	9376380	
6485	indians	9375105	ˈɪndiənz
6486	shield	9374574	ʃild
6487	harvest	9368863	ˈhɑrvəst
6488	membrane	9368378	ˈmɛmˌbreɪn
6489	prague	9367126	prɑg
6490	previews	9367114	ˈprivˌjuz
6491	bangladesh	9366062	ˈbæŋləˌdɛʃ
6492	constitute	9358523	ˈkɑnstəˌtut
6493	locally	9356689	ˈloʊkəli
6494	concluded	9354983	
6495	pickup	9354139	ˈpɪˌkəp
6496	desperate	9350873	
6497	mothers	9349761	ˈməðərz
6498	nascar	9349675	ˈnæˌskɑr
6499	iceland	9348645	ˈaɪslənd
6500	demonstration	9347680	ˌdɛmənˈstreɪʃən
6501	governmental	9346318	
6502	manufactured	9345751	ˌmænjəˈfækʧərd
6503	candles	9345477	ˈkændəlz
6504	graduation	9345222	
6505	mega	9345031	ˈmɛgə
6506	bend	9342191	bɛnd
6507	sailing	9341445	ˈseɪlɪŋ
6508	variations	9333993	ˌvɛriˈeɪʃənz
6509	moms	9332513	mɑmz
6510	sacred	9331652	
6511	addiction	9331004	əˈdɪkʃən
6512	morocco	9330705	mərˈɑkoʊ
6513	chrome	9329259	kroʊm
6514	tommy	9327874	ˈtɑmi
6515	springfield	9324045	ˈsprɪŋˌfild
6516	refused	9323160	
6517	brake	9321885	breɪk
6518	exterior	9319730	ɪkˈstɪriər
6519	greeting	9318491	ˈgritɪŋ
6520	ecology	9315770	
6521	oliver	9312468	
6522	congo	9310976	ˈkɑŋgoʊ
6523	glen	9308838	glɛn
6524	botswana	9305924	bɑtsˈwɑnə
6525	nav	9305379	næv
6526	delays	9301670	dɪˈleɪz
6527	synthesis	9299369	ˈsɪnθəsəs
6528	olive	9298184	
6529	undefined	9295355	ˌəndɪˈfaɪnd
6530	unemployment	9291396	ˌənɪmˈplɔɪmənt
6531	cyber	9289150	ˈsaɪbər
6532	verizon	9288236	ˌvɛˈraɪzən
6533	scored	9286364	skɔrd
6534	enhancement	9286231	ɛnˈhænsmənt
6535	newcastle	9284584	ˈnuˌkæsəl
6536	clone	9284578	kloʊn
6537	dicks	9280692	dɪks
6538	velocity	9279532	vəˈlɑsəti
6539	lambda	9279528	ˈlæmdə
6540	relay	9275052	ˈriˌleɪ
6541	composed	9274507	kəmˈpoʊzd
6542	tears	9274206	
6543	performances	9272429	
6544	oasis	9270498	oʊˈeɪsɪs
6545	baseline	9270123	ˈbeɪsˌlaɪn
6546	cab	9268943	kæb
6547	angry	9267505	ˈæŋgri
6549	societies	9260047	səˈsaɪɪtiz
6550	silicon	9257759	ˈsɪləkən
6551	brazilian	9253959	brəˈzɪljən
6552	identical	9249252	aɪˈdɛntɪkəl
6553	petroleum	9246183	pəˈtroʊliəm
6554	compete	9245630	kəmˈpit
6556	norwegian	9238765	ˌnɔrˈwiʤən
6557	lover	9234545	ˈləvər
6558	belong	9233597	bɪˈlɔŋ
6559	honolulu	9232306	ˌhɑnəˈlulu
6560	beatles	9231396	ˈbitəlz
6561	lips	9228435	lɪps
6562	escort	9226628	
6563	retention	9226062	riˈtɛnʃən
6564	exchanges	9223640	
6565	pond	9223378	pɑnd
6566	rolls	9220414	roʊlz
6567	thomson	9218657	ˈtɑmsən
6568	barnes	9216649	bɑrnz
6569	soundtrack	9215529	
6570	wondering	9214753	ˈwəndərɪŋ
6571	malta	9212218	ˈmɔltə
6572	daddy	9211193	ˈdædi
6574	ferry	9208954	ˈfɛri
6575	rabbit	9208689	
6576	profession	9208483	prəˈfɛʃən
6577	seating	9207831	ˈsitɪŋ
6578	dam	9204248	dæm
6579	cnn	9199332	ˈsiˈɛˈnɛn
6580	separately	9199179	
6581	physiology	9197243	ˌfɪziˈɑləʤi
6582	lil	9197038	lɪl
6583	collecting	9196546	kəˈlɛktɪŋ
6584	das	9195872	
6585	exports	9195244	ˈɛkspɔrts
6586	omaha	9193841	ˈoʊməˌhɑ
6587	tire	9192117	taɪər
6588	participant	9190865	pɑrˈtɪsəpənt
6589	scholarships	9190488	ˈskɑlərˌʃɪps
6590	recreational	9183129	ˌrɛkriˈeɪʃənəl
6591	dominican	9182019	dəˈmɪnəkən
6592	chad	9176989	ʧæd
6593	electron	9176181	ˌɪˈlɛktrɑn
6594	loads	9175948	loʊdz
6595	friendship	9175451	ˈfrɛndʃɪp
6596	heather	9170875	ˈhɛðər
6597	passport	9170570	ˈpæˌspɔrt
6598	motel	9170238	moʊˈtɛl
6599	unions	9167657	ˈjunjənz
6600	treasury	9167640	ˈtrɛʒəri
6601	warrant	9167246	ˈwɔrənt
6603	solaris	9166466	soʊˈlɛrɪs
6604	frozen	9165551	ˈfroʊzən
6605	occupied	9165435	ˈɑkjəˌpaɪd
6606	josh	9163898	ʤɑʃ
6607	royalty	9162860	ˈrɔɪəlti
6608	scales	9162147	skeɪlz
6609	rally	9155530	ˈræli
6610	observer	9155080	əbˈzərvər
6611	sunshine	9152357	ˈsənˌʃaɪn
6612	strain	9151339	streɪn
6613	drag	9150581	dræg
6614	ceremony	9150049	ˈsɛrəˌmoʊni
6615	somehow	9149642	ˈsəmˌhaʊ
6616	arrested	9147670	
6617	expanding	9147487	ɪkˈspændɪŋ
6618	provincial	9144703	prəˈvɪnʃəl
6619	investigations	9139993	ˌɪnˌvɛstəˈgeɪʃənz
6621	ripe	9136158	raɪp
6622	yamaha	9134279	ˈjɑmɑˌhɑ
6623	rely	9132658	
6624	medications	9128659	ˌmɛdəˈkeɪʃənz
6625	hebrew	9126538	ˈhibru
6626	gained	9124289	geɪnd
6627	rochester	9124031	ˈrɑˌʧɛstər
6628	dying	9123557	daɪɪŋ
6629	laundry	9123546	ˈlɔndri
6630	stuck	9120620	stək
6631	solomon	9120064	ˈsɑləmən
6632	placing	9118766	ˈpleɪsɪŋ
6633	stops	9118589	stɑps
6634	homework	9116821	ˈhoʊmˌwərk
6635	adjust	9115016	əˈʤəst
6636	assessed	9112773	əˈsɛst
6637	advertiser	9111848	ˈædvərˌtaɪzər
6638	enabling	9108041	
6639	encryption	9106010	ɛnˈkrɪpʃən
6640	filling	9103402	ˈfɪlɪŋ
6642	sophisticated	9100034	
6643	imposed	9098534	ˌɪmˈpoʊzd
6644	silence	9096561	ˈsaɪləns
6646	focuses	9095206	
6647	soviet	9095147	
6648	possession	9088454	pəˈzɛʃən
6650	laboratories	9087221	ˈlæbrəˌtɔriz
6651	treaty	9086189	ˈtriti
6652	vocal	9082826	ˈvoʊkəl
6653	trainer	9081168	ˈtreɪnər
6654	organ	9077449	ˈɔrgən
6655	stronger	9076588	ˈstrɔŋgər
6656	volumes	9076451	ˈvɑljumz
6657	advances	9067771	ədˈvænsɪz
6658	vegetables	9067552	ˈvɛʤtəbəlz
6659	lemon	9066930	ˈlɛmən
6660	toxic	9065369	ˈtɑksɪk
6663	darkness	9058089	ˈdɑrknəs
6664	pty	9057527	taɪ
6666	nuts	9053763	nəts
6667	nail	9051805	neɪl
6669	vienna	9051157	viˈɛnə
6670	implied	9050427	ˌɪmˈplaɪd
6671	span	9047179	spæn
6672	stanford	9047134	ˈstænfərd
6673	sox	9046134	sɑks
6674	stockings	9044052	ˈstɑkɪŋz
6675	joke	9043968	ʤoʊk
6676	respondent	9040827	rɪˈspɑndənt
6677	packing	9039257	ˈpækɪŋ
6678	statute	9035618	ˈstæʧut
6679	rejected	9035260	
6680	satisfy	9029773	
6681	destroyed	9026486	dɪˈstrɔɪd
6682	shelter	9025308	ˈʃɛltər
6683	chapel	9025153	ˈʧæpəl
6685	manufacture	9020752	ˌmænjəˈfækʧər
6686	layers	9018453	leɪərz
6688	guided	9015660	
6689	vulnerability	9013560	ˌvəlnərəˈbɪlɪti
6690	accountability	9011124	əˈkaʊntəˌbɪlɪti
6691	celebrate	9010814	ˈsɛləˌbreɪt
6692	accredited	9006302	əˈkrɛdɪtɪd
6693	appliance	9005645	əˈplaɪəns
6694	compressed	9004826	kəmˈprɛst
6695	bahamas	9002602	bəˈhɑməz
6696	powell	9001251	ˈpɑwɛl
6697	mixture	8996041	ˈmɪksʧər
6699	bench	8992211	bɛnʧ
6701	tub	8990811	təb
6702	rider	8987802	ˈraɪdər
6703	scheduling	8986610	
6704	radius	8985161	ˈreɪdiəs
6705	perspectives	8983024	pərˈspɛktɪvz
6706	mortality	8978176	mɔrˈtæləti
6707	logging	8976964	ˈlɔgɪŋ
6708	hampton	8975507	ˈhæmptən
6709	christians	8974444	
6710	borders	8974127	ˈbɔrdərz
6711	therapeutic	8971499	ˌθɛrəˈpjutɪk
6712	pads	8971153	pædz
6713	butts	8968856	bəts
6714	inns	8968593	ɪnz
6715	bobby	8964342	ˈbɑbi
6716	impressive	8963757	ˌɪmˈprɛsɪv
6717	sheep	8962638	ʃip
6718	accordingly	8960086	əˈkɔrdɪŋli
6719	architect	8954294	ˈɑrkəˌtɛkt
6720	railroad	8948891	ˈreɪˌlroʊd
6721	lectures	8946545	ˈlɛkʧərz
6722	challenging	8944912	ˈʧælənʤɪŋ
6723	wines	8939582	waɪnz
6724	nursery	8938613	ˈnərsəri
6725	harder	8937729	ˈhɑrdər
6726	cups	8935485	kəps
6727	ash	8934811	æʃ
6728	microwave	8934594	ˈmaɪkrəˌweɪv
6729	cheapest	8933030	ˈʧipəst
6730	accidents	8930846	ˈæksədənts
6732	relocation	8929354	ˌriˈloʊˈkeɪʃən
6733	stuart	8927715	
6734	contributors	8924784	kənˈtrɪbjətərz
6735	salvador	8924572	ˈsælvəˌdɔr
6736	ali	8924192	ˈɑli
6737	salad	8923706	ˈsæləd
6739	monroe	8922026	mənˈroʊ
6740	tender	8921535	ˈtɛndər
6741	violations	8918978	vaɪəˈleɪʃənz
6742	foam	8915164	foʊm
6743	temperatures	8913207	
6744	paste	8913055	peɪst
6745	clouds	8913052	klaʊdz
6746	competitions	8912029	ˌkɑmpəˈtɪʃənz
6747	discretion	8911298	dɪˈskrɛʃən
6749	tanzania	8910566	
6750	preserve	8910519	
6752	poem	8908949	poʊəm
6753	vibrator	8904602	ˈvaɪbreɪtər
6754	unsigned	8901333	ənˈsaɪnd
6755	staying	8900981	steɪɪŋ
6756	cosmetics	8900972	kɑzˈmɛtɪks
6757	easter	8899534	ˈistər
6758	theories	8895360	
6759	repository	8892664	riˈpɑzəˌtɔri
6760	praise	8892149	preɪz
6761	jeremy	8892076	ˈʤɛrəˌmi
6762	venice	8890952	
6764	concentrations	8887519	ˌkɑnsənˈtreɪʃənz
6766	estonia	8886653	ɛˈstoʊniə
6767	christianity	8886615	ˌkrɪsʧiˈænɪti
6768	veteran	8886185	
6769	streams	8882706	strimz
6770	landing	8882585	ˈlændɪŋ
6771	signing	8879976	ˈsaɪnɪŋ
6772	executed	8879901	ˈɛksəˌkjutɪd
6773	katie	8878399	ˈkeɪti
6774	negotiations	8877079	
6775	realistic	8874648	ˌriəˈlɪstɪk
6778	showcase	8869023	ˈʃoʊˌkeɪs
6779	integral	8867484	
6780	asks	8865097	æsks
6781	relax	8856944	
6782	namibia	8853770	nəˈmɪbiə
6783	generating	8850249	ˈʤɛnərˌeɪtɪŋ
6784	christina	8849356	krɪˈstinə
6785	congressional	8848585	kənˈgrɛʃənəl
6786	synopsis	8848268	sɪˈnɑpsɪs
6787	hardly	8845763	ˈhɑrdli
6788	prairie	8843835	ˈprɛri
6789	reunion	8840817	riˈunjən
6790	composer	8839743	kəmˈpoʊzər
6791	bean	8839308	bin
6792	sword	8835685	sɔrd
6793	absent	8831540	ˈæbsənt
6794	photographic	8830744	ˌfoʊtəˈgræfɪk
6795	sells	8827377	sɛlz
6796	ecuador	8826169	ˈɛkwəˌdɔr
6797	hoping	8825881	ˈhoʊpɪŋ
6798	accessed	8825205	ˈækˌsɛst
6799	spirits	8819959	ˈspɪrɪts
6800	modifications	8819107	ˌmɑdəfəˈkeɪʃənz
6801	coral	8818272	ˈkɔrəl
6802	pixel	8813200	ˈpɪksəl
6803	float	8808655	floʊt
6804	colin	8807299	ˈkoʊlɪn
6805	bias	8807284	baɪəs
6806	imported	8806670	ˌɪmˈpɔrtɪd
6807	paths	8806073	
6808	bubble	8806043	ˈbəbəl
6809	por	8804069	pɔr
6810	acquire	8803690	əkˈwaɪər
6811	contrary	8799793	
6812	millennium	8798222	məˈlɛniəm
6813	tribune	8797383	ˈtrɪbjun
6814	vessel	8794883	ˈvɛsəl
6815	acids	8793940	ˈæsədz
6816	focusing	8787624	
6817	viruses	8786573	
6818	cheaper	8786062	ˈʧipər
6819	admitted	8784950	ədˈmɪtəd
6820	dairy	8781961	ˈdɛri
6821	admit	8780656	ədˈmɪt
6823	fancy	8777135	ˈfænsi
6824	equality	8776326	ɪkˈwɑləti
6825	samoa	8775146	səˈmoʊə
6827	achieving	8773550	əˈʧivɪŋ
6828	tap	8770914	tæp
6829	stickers	8766678	ˈstɪkərz
6830	fisheries	8764667	ˈfɪʃəriz
6831	exceptions	8761002	ɪkˈsɛpʃənz
6832	reactions	8756359	riˈækʃənz
6833	leasing	8753305	ˈlisɪŋ
6834	lauren	8749769	ˈlɔrən
6835	beliefs	8748050	bɪˈlifs
6837	macromedia	8745988	ˌmækroʊˈmidiə
6838	companion	8745556	kəmˈpænjən
6839	squad	8744772	skwɑd
6840	analyze	8744719	ˈænəˌlaɪz
6841	ashley	8743561	ˈæʃli
6842	scroll	8741548	skroʊl
6843	relate	8740432	
6844	divisions	8740349	dɪˈvɪʒənz
6845	swim	8739102	swɪm
6846	wages	8737438	
6847	additionally	8737401	əˈdɪʃəˌnəli
6848	suffer	8733670	ˈsəfər
6849	forests	8729343	ˈfɔrəsts
6850	fellowship	8728834	ˈfɛloʊˌʃɪp
6851	nano	8724156	
6852	invalid	8718056	
6853	concerts	8711517	
6854	martial	8710009	ˈmɑrʃəl
6855	males	8708016	meɪlz
6856	victorian	8705544	vɪkˈtɔriən
6857	retain	8703797	
6859	execute	8698527	ˈɛksəˌkjut
6860	tunnel	8697960	ˈtənəl
6861	genres	8694858	ˈʒɑnrəz
6862	cambodia	8694511	ˌkæmˈboʊdiə
6863	patents	8694302	ˈpætənts
6864	copyrights	8691928	ˈkɑpiˌraɪts
6866	chaos	8690268	keɪɑs
6867	lithuania	8688361	ˌlɪθəˈweɪniə
6868	mastercard	8687804	ˈmæstərˌkɑrd
6869	wheat	8685589	
6870	chronicles	8685154	ˈkrɑnɪkəlz
6871	obtaining	8683426	əbˈteɪnɪŋ
6872	beaver	8682215	ˈbivər
6873	updating	8678834	
6874	distribute	8678754	dɪˈstrɪbjut
6875	readings	8678675	ˈridɪŋz
6876	decorative	8674671	ˈdɛkrətɪv
6878	confused	8673715	kənfˈjuzd
6879	compiler	8666924	kəmˈpaɪlər
6880	enlargement	8665117	ˌɛnˈlɑrʤmənt
6881	eagles	8664871	ˈigəlz
6882	bases	8663363	
6884	accused	8659913	əˈkjuzd
6885	bee	8659734	bi
6886	campaigns	8659113	kæmˈpeɪnz
6887	unity	8657709	
6888	loud	8653692	laʊd
6889	conjunction	8652516	kənˈʤəŋkʃən
6890	bride	8650665	braɪd
6891	rats	8649718	ræts
6892	defines	8645360	dɪˈfaɪnz
6893	airports	8640814	ˈɛrˌpɔrts
6894	instances	8636454	
6895	indigenous	8636449	ˌɪnˈdɪʤənəs
6896	begun	8636352	
6898	brunette	8635091	bruˈnɛt
6899	packets	8634757	ˈpækɪts
6900	anchor	8633382	ˈæŋkər
6901	socks	8632058	sɑks
6902	validation	8630880	ˌvæləˈdeɪʃən
6903	parade	8629746	pəreɪd
6904	corruption	8628385	kərˈəpʃən
6905	stat	8628104	stæt
6906	trigger	8626739	ˈtrɪgər
6907	incentives	8625429	
6908	cholesterol	8620700	
6909	gathered	8619411	ˈgæðərd
6910	essex	8617835	ˈɛsɪks
6911	slovenia	8617537	sˌloʊˈviniə
6912	notified	8617516	ˈnoʊtəˌfaɪd
6913	differential	8617224	ˌdɪfərˈɛnʃəl
6914	beaches	8617066	
6915	folders	8612253	ˈfoʊldərz
6916	dramatic	8612079	drəˈmætɪk
6917	surfaces	8610304	
6918	terrible	8610277	ˈtɛrəbəl
6919	routers	8604416	
6920	cruz	8604297	kruz
6921	pendant	8603520	ˈpɛndənt
6922	dresses	8602214	
6923	baptist	8600706	
6924	scientist	8600655	ˈsaɪəntɪst
6926	hiring	8600151	ˈhaɪrɪŋ
6927	clocks	8598993	klɑks
6928	arthritis	8597099	
6929	bios	8597047	baɪoʊs
6930	females	8595390	ˈfiˌmeɪlz
6931	wallace	8591343	
6932	nevertheless	8587591	ˌnɛvərðəˈlɛs
6933	reflects	8586062	
6934	taxation	8584169	tækˈseɪʃən
6935	fever	8582665	ˈfivər
6937	cuisine	8575966	kwɪˈzin
6938	surely	8574112	ˈʃʊrli
6939	practitioners	8572140	prækˈtɪʃənərz
6940	transcript	8571931	ˈtrænˌskrɪpt
6941	myspace	8571480	ˈmaɪˌspeɪs
6942	theorem	8569908	ˈθɪrəm
6943	inflation	8567769	ˌɪnˈfleɪʃən
6944	thee	8564377	ði
6946	ruth	8563167	ruθ
6947	pray	8562732	preɪ
6948	stylus	8562046	ˈstaɪləs
6949	compounds	8561772	
6950	pope	8560878	poʊp
6951	drums	8560748	drəmz
6952	contracting	8560554	ˈkɑntræktɪŋ
6953	topless	8553761	ˈtɑpləs
6954	arnold	8551232	ˈɑrnəld
6955	structured	8549448	ˈstrəkʧərd
6956	reasonably	8548385	ˈrizənəbli
6957	jeep	8547455	ʤip
6958	chicks	8546991	ʧɪks
6959	bare	8546200	bɛr
6960	hung	8543618	həŋ
6961	cattle	8542988	ˈkætəl
6962	mba	8542630	ˈɛmˈbiˈeɪ
6963	radical	8540978	ˈrædɪkəl
6964	graduates	8538966	
6965	rover	8537021	ˈroʊvər
6966	recommends	8536378	ˌrɛkəˈmɛndz
6967	controlling	8536013	kənˈtroʊlɪŋ
6968	treasure	8534047	ˈtrɛʒər
6969	reload	8533926	riˈloʊd
6970	distributors	8531840	dɪˈstrɪbjətərz
6971	flame	8527495	fleɪm
6973	tanks	8526525	tæŋks
6974	assuming	8525795	əˈsumɪŋ
6975	monetary	8524903	ˈmɑnəˌtɛri
6976	elderly	8524071	ˈɛldərli
6977	pit	8523152	pɪt
6978	arlington	8522010	ˈɑrlɪŋtən
6979	mono	8520822	ˈmoʊnoʊ
6980	particles	8520598	
6981	floating	8519508	ˈfloʊtɪŋ
6982	extraordinary	8513936	
6983	tile	8509304	taɪl
6984	indicating	8506888	ˈɪndəˌkeɪtɪŋ
6985	bolivia	8506635	
6986	spell	8506049	spɛl
6987	hottest	8505915	ˈhɑtəst
6988	stevens	8504380	ˈstivənz
6989	coordinate	8502942	
6990	kuwait	8500528	kuˈweɪt
6991	exclusively	8499379	ɪkˈsklusɪvli
6992	emily	8497262	ˈɛmɪli
6993	alleged	8495916	əˈlɛʤd
6994	limitation	8494162	ˌlɪmɪˈteɪʃən
6996	compile	8493391	kəmˈpaɪl
6997	squirting	8492512	skˈwərtɪŋ
6998	webster	8490161	ˈwɛbstər
6999	struck	8489716	strək
7001	illustration	8483700	ˌɪləˈstreɪʃən
7002	plymouth	8478857	ˈplɪməθ
7003	warnings	8477085	ˈwɔrnɪŋz
7004	construct	8471574	
7005	apps	8468762	æps
7006	inquiries	8466828	
7007	bridal	8466303	ˈbraɪdəl
7008	annex	8465905	
7009	mag	8461577	mæg
7011	inspiration	8460625	ˌɪnspərˈeɪʃən
7012	tribal	8460247	ˈtraɪbəl
7013	curious	8460088	ˈkjʊriəs
7014	affecting	8458005	əˈfɛktɪŋ
7015	freight	8453128	freɪt
7016	rebate	8451915	ˈriˌbeɪt
7018	eclipse	8448687	
7019	sudan	8447525	suˈdæn
7021	downloading	8445219	ˈdaʊnˌloʊdɪŋ
7022	rec	8441122	rɛk
7023	shuttle	8440760	ˈʃətəl
7024	aggregate	8438852	
7025	stunning	8436751	ˈstənɪŋ
7026	cycles	8434209	ˈsaɪkəlz
7027	affects	8433483	əˈfɛkts
7028	forecasts	8432832	
7029	detect	8431562	dɪˈtɛkt
7030	sluts	8430809	sləts
7031	actively	8430340	ˈæktɪvli
7032	ciao	8429222	ʧaʊ
7034	knee	8426957	ni
7035	prep	8426130	prɛp
7037	complicated	8423441	ˈkɑmpləˌkeɪtəd
7038	chem	8419917	kɛm
7039	fastest	8417992	ˈfæstəst
7040	butler	8416381	ˈbətlər
7042	injured	8412484	ˈɪnʤərd
7043	decorating	8411562	ˈdɛkərˌeɪtɪŋ
7044	payroll	8410507	ˈpeɪˌroʊl
7045	cookbook	8410461	ˈkʊkˌbʊk
7046	expressions	8407890	ɪkˈsprɛʃənz
7047	ton	8405500	tən
7048	courier	8404855	ˈkəriər
7049	uploaded	8400243	ˈəˌploʊdɪd
7050	shakespeare	8394310	ˈʃeɪkˌspir
7051	hints	8393784	hɪnts
7052	collapse	8393063	kəˈlæps
7053	americas	8389582	əˈmɛrɪkəz
7054	connectors	8388769	kəˈnɛktərz
7056	unlikely	8387131	ənˈlaɪkli
7059	pros	8379526	proʊz
7060	conflicts	8376606	
7061	techno	8376069	ˈtɛknoʊ
7062	beverage	8375242	
7063	tribute	8374010	ˈtrɪbjut
7064	wired	8371548	
7065	elvis	8369987	ˈɛlvɪs
7066	immune	8368663	ˌɪmˈjun
7067	latvia	8364713	ˈlætviə
7068	travelers	8364541	
7069	forestry	8363344	ˈfɔrəstri
7070	barriers	8363320	
7071	cant	8363193	kænt
7073	rarely	8361371	ˈrɛrli
7075	infected	8358326	ˌɪnˈfɛktɪd
7076	offerings	8357699	
7077	martha	8355942	ˈmɑrθə
7078	genesis	8354765	ˈʤɛnəsəs
7079	barrier	8353617	
7080	argue	8353605	ˈɑrgju
7081	incorrect	8353566	ˌɪnkərˈɛkt
7082	trains	8347103	treɪnz
7083	metals	8345314	ˈmɛtəlz
7084	bicycle	8344882	ˈbaɪsɪkəl
7085	furnishings	8344412	ˈfərnɪʃɪŋz
7086	letting	8339922	ˈlɛtɪŋ
7087	arise	8337093	əraɪz
7088	guatemala	8336537	gˌwɑtəˈmɑlə
7089	celtic	8333967	
7090	thereby	8333948	ˈðɛrˈbaɪ
7092	jamie	8330541	ˈʤeɪmi
7093	particle	8328892	
7094	perception	8327495	pərˈsɛpʃən
7095	minerals	8326767	
7096	advise	8325087	
7097	humidity	8321426	hjuˈmɪdəti
7098	bottles	8320355	ˈbɑtəlz
7099	boxing	8319372	ˈbɑksɪŋ
7102	bangkok	8318647	
7103	renaissance	8317577	ˌrɛnəˈsɑns
7104	pathology	8314757	pəˈθɑləʤi
7105	sara	8314336	ˈsɛrə
7106	bra	8310230	brɑ
7107	ordinance	8306901	ˈɔrdənəns
7108	hughes	8306299	
7109	photographers	8306260	fəˈtɑgrəfərz
7110	bitch	8302447	bɪʧ
7111	infections	8296662	ˌɪnˈfɛkʃənz
7112	jeffrey	8295609	ˈʤɛfri
7113	chess	8293823	ʧɛs
7114	operates	8291329	ˈɑpərˌeɪts
7115	brisbane	8291276	ˈbrɪzˌbeɪn
7116	configured	8289360	kənˈfɪgjərd
7117	survive	8286260	sərˈvaɪv
7118	oscar	8285553	ˈɔskər
7119	festivals	8283573	
7120	menus	8283476	ˈmɛnjuz
7121	joan	8280137	ʤoʊn
7122	possibilities	8279533	ˌpɑsəˈbɪlətiz
7123	duck	8279189	dək
7124	reveal	8278392	
7125	canal	8278196	kəˈnæl
7126	amino	8273641	əˈminoʊ
7127	phi	8273448	faɪ
7128	contributing	8273017	kənˈtrɪbjutɪŋ
7129	herbs	8271850	ərbz
7130	clinics	8270209	ˈklɪnɪks
7132	cow	8267976	kaʊ
7133	manitoba	8266886	ˌmænɪˈtoʊbə
7134	analytical	8266048	ˌænəˈlɪtɪkəl
7135	missions	8262839	ˈmɪʃənz
7136	watson	8262252	ˈwɑtsən
7137	lying	8260845	laɪɪŋ
7138	costumes	8259187	
7139	strict	8256471	strɪkt
7140	dive	8254655	daɪv
7141	saddam	8253650	
7142	circulation	8252534	ˈsərkjəˌleɪʃən
7143	drill	8248787	drɪl
7144	offense	8248745	əˈfɛns
7145	threesome	8248425	θˈrisəm
7146	bryan	8247764	braɪən
7148	protest	8243564	
7150	assumption	8239127	əˈsəmpʃən
7151	jerusalem	8238637	ʤərˈusələm
7152	hobby	8237250	ˈhɑbi
7153	tries	8236889	traɪz
7155	invention	8227022	ˌɪnˈvɛnʃən
7156	nickname	8226050	ˈnɪkˌneɪm
7157	fiji	8219554	ˈfiʤi
7158	technician	8218658	tɛkˈnɪʃən
7160	executives	8215657	ɪgˈzɛkjətɪvz
7162	washing	8213049	ˈwɑʃɪŋ
7163	audi	8212116	
7164	staffing	8211954	ˈstæfɪŋ
7165	cognitive	8211944	ˈkɑgnɪtɪv
7166	exploring	8210352	ɪkˈsplɔrɪŋ
7167	trick	8208473	trɪk
7168	enquiry	8208125	ɪnkˈwaɪˌri
7169	closure	8207909	ˈkloʊʒər
7170	raid	8207357	reɪd
7172	timber	8205739	ˈtɪmbər
7173	volt	8204673	voʊlt
7174	intense	8202396	ˌɪnˈtɛns
7177	registrar	8198909	ˈrɛʤɪˌstrɑr
7178	showers	8198630	ʃaʊərz
7179	supporters	8197749	səˈpɔrtərz
7180	ruling	8196826	ˈrulɪŋ
7181	steady	8194131	ˈstɛdi
7182	dirt	8191960	dərt
7183	statutes	8191031	ˈstæʧuts
7184	withdrawal	8189026	
7185	myers	8188797	maɪərz
7186	drops	8187657	drɑps
7187	predicted	8187530	
7188	wider	8186703	ˈwaɪdər
7189	saskatchewan	8186212	sæˈskæʧəˌwɔn
7191	cancellation	8183513	ˌkænsəˈleɪʃən
7193	enrolled	8182105	ɛnˈroʊld
7194	sensors	8181414	ˈsɛnsərz
7195	screw	8177263	skru
7196	ministers	8175323	
7197	publicly	8174368	ˈpəblɪkli
7198	hourly	8170909	ˈaʊrli
7199	blame	8170544	bleɪm
7200	geneva	8169165	ʤəˈnivə
7202	veterinary	8160775	ˈvɛtrəˌnɛri
7203	acer	8160550	ˈeɪsər
7205	reseller	8159450	riˈsɛlər
7207	handed	8150012	
7208	suffered	8148331	ˈsəfərd
7209	intake	8145321	ˈɪnˌteɪk
7210	informal	8143403	ˌɪnˈfɔrməl
7211	relevance	8143379	ˈrɛləvəns
7212	incentive	8142630	
7213	butterfly	8141617	ˈbətərˌflaɪ
7214	tucson	8141001	ˈtuˌsɑn
7215	mechanics	8138930	məˈkænɪks
7216	heavily	8136563	ˈhɛvəli
7217	swingers	8133475	sˈwɪŋərz
7218	fifty	8133138	ˈfɪfti
7219	headers	8132869	ˈhɛdərz
7220	mistakes	8132757	mɪˈsteɪks
7221	numerical	8132289	
7222	ons	8129510	ɑnz
7223	geek	8129025	gik
7224	uncle	8127694	ˈəŋkəl
7225	defining	8126054	dɪˈfaɪnɪŋ
7227	counting	8122357	ˈkaʊntɪŋ
7228	reflection	8121245	
7229	sink	8120590	sɪŋk
7230	accompanied	8119884	əˈkəmpənid
7231	assure	8118473	əˈʃʊr
7232	invitation	8116098	ˌɪnvɪˈteɪʃən
7233	devoted	8115627	
7234	princeton	8114227	ˈprɪnstən
7235	jacob	8114034	ˈʤeɪkəb
7236	sodium	8112246	ˈsoʊdiəm
7237	randy	8110369	ˈrændi
7238	spirituality	8110292	ˌspɪrɪˌʧuˈæləˌti
7239	hormone	8108338	ˈhɔrˌmoʊn
7240	meanwhile	8105294	ˈminˌwaɪl
7241	proprietary	8104058	prəˈpraɪəˌtɛri
7242	timothy	8103385	ˈtɪməθi
7243	childrens	8100069	ˈʧɪldrənz
7244	brick	8094369	brɪk
7245	grip	8094164	grɪp
7246	naval	8091649	ˈneɪvəl
7248	medieval	8087116	
7249	porcelain	8086207	ˈpɔrsələn
7250	avi	8084386	
7251	bridges	8083681	
7253	captured	8081642	ˈkæpʧərd
7254	watt	8078455	wɑt
7256	decent	8075752	ˈdisənt
7257	casting	8071983	ˈkæstɪŋ
7258	dayton	8068842	ˈdeɪtən
7259	translated	8068739	
7260	shortly	8068497	ˈʃɔrtli
7261	cameron	8064574	ˈkæmərən
7262	columnists	8064506	ˈkɑləmnəsts
7263	pins	8062888	pɪnz
7264	carlos	8062714	ˈkɑrloʊs
7265	reno	8059568	ˈrinoʊ
7266	donna	8058734	ˈdɑnə
7267	andreas	8058390	ɑnˈdreɪəs
7268	warrior	8058069	
7269	diploma	8052765	dɪˈploʊmɑ
7270	cabin	8052267	ˈkæbən
7271	innocent	8051344	ˈɪnəsənt
7273	scanning	8049759	ˈskænɪŋ
7274	ide	8047346	aɪd
7275	consensus	8045198	kənˈsɛnsəs
7276	polo	8044299	ˈpoʊloʊ
7277	valium	8043979	ˈvæˌliəm
7278	copying	8043300	ˈkɑpiɪŋ
7280	delivering	8042490	dɪˈlɪvərɪŋ
7281	cordless	8042360	ˈkɔrdləs
7282	patricia	8042229	pəˈtrɪʃə
7283	horn	8041908	hɔrn
7284	eddie	8038567	ˈɛdi
7285	uganda	8036029	
7286	fired	8031937	faɪərd
7287	journalism	8029164	ˈʤərnəˌlɪzəm
7290	trivia	8022961	ˈtrɪviə
7291	adidas	8021560	əˈdidəs
7292	perth	8020600	pərθ
7293	frog	8019592	frɑg
7294	grammar	8019137	ˈgræmər
7295	intention	8018304	ˌɪnˈtɛnʧən
7296	syria	8013914	ˈsɪriə
7297	disagree	8010102	dɪsəˈgri
7298	klein	8009252	klaɪn
7299	harvey	8007194	ˈhɑrvi
7300	tires	8007166	taɪərz
7301	logs	8004052	lɔgz
7302	undertaken	8002746	ˈəndərˌteɪkən
7304	hazard	8001020	ˈhæzərd
7305	retro	8000179	ˈrɛtroʊ
7306	leo	7999564	ˈlioʊ
7308	statewide	7997430	ˈsteɪtˌwaɪd
7309	semiconductor	7994769	
7310	gregory	7994610	ˈgrɛgəri
7311	episodes	7992878	ˈɛpɪˌsoʊdz
7312	boolean	7991813	buˈliən
7313	circular	7991428	ˈsərkjələr
7314	anger	7991036	ˈæŋgər
7316	mainland	7987678	
7317	illustrations	7987303	ˌɪləˈstreɪʃənz
7318	suits	7986526	suts
7319	chances	7980733	
7320	interact	7979075	
7321	snap	7978122	snæp
7322	happiness	7976747	ˈhæpinəs
7324	substantially	7973137	səbˈstænʃəli
7325	bizarre	7965108	
7326	glenn	7963817	glɛn
7328	auckland	7960929	ˈɑklənd
7329	olympics	7957969	oʊˈlɪmpɪks
7330	fruits	7957429	fruts
7331	identifier	7956303	aɪˈdɛntəˌfaɪər
7332	geo	7952815	ˈʤioʊ
7334	ribbon	7949592	ˈrɪbən
7335	calculations	7949423	ˌkælkjəˈleɪʃənz
7336	doe	7946613	doʊ
7338	conducting	7945868	kənˈdəktɪŋ
7339	startup	7945485	ˈstɑrˌtəp
7340	suzuki	7943973	səˈzuki
7341	trinidad	7941269	ˈtrɪnɪˌdæd
7343	kissing	7939523	ˈkɪsɪŋ
7344	wal	7937298	wɔl
7345	handy	7936655	ˈhændi
7346	swap	7936113	swɑp
7347	exempt	7935194	ɪgˈzɛmpt
7348	crops	7931319	krɑps
7349	reduces	7930754	
7350	accomplished	7928651	əˈkɑmplɪʃt
7351	calculators	7928172	ˈkælkjəˌleɪtərz
7352	geometry	7926717	ʤiˈɑmətri
7353	impression	7926329	ˌɪmˈprɛʃən
7354	abs	7925063	
7355	slovakia	7924180	sˌloʊˈvɑˌkiə
7356	flip	7923655	flɪp
7357	guild	7923630	gɪld
7358	correlation	7923081	ˌkɔrəˈleɪʃən
7359	gorgeous	7921525	ˈgɔrʤəs
7360	capitol	7917607	ˈkæpɪtəl
7361	sim	7917540	sɪm
7362	dishes	7917224	
7364	barbados	7914154	bɑrˈbeɪdoʊs
7365	chrysler	7909680	ˈkraɪslər
7366	nervous	7908601	ˈnərvəs
7367	refuse	7906739	
7368	extends	7905326	ɪkˈstɛndz
7369	fragrance	7904906	ˈfreɪgrəns
7370	mcdonald	7904746	məkˈdɑnəld
7371	replica	7904448	ˈrɛplɪkə
7372	plumbing	7903090	ˈpləmɪŋ
7373	brussels	7894782	ˈbrəsəlz
7374	tribe	7890695	traɪb
7375	neighbors	7890643	ˈneɪbərz
7376	trades	7889114	treɪdz
7377	superb	7886083	sʊˈpərb
7378	buzz	7885592	bəz
7379	transparent	7885356	trænˈspɛrənt
7380	nuke	7883128	nuk
7381	rid	7877480	rɪd
7382	trinity	7877415	
7383	charleston	7875155	
7384	handled	7871280	ˈhændəld
7385	legends	7869529	ˈlɛʤəndz
7386	boom	7869145	bum
7387	calm	7867353	
7388	champions	7866751	ˈʧæmpiənz
7389	floors	7863646	flɔrz
7390	selections	7863046	səˈlɛkʃənz
7391	projectors	7859378	prɑˈʤɛktərz
7392	inappropriate	7854984	ˌɪnəˈproʊpriɪt
7393	exhaust	7853076	ɪgˈzɔst
7394	comparing	7852873	kəmˈpɛrɪŋ
7395	shanghai	7850915	ˈʃæŋˈhaɪ
7396	speaks	7849940	spiks
7397	burton	7849087	ˈbərtən
7398	vocational	7847368	voʊˈkeɪʃənəl
7399	davidson	7847044	ˈdeɪvɪdsən
7400	copied	7846786	ˈkɑpid
7401	scotia	7846014	ˈskoʊʃə
7402	farming	7844515	ˈfɑrmɪŋ
7403	gibson	7843641	ˈgɪbsən
7404	pharmacies	7840420	ˈfɑrməsiz
7405	fork	7839872	fɔrk
7406	troy	7839453	trɔɪ
7408	roller	7835563	ˈroʊlər
7409	introducing	7835494	
7410	batch	7835050	bæʧ
7411	organize	7833420	ˈɔrgəˌnaɪz
7412	appreciated	7831655	əˈpriʃiˌeɪtɪd
7413	alter	7831337	ˈɔltər
7414	nicole	7827726	nɪˈkoʊl
7415	latino	7827064	
7416	ghana	7826979	ˈgænə
7417	edges	7826115	
7419	mixing	7825076	ˈmɪksɪŋ
7420	handles	7823946	ˈhændəlz
7421	skilled	7822819	skɪld
7422	fitted	7821703	
7423	albuquerque	7820786	ˈælbəkərki
7424	harmony	7820250	ˈhɑrməni
7425	distinguished	7819407	dɪˈstɪŋgwɪʃt
7426	asthma	7819180	ˈæzmə
7427	projected	7817947	prɑˈʤɛktəd
7428	assumptions	7816824	əˈsəmpʃənz
7429	shareholders	7816480	ˈʃɛˌrhoʊldərz
7430	twins	7815027	twɪnz
7431	developmental	7812620	
7432	rip	7811993	rɪp
7434	regulated	7811167	
7435	triangle	7808241	ˈtraɪˌæŋgəl
7436	amend	7806844	əˈmɛnd
7437	anticipated	7805107	
7438	oriental	7801287	
7439	reward	7796577	
7440	windsor	7796269	ˈwɪnzər
7441	zambia	7793214	ˈzæmbiə
7442	completing	7792221	kəmˈplitɪŋ
7443	gmbh	7792191	
7446	hydrogen	7782756	ˈhaɪdrəʤən
7448	sprint	7777576	sprɪnt
7449	comparable	7771705	
7450	chick	7771502	ʧɪk
7451	advocate	7767184	
7452	sims	7766711	sɪmz
7453	confusion	7753690	kənfˈjuʒən
7454	copyrighted	7753345	ˈkɑpiˌraɪtɪd
7455	tray	7752079	treɪ
7456	inputs	7750633	ˈɪnˌpʊts
7457	warranties	7750411	ˈwɔrəntiz
7458	genome	7750168	ˈʤiˌnoʊm
7459	escorts	7748900	ˈɛskɔrts
7460	documented	7748021	
7461	thong	7747699	θɔŋ
7462	medal	7747036	ˈmɛdəl
7463	paperbacks	7745861	ˈpeɪpərˌbæks
7464	coaches	7744876	ˈkoʊʧɪz
7465	vessels	7744606	ˈvɛsəlz
7466	harbour	7744494	ˈhɑrbər
7467	walks	7744070	wɔks
7468	sucks	7743126	səks
7469	sol	7742935	
7470	keyboards	7742684	ˈkiˌbɔrdz
7471	sage	7739556	seɪʤ
7472	knives	7736647	naɪvz
7473	eco	7736515	
7474	vulnerable	7731173	ˈvəlnərəbəl
7475	arrange	7727860	əreɪnʤ
7476	artistic	7725365	ɑrˈtɪstɪk
7477	bat	7725300	bæt
7478	honors	7724703	ˈɑnərz
7479	booth	7723310	buθ
7480	indie	7722085	ˈɪndi
7481	reflected	7721386	
7482	unified	7718780	ˈjunəˌfaɪd
7483	bones	7717501	boʊnz
7484	breed	7716901	brid
7485	detector	7716106	dɪˈtɛktər
7486	ignored	7715815	ˌɪgˈnɔrd
7487	polar	7715471	ˈpoʊlər
7488	fallen	7714660	ˈfɑlən
7489	precise	7713353	
7490	sussex	7713059	ˈsəsɪks
7491	respiratory	7712801	ˈrɛspərəˌtɔri
7492	notifications	7712209	ˌnoʊtəfəˈkeɪʃənz
7495	mainstream	7707583	ˈmeɪnˌstrim
7496	invoice	7705574	ˈɪnvɔɪs
7497	evaluating	7703288	
7498	lip	7697283	lɪp
7499	subcommittee	7695207	ˈsəbkəˈmɪti
7500	sap	7694814	sæp
7501	gather	7692892	ˈgæðər
7503	maternity	7689807	məˈtərnɪti
7504	backed	7688105	bækt
7505	alfred	7683998	ˈælfrɪd
7506	colonial	7681403	kəˈloʊniəl
7508	carey	7679924	ˈkɛri
7509	motels	7671328	moʊˈtɛlz
7510	forming	7671030	ˈfɔrmɪŋ
7511	embassy	7669494	ˈɛmbəsi
7512	cave	7668883	keɪv
7513	journalists	7666080	
7514	danny	7664864	ˈdæni
7515	rebecca	7664761	rəˈbɛkə
7516	slight	7664301	slaɪt
7517	proceeds	7662697	
7518	indirect	7660350	ˌɪndərˈɛkt
7519	amongst	7657732	əˈməŋst
7520	wool	7657081	wʊl
7521	foundations	7656208	faʊnˈdeɪʃənz
7523	arrest	7653819	ərˈɛst
7524	volleyball	7652654	ˈvɑliˌbɔl
7527	horizon	7648930	hərˈaɪzən
7529	deeply	7641115	ˈdipli
7530	toolbox	7639504	ˈtulˌbɔks
7532	marina	7635596	mərˈinə
7533	liabilities	7633976	
7534	prizes	7632888	
7535	bosnia	7630931	ˈbɑzniə
7536	browsers	7628576	ˈbraʊzərz
7537	decreased	7628272	
7538	patio	7627536	ˈpætiˌoʊ
7540	tolerance	7626816	ˈtɑlərəns
7541	surfing	7626574	ˈsərfɪŋ
7542	creativity	7625520	ˌkrieɪˈtɪvəti
7543	lloyd	7624316	lɔɪd
7544	describing	7620342	dɪˈskraɪbɪŋ
7545	optics	7616886	ˈɑptɪks
7546	pursue	7615784	pərˈsu
7547	lightning	7615712	ˈlaɪtnɪŋ
7548	overcome	7615672	ˈoʊvərˌkəm
7549	eyed	7613901	aɪd
7551	quotations	7612612	kwoʊˈteɪʃənz
7552	grab	7610506	græb
7553	inspector	7610238	ˌɪnˈspɛktər
7554	attract	7608984	əˈtrækt
7555	brighton	7608900	ˈbraɪtən
7556	beans	7607524	binz
7557	bookmarks	7607172	ˈbʊkmɑrks
7558	ellis	7607078	ˈɛlɪs
7559	disable	7606571	dɪˈseɪbəl
7560	snake	7606395	sneɪk
7561	succeed	7605605	səkˈsid
7562	leonard	7602783	ˈlɛnərd
7563	lending	7600212	ˈlɛndɪŋ
7564	oops	7597549	ups
7565	reminder	7595207	riˈmaɪndər
7566	nipple	7595055	ˈnɪpəl
7568	searched	7588455	sərʧt
7569	behavioral	7585493	
7570	riverside	7585114	ˈrɪvərˌsaɪd
7571	bathrooms	7584755	
7572	plains	7584638	pleɪnz
7575	raymond	7580925	ˈreɪmənd
7576	insights	7579690	ˈɪnˌsaɪts
7577	abilities	7578665	əˈbɪləˌtiz
7578	initiated	7577787	
7579	sullivan	7574988	
7581	midwest	7572172	ˌmɪdˈwɛst
7582	karaoke	7568648	ˌkɛriˈoʊki
7583	trap	7568482	træp
7584	lonely	7567701	ˈloʊnli
7585	fool	7567218	ful
7587	nonprofit	7563000	nɑnˈprɑfət
7588	lancaster	7560021	
7589	suspended	7558542	
7590	hereby	7556876	hɪrˈbaɪ
7591	observe	7556517	əbˈzərv
7592	julia	7556335	ˈʤuljə
7593	containers	7553719	kənˈteɪnərz
7594	attitudes	7553476	ˈætəˌtudz
7595	karl	7553289	kɑrl
7596	berry	7551906	ˈbɛri
7597	collar	7551477	ˈkɑlər
7598	simultaneously	7550101	ˌsaɪməlˈteɪniəsli
7599	racial	7549723	ˈreɪʃəl
7600	integrate	7547193	
7601	bermuda	7545339	bərmˈjudə
7602	amanda	7541237	əˈmændə
7603	sociology	7541153	ˌsoʊsiˈɑləʤi
7604	mobiles	7540824	ˈmoʊbəlz
7606	exhibitions	7538148	ˌɛksəˈbɪʃənz
7608	confident	7537438	ˈkɑnfədənt
7609	retrieved	7534050	riˈtrivd
7610	exhibits	7533895	ɪgˈzɪbəts
7611	officially	7533785	əˈfɪʃəli
7612	consortium	7532771	
7613	dies	7532282	daɪz
7614	terrace	7531575	ˈtɛrəs
7615	bacteria	7530969	bækˈtɪriə
7617	replied	7528347	
7618	seafood	7525177	ˈsiˌfud
7619	novels	7525142	ˈnɑvəlz
7622	recipients	7523934	rɪˈsɪpiənts
7623	playboy	7523693	ˈpleɪˌbɔɪ
7624	ought	7523238	ɔt
7625	delicious	7521332	dɪˈlɪʃəs
7626	traditions	7520675	trəˈdɪʃənz
7628	jail	7515955	ʤeɪl
7629	safely	7515572	ˈseɪfli
7630	finite	7514740	ˈfaɪˌnaɪt
7631	kidney	7514651	ˈkɪdni
7632	periodically	7513935	
7633	fixes	7513516	ˈfɪksɪz
7634	sends	7512707	sɛndz
7635	durable	7510780	ˈdʊrəbəl
7636	mazda	7509120	
7637	allied	7508812	
7638	throws	7506714	θroʊz
7639	moisture	7505832	ˈmɔɪsʧər
7640	hungarian	7504915	həŋˈgɛriən
7641	roster	7503686	ˈrɑstər
7642	referring	7496798	rɪˈfərɪŋ
7643	symantec	7496195	sɪˈmænˌtɛk
7644	spencer	7495460	ˈspɛnsər
7645	wichita	7494430	ˈwɪʧəˌtɔ
7646	nasdaq	7492824	ˈnæzdæk
7647	uruguay	7491625	
7650	transform	7488924	
7651	timer	7488669	ˈtaɪmər
7652	tablets	7485928	ˈtæbləts
7653	tuning	7480638	ˈtunɪŋ
7654	gotten	7480306	
7655	educators	7476133	
7656	tyler	7474964	ˈtaɪlər
7657	futures	7472575	fˈjuʧərz
7658	vegetable	7470219	ˈvɛʤtəbəl
7659	verse	7469512	vərs
7660	highs	7468394	haɪz
7661	humanities	7465314	
7662	independently	7464079	ˌɪndɪˈpɛndəntli
7663	wanting	7463610	
7664	custody	7459454	ˈkəstədi
7665	scratch	7457515	skræʧ
7666	launches	7455848	
7668	alignment	7454436	əˈlaɪnmənt
7669	masturbating	7453955	ˈmæstərˌbeɪtɪŋ
7670	henderson	7453879	ˈhɛndərsən
7672	britannica	7452694	brɪˈtænɪkə
7673	comm	7452092	kɑm
7674	ellen	7450956	ˈɛlən
7675	competitors	7449364	
7677	rocket	7447070	ˈrɑkət
7678	aye	7441890	aɪ
7679	bullet	7440918	ˈbʊlət
7680	towers	7438264	taʊərz
7681	racks	7436380	ræks
7682	lace	7436281	leɪs
7683	nasty	7434847	ˈnæsti
7684	visibility	7434248	ˌvɪzəˈbɪlɪti
7685	latitude	7432948	ˈlætəˌtud
7686	consciousness	7431877	ˈkɑnʃəsnəs
7688	tumor	7430480	ˈtumər
7689	ugly	7430462	ˈəgli
7690	deposits	7430333	
7691	beverly	7429063	ˈbɛvərli
7692	mistress	7426613	ˈmɪstrəs
7693	encounter	7426608	
7694	trustees	7426417	ˌtrəˈstiz
7695	watts	7423674	wɑts
7696	duncan	7423378	ˈdəŋkən
7697	reprints	7418973	riˈprɪnts
7698	hart	7416862	hɑrt
7699	bernard	7416113	
7700	resolutions	7415763	ˌrɛzəˈluʃənz
7702	accessing	7415131	ˈækˌsɛsɪŋ
7703	forty	7415064	ˈfɔrti
7704	tubes	7413309	tubz
7705	attempted	7412242	əˈtɛmptəd
7707	midlands	7402328	ˈmɪˌdlændz
7708	priest	7401793	prist
7709	floyd	7401451	flɔɪd
7710	ronald	7400733	ˈrɑnəld
7711	analysts	7400631	ˈænəlɪsts
7712	queue	7398569	kju
7715	trance	7392026	træns
7716	locale	7391821	loʊˈkæl
7717	nicholas	7390870	
7720	bundle	7382454	ˈbəndəl
7721	hammer	7382393	ˈhæmər
7722	invasion	7381794	ˌɪnˈveɪʒən
7723	witnesses	7381231	
7724	runner	7381022	ˈrənər
7725	rows	7379744	roʊz
7726	administered	7379068	ədˈmɪnɪstərd
7727	notion	7378935	ˈnoʊʃən
7729	skins	7370612	skɪnz
7730	mailed	7370075	meɪld
7732	fujitsu	7368844	fuˈʤɪtsu
7733	spelling	7368045	ˈspɛlɪŋ
7734	arctic	7366509	
7735	exams	7364984	ɪgˈzæmz
7736	rewards	7362798	
7737	beneath	7362453	bɪˈniθ
7738	strengthen	7362426	ˈstrɛŋθən
7739	defend	7362127	dɪˈfɛnd
7741	frederick	7360731	
7742	medicaid	7356955	ˈmɛdəˌkeɪd
7744	infrared	7353180	ˌɪnfrərˈɛd
7745	seventh	7351731	ˈsɛvənθ
7746	gods	7349181	gɑdz
7748	welsh	7346867	
7749	belly	7346354	ˈbɛli
7750	aggressive	7345918	əˈgrɛsɪv
7751	tex	7342192	tɛks
7752	advertisements	7341945	ˈædvərˌtaɪzmənts
7753	quarters	7341914	kˈwɔrtərz
7754	stolen	7341424	ˈstoʊlən
7755	cia	7338564	siaɪeɪ
7757	soonest	7335443	ˈsunəst
7758	haiti	7332685	ˈheɪti
7759	disturbed	7332357	dɪˈstərbd
7760	determines	7331574	
7761	sculpture	7328010	ˈskəlpʧər
7762	poly	7326088	ˈpɑli
7763	ears	7324193	
7766	fist	7319405	fɪst
7768	neo	7316103	ˈnioʊ
7769	motivation	7315438	ˌmoʊtəˈveɪʃən
7770	lenders	7315239	ˈlɛndərz
7771	pharmacology	7313571	ˌfɑrməˈkɑləʤi
7772	fitting	7313197	ˈfɪtɪŋ
7773	fixtures	7313034	ˈfɪksʧərz
7774	bloggers	7312692	ˈblɔgərz
7775	mere	7312247	mɪr
7776	agrees	7311475	əˈgriz
7777	passengers	7309716	ˈpæsənʤərz
7778	quantities	7308855	kˈwɑntətiz
7779	petersburg	7306746	ˈpitərzbərg
7780	consistently	7304456	kənˈsɪstəntli
7781	powerpoint	7303201	ˈpaʊərˌpɔɪnt
7782	cons	7299642	kɑnz
7783	surplus	7299526	ˈsərpləs
7784	elder	7299470	ˈɛldər
7785	sonic	7298920	ˈsɑnɪk
7786	obituaries	7294410	oʊˈbɪʧuˌɛriz
7787	cheers	7293284	ʧɪrz
7788	dig	7292787	dɪg
7789	taxi	7292568	ˈtæksi
7790	punishment	7292386	ˈpənɪʃmənt
7791	appreciation	7290884	əˌpriʃiˈeɪʃən
7792	subsequently	7290235	ˈsəbsəkwəntli
7794	belarus	7286372	ˌbɛlɑˈrʊs
7795	nat	7285471	næt
7796	zoning	7285410	ˈzoʊnɪŋ
7797	gravity	7285163	
7798	providence	7284693	ˈprɑvədəns
7799	thumb	7284386	θəm
7800	restriction	7282015	riˈstrɪkʃən
7801	incorporate	7280657	ˌɪnˈkɔrpərˌeɪt
7802	backgrounds	7280105	ˈbækˌgraʊndz
7803	treasurer	7279010	ˈtrɛʒərər
7804	guitars	7278585	gɪˈtɑrz
7805	essence	7275414	ˈɛsəns
7806	flooring	7275214	ˈflɔrɪŋ
7807	lightweight	7274935	ˈlaɪtˈweɪt
7808	ethiopia	7273849	ˌiθiˈoʊpiə
7810	mighty	7268735	ˈmaɪti
7811	athletes	7268360	ˈæθˌlits
7812	humanity	7267430	
7813	transcription	7265470	ˌtrænˈskrɪpʃən
7815	holmes	7262057	
7816	complications	7261846	ˌkɑmpləˈkeɪʃənz
7817	scholars	7260315	ˈskɑlərz
7821	remembered	7259499	
7822	galaxy	7256361	ˈgæləksi
7823	chester	7255961	ˈʧɛstər
7824	snapshot	7254276	sˈnæpˌʃɑt
7825	caring	7253663	ˈkɛrɪŋ
7827	worn	7252925	wɔrn
7828	synthetic	7252923	sɪnˈθɛtɪk
7829	shaw	7250288	ʃɔ
7831	segments	7249885	
7832	testament	7246471	ˈtɛstəmənt
7833	expo	7246083	ˈɛkspoʊ
7834	dominant	7245256	ˈdɑmənənt
7835	twist	7240854	twɪst
7836	specifics	7239904	spɪˈsɪfɪks
7837	itunes	7239599	ˈaɪˌtunz
7838	stomach	7234044	ˈstəmək
7839	partially	7231835	
7840	buried	7228389	ˈbɛrid
7842	newbie	7225056	ˈnuˌbi
7843	minimize	7223673	ˈmɪnəˌmaɪz
7844	darwin	7222807	ˈdɑrwɪn
7845	ranks	7222499	ræŋks
7846	wilderness	7222440	ˈwɪldərnəs
7847	debut	7220643	
7848	generations	7219639	ˌʤɛnərˈeɪʃənz
7849	tournaments	7217017	ˈtərnəmənts
7850	bradley	7214373	ˈbrædli
7851	deny	7211272	dɪˈnaɪ
7852	anatomy	7210406	əˈnætəmi
7853	bali	7209040	ˈbɑli
7854	judy	7208668	ˈʤudi
7855	sponsorship	7207314	ˈspɑnsərˌʃɪp
7856	headphones	7203965	ˈhɛdˌfoʊnz
7857	fraction	7201835	ˈfrækʃən
7858	trio	7201758	ˈtriˌoʊ
7859	proceeding	7201235	
7860	cube	7200844	kjub
7861	defects	7197744	
7862	volkswagen	7193665	ˈvoʊlksˌwægən
7863	uncertainty	7193641	ənˈsərtənti
7864	breakdown	7193446	ˈbreɪkˌdaʊn
7865	milton	7192953	ˈmɪltən
7866	marker	7192496	ˈmɑrkər
7867	reconstruction	7192366	ˌrikənˈstrəkʃən
7868	subsidiary	7192144	səbˈsɪdiˌɛri
7869	strengths	7191478	
7870	clarity	7190446	
7871	rugs	7190103	rəgz
7872	sandra	7188116	ˈsændrə
7873	adelaide	7187486	ˈædəˌleɪd
7874	encouraging	7187031	
7875	furnished	7186113	ˈfərnɪʃt
7876	monaco	7185303	ˈmɑnəˌkoʊ
7877	settled	7183409	ˈsɛtəld
7878	folding	7182520	ˈfoʊldɪŋ
7879	emirates	7182004	
7880	terrorists	7179253	ˈtɛrəˌrɪsts
7881	airfare	7179198	ˈɛrˌfɛr
7882	comparisons	7177121	kəmˈpɛrəsənz
7883	beneficial	7174133	ˌbɛnəˈfɪʃəl
7884	distributions	7172968	ˌdɪstrəˈbjuʃənz
7885	vaccine	7172504	ˌvækˈsin
7886	belize	7170798	bɛˈliz
7887	crap	7169097	kræp
7888	fate	7163528	feɪt
7890	promised	7162874	ˈprɑməst
7891	volvo	7162635	ˈvoʊlvoʊ
7892	penny	7162062	ˈpɛni
7893	robust	7162001	roʊˈbəst
7894	bookings	7160959	ˈbʊkɪŋz
7895	threatened	7160212	θˈrɛtənd
7896	minolta	7160032	
7897	republicans	7158782	
7898	discusses	7157257	
7900	porter	7153875	ˈpɔrtər
7901	gras	7152151	
7902	jungle	7151430	ˈʤəŋgəl
7903	ver	7150746	vər
7905	responded	7149431	
7906	rim	7148785	rɪm
7907	abstracts	7148233	ˈæbstrækts
7908	zen	7146814	zɛn
7909	ivory	7146685	
7910	alpine	7144035	ˈælˌpaɪn
7911	dis	7141885	dɪs
7912	prediction	7141450	priˈdɪkʃən
7913	pharmaceuticals	7139704	ˌfɑrməˈsutɪkəlz
7915	fabulous	7135769	ˈfæbjələs
7917	alias	7132147	ˈeɪliəs
7918	thesaurus	7130215	θəˈsɔrəs
7919	individually	7129413	
7920	battlefield	7124495	ˈbætəlˌfild
7921	literally	7123178	
7922	newer	7122879	nuər
7923	kay	7122340	keɪ
7924	ecological	7120322	
7925	spice	7120274	spaɪs
7926	oval	7119163	ˈoʊvəl
7927	implies	7118895	ˌɪmˈplaɪz
7929	soma	7116175	ˈsoʊmə
7931	cooler	7113822	ˈkulər
7932	appraisal	7113257	əˈpreɪzəl
7933	consisting	7112172	kənˈsɪstɪŋ
7934	maritime	7110338	ˈmærəˌtaɪm
7935	periodic	7109279	ˌpɪriˈɑdɪk
7936	submitting	7109263	səbˈmɪtɪŋ
7937	overhead	7109005	ˈoʊvərˈhɛd
7938	ascii	7108409	ˈæski
7939	prospect	7104679	ˈprɑspɛkt
7940	shipment	7101837	ˈʃɪpmənt
7941	breeding	7099543	ˈbridɪŋ
7942	citations	7098366	saɪˈteɪʃənz
7943	geographical	7097027	ˌʤiəˈgræfɪkəl
7944	donor	7096675	ˈdoʊnər
7945	mozambique	7096287	
7946	tension	7095608	ˈtɛnʃən
7948	benz	7094855	
7949	trash	7092806	træʃ
7950	shapes	7092073	ʃeɪps
7951	wifi	7092027	
7952	tier	7089353	tir
7954	earl	7084976	ərl
7955	manor	7084688	ˈmænər
7956	envelope	7082265	ˈɛnvəˌloʊp
7957	diane	7081367	daɪæn
7958	homeland	7078337	ˈhoʊmˌlænd
7959	disclaimers	7074734	dɪˈskleɪmərz
7960	championships	7072912	ˈʧæmpiənˌʃɪps
7961	excluded	7071343	
7962	andrea	7068627	
7963	breeds	7068459	bridz
7964	rapids	7068412	
7965	disco	7067687	ˈdɪskoʊ
7966	sheffield	7065072	ˈʃɛfild
7967	bailey	7064210	ˈbeɪli
7968	aus	7063525	aʊz
7970	finishing	7061480	ˈfɪnɪʃɪŋ
7971	emotions	7060789	
7972	wellington	7059665	ˈwɛlɪŋtən
7973	incoming	7058840	ˈɪnˌkəmɪŋ
7974	prospects	7058609	
7975	lexmark	7057573	ˈlɛksˌmɑrk
7976	cleaners	7057391	ˈklinərz
7977	bulgarian	7056806	bəlˈgɛriən
7979	eternal	7051757	
7980	cashiers	7050805	ˌkæˈʃɪrz
7981	guam	7048764	gwɑm
7982	cite	7045823	saɪt
7983	aboriginal	7042822	ˌæbərˈɪʤənəl
7984	remarkable	7042042	
7985	rotation	7041716	roʊˈteɪʃən
7986	nam	7037733	næm
7987	preventing	7037005	
7988	productive	7036132	
7989	boulevard	7036096	ˈbʊləˌvɑrd
7990	eugene	7035647	
7993	pig	7028841	pɪg
7994	metric	7027911	ˈmɛtrɪk
7995	compliant	7025769	kəmˈplaɪənt
7996	minus	7025364	ˈmaɪnəs
7997	penalties	7023725	ˈpɛnəltiz
7998	bennett	7021418	
7999	imagination	7019006	ˌɪˌmæʤəˈneɪʃən
8001	refurbished	7018259	riˈfərbɪʃt
8002	joshua	7018211	ˈʤɑˌʃuə
8003	armenia	7014638	ɑrˈminiə
8004	varied	7013799	ˈvɛrid
8005	grande	7012300	grænd
8006	closest	7011109	ˈkloʊsəst
8007	activated	7010205	ˈæktɪˌveɪtɪd
8008	actress	7010056	ˈæktrəs
8009	mess	7008727	mɛs
8010	conferencing	7008203	ˈkɑnfrənsɪŋ
8011	assign	7007787	əˈsaɪn
8012	armstrong	7006855	
8013	politicians	7005074	ˌpɑləˈtɪʃənz
8015	lit	7003064	lɪt
8016	accommodate	7002915	əˈkɑməˌdeɪt
8017	tigers	7001213	ˈtaɪgərz
8018	aurora	7000546	ərˈɔrə
8019	una	6999910	ˈunə
8020	slides	6999875	slaɪdz
8021	milan	6999311	
8022	premiere	6998633	prɛˈmɪr
8023	lender	6998474	ˈlɛndər
8024	villages	6997181	
8025	shade	6996835	ʃeɪd
8026	chorus	6994116	ˈkɔrəs
8027	christine	6993943	krɪˈstin
8028	rhythm	6993833	ˈrɪðəm
8029	digit	6991045	
8030	argued	6989831	ˈɑrgjud
8031	dietary	6988904	ˈdaɪəˌtɛri
8032	symphony	6988846	ˈsɪmfəni
8033	clarke	6987535	klɑrk
8034	sudden	6982423	ˈsədən
8035	accepting	6981678	
8036	precipitation	6980701	prɪˌsɪpɪˈteɪʃən
8037	marilyn	6980500	
8038	lions	6980244	laɪənz
8040	ada	6977809	ˈeɪdə
8041	pools	6977605	pulz
8043	lyric	6970278	ˈlɪrɪk
8044	claire	6965584	klɛr
8045	isolation	6964319	ˌaɪsəˈleɪʃən
8046	speeds	6959553	spidz
8047	sustained	6959107	səˈsteɪnd
8048	matched	6956828	mæʧt
8049	approximate	6952889	
8050	rope	6947989	roʊp
8051	carroll	6946701	
8052	rational	6946029	
8053	programmer	6945578	ˈproʊˌgræmər
8054	fighters	6943528	ˈfaɪtərz
8055	chambers	6943275	ˈʧeɪmbərz
8056	dump	6942258	dəmp
8057	greetings	6940235	ˈgritɪŋz
8058	inherited	6938093	ˌɪnˈhɛrətɪd
8059	warming	6936723	ˈwɔrmɪŋ
8060	incomplete	6935973	ˌɪnkəmˈplit
8061	vocals	6935028	ˈvoʊkəlz
8062	chronicle	6933665	ˈkrɑnɪkəl
8063	fountain	6932099	ˈfaʊntən
8064	chubby	6930695	ˈʧəbi
8065	grave	6929008	greɪv
8066	legitimate	6928802	ləˈʤɪtəmət
8067	biographies	6927628	baɪˈɑgrəfiz
8068	burner	6925111	ˈbərnər
8070	foo	6923081	fu
8071	investigator	6922557	ˌɪnˈvɛstəˌgeɪtər
8073	plaintiff	6921228	
8074	finnish	6916250	ˈfɪnɪʃ
8075	gentle	6913935	
8077	prisoners	6912118	
8078	deeper	6910132	ˈdipər
8079	muslims	6910095	
8080	hose	6909109	hoʊz
8081	mediterranean	6908392	ˌmɛdətərˈeɪniən
8082	nightlife	6907863	ˈnaɪˌtlaɪf
8083	footage	6907471	ˈfʊtɪʤ
8085	worthy	6907063	ˈwərði
8086	reveals	6905372	
8087	architects	6905009	ˈɑrkəˌtɛkts
8088	saints	6904519	seɪnts
8089	entrepreneur	6902698	
8090	carries	6902565	
8091	sig	6901508	sɪg
8092	freelance	6900216	ˈfriˌlæns
8093	duo	6898480	ˈduoʊ
8094	excessive	6897882	ɪkˈsɛsɪv
8095	devon	6896016	ˈdɛvən
8097	helena	6893327	ˈhɛlənə
8098	saves	6892635	seɪvz
8099	regarded	6892622	
8100	valuation	6892298	væljuˈeɪʃən
8101	unexpected	6891123	ˌənɪkˈspɛktɪd
8102	cigarette	6890707	ˌsɪgəˈrɛt
8103	fog	6889832	
8104	characteristic	6889575	ˌkɛrɪktərˈɪstɪk
8105	marion	6889564	ˈmɛriən
8106	lobby	6887477	ˈlɑbi
8107	egyptian	6886505	ɪˈʤɪpʃən
8108	tunisia	6884276	ˌtuˈniʒə
8109	metallica	6880755	məˈtælɪkə
8110	outlined	6879767	ˈaʊˌtlaɪnd
8111	consequently	6878129	
8112	headline	6877614	ˈhɛˌdlaɪn
8113	treating	6876896	ˈtritɪŋ
8114	punch	6872844	pənʧ
8115	appointments	6872540	əˈpɔɪntmənts
8117	gotta	6870320	ˈgɑtə
8118	cowboy	6868615	ˈkaʊˌbɔɪ
8119	narrative	6865202	
8120	bahrain	6863973	
8121	enormous	6863738	
8122	karma	6862407	ˈkɑrmə
8123	consist	6861709	kənˈsɪst
8124	betty	6858121	ˈbɛti
8125	queens	6857915	kwinz
8126	academics	6857856	ˌækəˈdɛmɪks
8127	pubs	6856583	pəbz
8128	quantitative	6856307	kˈwɑntɪˌteɪtɪv
8130	lucas	6855976	ˈlukəs
8132	subdivision	6853615	ˈsəbdɪˌvɪʒən
8133	tribes	6852777	traɪbz
8134	vip	6851845	ˌviˌaɪˈpi
8135	defeat	6851628	dɪˈfit
8136	clicks	6850538	klɪks
8137	distinction	6847512	dɪˈstɪŋkʃən
8138	honduras	6846795	hɑnˈdʊrəs
8139	naughty	6845743	ˈnɔti
8140	hazards	6844737	ˈhæzərdz
8141	insured	6844376	ˌɪnˈʃʊrd
8142	harper	6843424	ˈhɑrpər
8143	livestock	6843285	ˈlaɪvˌstɑk
8144	mardi	6842238	ˈmɑrdi
8145	exemption	6842211	ɪgˈzɛmpʃən
8146	tenant	6841635	ˈtɛnənt
8147	sustainability	6841235	səˌsteɪnəˈbɪlɪti
8148	cabinets	6839944	
8149	tattoo	6839828	ˌtæˈtu
8150	shake	6839319	ʃeɪk
8151	algebra	6837784	ˈælʤəbrə
8152	shadows	6834963	ˈʃæˌdoʊz
8153	holly	6834032	ˈhɑli
8155	silly	6833654	ˈsɪli
8156	nutritional	6832614	nuˈtrɪʃənəl
8157	yea	6831773	jeɪ
8158	mercy	6831149	ˈmərsi
8159	hartford	6827422	ˈhɑrtfərd
8160	freely	6826769	ˈfrili
8161	marcus	6825770	ˈmɑrkəs
8162	sunrise	6825721	ˈsənˌraɪz
8163	wrapping	6825675	ˈræpɪŋ
8164	mild	6825099	maɪld
8165	fur	6824491	fər
8166	nicaragua	6823056	ˌnɪkərˈɑgwə
8168	timeline	6819400	ˈtaɪmlaɪn
8169	tar	6815687	tɑr
8170	belongs	6811798	bɪˈlɔŋz
8172	readily	6800893	ˈrɛdəli
8173	affiliation	6800211	əˌfɪliˈeɪʃən
8175	fence	6796605	fɛns
8176	nudist	6796558	ˈnudɪst
8177	infinite	6795427	ˈɪnfənət
8178	diana	6795021	daɪˈænə
8179	ensures	6794220	
8180	relatives	6790916	ˈrɛlətɪvz
8181	lindsay	6788857	ˈlɪndzi
8182	clan	6788642	klæn
8183	legally	6786936	ˈligəli
8184	shame	6785296	ʃeɪm
8185	satisfactory	6785226	
8186	revolutionary	6784780	ˌrɛvəˈluʃəˌnɛri
8187	bracelets	6784037	ˈbreɪslɪts
8188	sync	6783321	sɪŋk
8189	civilian	6782491	səˈvɪljən
8190	telephony	6781709	ˈtɛləˌfoʊni
8191	mesa	6780960	ˈmeɪsə
8192	fatal	6779744	ˈfeɪtəl
8193	remedy	6779161	ˈrɛmədi
8194	realtors	6779056	
8195	breathing	6778253	ˈbriðɪŋ
8196	briefly	6777662	ˈbrifli
8197	thickness	6777013	ˈθɪknəs
8198	adjustments	6774522	əˈʤəstmənts
8199	graphical	6772818	ˈgræfɪkəl
8200	genius	6770764	ˈʤinjəs
8201	discussing	6770039	dɪˈskəsɪŋ
8202	aerospace	6769942	ˈɛroʊˌspeɪs
8203	fighter	6769666	ˈfaɪtər
8204	meaningful	6768984	ˈminɪŋfəl
8205	flesh	6768724	flɛʃ
8206	retreat	6768275	riˈtrit
8207	adapted	6767295	əˈdæptɪd
8208	barely	6764292	ˈbɛrli
8209	wherever	6763200	
8210	estates	6762781	ɛˈsteɪts
8211	rug	6759009	rəg
8212	democrat	6758314	ˈdɛməˌkræt
8213	borough	6757768	bəroʊ
8214	maintains	6757738	meɪnˈteɪnz
8215	failing	6757353	ˈfeɪlɪŋ
8216	shortcuts	6755251	ˈʃɔrtˌkəts
8218	retained	6752745	
8220	pamela	6751640	ˈpæmələ
8221	andrews	6748385	ˈænˌdruz
8222	marble	6745255	ˈmɑrbəl
8223	extending	6744759	ɪkˈstɛndɪŋ
8224	jesse	6744751	ˈʤɛsi
8225	specifies	6744015	ˈspɛsəˌfaɪz
8226	hull	6744002	həl
8228	surrey	6743263	ˈsəri
8229	briefing	6737775	ˈbrifɪŋ
8230	belkin	6736236	ˈbɛlkɪn
8232	accreditation	6733072	əˌkrɛdəˈteɪʃən
8234	blackberry	6731784	ˈblækˌbɛri
8235	highland	6731053	ˈhaɪlənd
8236	meditation	6729371	ˌmɛdəˈteɪʃən
8237	modular	6729139	ˈmɑʤələr
8238	microphone	6728403	ˈmaɪkrəˌfoʊn
8239	macedonia	6727127	
8240	combining	6724712	kəmˈbaɪnɪŋ
8241	brandon	6724445	ˈbrændən
8242	instrumental	6724375	
8243	giants	6724177	ʤaɪənts
8244	organizing	6723300	ˈɔrgəˌnaɪzɪŋ
8245	shed	6720397	ʃɛd
8246	balloon	6719614	bəˈlun
8247	moderators	6714560	ˈmɑdərˌeɪtərz
8248	winston	6712262	ˈwɪnstən
8249	memo	6710272	ˈmɛˌmoʊ
8250	ham	6710254	hæm
8251	solved	6710172	sɑlvd
8252	tide	6705696	taɪd
8253	kazakhstan	6705621	
8254	hawaiian	6701194	həˈwaɪən
8255	standings	6701017	ˈstændɪŋz
8256	partition	6700658	pɑrˈtɪʃən
8257	invisible	6699963	ˌɪnˈvɪzəbəl
8259	consoles	6699804	kənˈsoʊlz
8260	funk	6697219	fəŋk
8261	fbi	6697183	ˈɛfˈbiˈaɪ
8262	qatar	6695603	ˌkəˈtɑr
8263	magnet	6694571	ˈmægnət
8264	translations	6694010	
8265	porsche	6691885	
8266	cayman	6691441	ˈkeɪmən
8267	jaguar	6687890	ˈʤægˌwɑr
8268	reel	6687134	ril
8269	sheer	6684477	ʃɪr
8270	commodity	6684471	kəˈmɑdəti
8271	posing	6683144	ˈpoʊzɪŋ
8272	wang	6682155	wæŋ
8273	kilometers	6677539	
8275	bind	6677053	baɪnd
8276	thanksgiving	6676568	ˌθæŋksˈgɪvɪŋ
8277	rand	6676222	rænd
8278	hopkins	6674368	ˈhɑpkɪnz
8279	urgent	6674221	ˈərʤənt
8280	guarantees	6674117	ˌgɛrənˈtiz
8281	infants	6673177	ˈɪnfənts
8282	gothic	6673024	ˈgɑθɪk
8283	cylinder	6672412	
8284	witch	6671560	wɪʧ
8285	buck	6669472	bək
8286	indication	6667902	ˌɪndəˈkeɪʃən
8288	congratulations	6666777	kənˌgræʧəˈleɪʃənz
8290	cohen	6665722	koʊən
8291	sie	6665401	si
8293	puppy	6662287	ˈpəpi
8294	kathy	6661457	ˈkæθi
8295	acre	6660361	ˈeɪkər
8296	graphs	6660200	græfs
8297	surround	6660071	səraʊnd
8298	cigarettes	6658273	ˌsɪgəˈrɛts
8299	revenge	6655322	riˈvɛnʤ
8300	expires	6654690	ɪkˈspaɪərz
8301	enemies	6654467	ˈɛnəmiz
8302	lows	6654240	loʊz
8303	controllers	6652762	kənˈtroʊlərz
8304	aqua	6650975	
8305	chen	6650939	ʧɛn
8306	emma	6649709	ˈɛmə
8307	consultancy	6648252	kənˈsəltənsi
8308	finances	6647959	
8309	accepts	6647640	ækˈsɛpts
8310	enjoying	6647058	ˌɛnˈʤɔɪɪŋ
8311	conventions	6647013	kənˈvɛnʃənz
8312	eva	6646235	
8313	patrol	6645446	pəˈtroʊl
8314	smell	6642666	smɛl
8315	pest	6638255	pɛst
8317	italiano	6635888	ˌɪtɑliˈɑnoʊ
8318	coordinates	6635126	
8321	carnival	6633835	ˈkɑrnəvəl
8322	roughly	6633076	ˈrəfli
8323	sticker	6632250	ˈstɪkər
8324	promises	6632069	ˈprɑməsəz
8325	responding	6629299	
8326	reef	6627185	rif
8327	physically	6626169	
8328	divide	6625143	dɪˈvaɪd
8329	stakeholders	6624570	ˈsteɪˌkhoʊldərz
8332	consecutive	6620830	kənˈsɛkjətɪv
8333	cornell	6620754	kɔrˈnɛl
8334	satin	6620674	ˈsætən
8335	bon	6619974	bɑn
8336	deserve	6619274	dɪˈzərv
8337	attempting	6618228	əˈtɛmptɪŋ
8339	promo	6616863	ˈproʊˌmoʊ
8341	representations	6615452	ˌrɛprəzənˈteɪʃənz
8342	chan	6612938	ʧæn
8343	worried	6610456	ˈwərid
8344	tunes	6610108	tunz
8345	garbage	6609450	ˈgɑrbɪʤ
8346	competing	6608747	kəmˈpitɪŋ
8347	combines	6606328	kəmˈbaɪnz
8348	mas	6602100	mɑz
8349	beth	6597110	bɛθ
8350	bradford	6596963	ˈbrædfərd
8351	len	6596651	lɛn
8352	phrases	6596622	
8353	kai	6593897	kaɪ
8354	peninsula	6592516	pəˈnɪnsələ
8355	chelsea	6592362	ˈʧɛlsi
8356	boring	6590871	ˈbɔrɪŋ
8357	reynolds	6590765	ˈrɛnəldz
8358	dom	6590045	dɑm
8359	jill	6589607	ʤɪl
8360	accurately	6587832	ˈækjərətli
8361	speeches	6587170	
8362	reaches	6584676	
8363	schema	6584321	ˈskimə
8364	considers	6583467	kənˈsɪdərz
8365	sofa	6581358	ˈsoʊfə
8366	catalogs	6580887	ˈkætəlɔgz
8367	ministries	6578188	ˈmɪnɪstriz
8368	vacancies	6574616	ˈveɪkənsiz
8369	quizzes	6574487	kˈwɪzɪz
8370	parliamentary	6572284	ˌpɑrləˈmɛntəri
8372	prefix	6571204	ˈprifɪks
8373	lucia	6571033	ˈluʃə
8374	savannah	6569355	səˈvænə
8375	barrel	6568339	
8376	typing	6567944	ˈtaɪpɪŋ
8377	nerve	6567418	nərv
8379	planets	6565548	ˈplænəts
8380	deficit	6564569	ˈdɛfəsət
8381	boulder	6562262	ˈboʊldər
8382	pointing	6562181	ˈpɔɪntɪŋ
8383	renew	6561081	rɪˈnu
8384	coupled	6560131	ˈkəpəld
8386	myanmar	6557198	mˈjɑnˈmɑr
8388	harold	6554087	ˈhɛrəld
8389	circuits	6553324	ˈsərkəts
8390	floppy	6552141	ˈflɑpi
8391	texture	6551718	ˈtɛksʧər
8392	handbags	6550555	ˈhændˌbægz
8393	jar	6549211	ʤɑr
8395	somerset	6547979	ˈsəmərˌsɛt
8396	incurred	6547035	ˌɪnˈkərd
8397	acknowledge	6546612	ækˈnɑlɪʤ
8398	thoroughly	6545165	ˈθəroʊli
8399	antigua	6542883	ænˈtigwə
8400	nottingham	6542853	ˈnɑtɪŋˌhæm
8401	thunder	6542703	ˈθəndər
8402	tent	6542394	tɛnt
8403	caution	6542160	
8404	identifies	6540017	aɪˈdɛntəˌfaɪz
8405	questionnaire	6539764	kˌwɛsʧəˈnɛr
8406	qualification	6537637	kˌwɑləfəˈkeɪʃən
8407	locks	6536771	lɑks
8409	namely	6534503	ˈneɪmli
8410	miniature	6534321	
8412	hack	6533909	hæk
8413	dare	6533855	dɛr
8414	euros	6533754	ˈjuˌroʊz
8415	interstate	6531883	ˌɪntərˈsteɪt
8416	pirates	6531487	ˈpaɪrəts
8417	aerial	6531386	ˈɛriəl
8418	hawk	6529086	hɔk
8419	consequence	6528999	ˈkɑnsəkwəns
8420	rebel	6527810	
8421	systematic	6527542	ˌsɪstəˈmætɪk
8422	perceived	6527194	pərˈsivd
8423	origins	6526476	ˈɔrəʤɪnz
8424	hired	6526426	haɪərd
8425	makeup	6525396	ˈmeɪˌkəp
8426	textile	6524569	ˈtɛkˌstaɪl
8427	lamb	6524456	læm
8428	madagascar	6524173	ˌmædəˈgæskər
8429	nathan	6523975	ˈneɪθən
8430	tobago	6521836	təˈbeɪgoʊ
8431	presenting	6521475	
8432	cos	6519725	kɔs
8434	uzbekistan	6517603	uzˈbɛkɪˌstæn
8435	indexes	6516296	ˈɪndɛksɪz
8436	pac	6515935	pæk
8439	centuries	6510767	ˈsɛnʧəriz
8441	magnitude	6507232	ˈmægnəˌtud
8443	richardson	6506250	ˈrɪʧərdsən
8444	hindu	6505867	ˈhɪnˌdu
8446	fragrances	6501326	ˈfreɪgrənsɪz
8447	vocabulary	6500785	voʊˈkæbjəˌlɛri
8448	licking	6499813	ˈlɪkɪŋ
8449	earthquake	6498726	ˈərθkˌweɪk
8451	fundraising	6497328	ˈfənˌdreɪsɪŋ
8453	markers	6494071	ˈmɑrkərz
8454	weights	6493767	weɪts
8455	albania	6491835	ælˈbeɪniə
8456	geological	6489369	ˌʤiəˈlɑʤɪkəl
8457	assessing	6488267	əˈsɛsɪŋ
8458	lasting	6487026	ˈlæstɪŋ
8459	wicked	6486222	ˈwɪkəd
8461	introduces	6484370	
8462	kills	6484339	kɪlz
8463	roommate	6484327	ˈruˌmeɪt
8465	pushed	6482839	pʊʃt
8469	computational	6475374	ˌkɑmpjuˈteɪʃənəl
8471	participated	6474500	
8472	junk	6474279	ʤəŋk
8474	wax	6472822	wæks
8475	lucy	6472814	ˈlusi
8476	answering	6472783	ˈænsərɪŋ
8477	hans	6471170	
8478	impressed	6470043	ˌɪmˈprɛst
8479	slope	6469975	sloʊp
8480	reggae	6467917	ˈrɛˌgeɪ
8481	failures	6467553	ˈfeɪljərz
8482	poet	6466394	poʊət
8483	conspiracy	6464990	kənˈspɪrəsi
8484	surname	6464687	ˈsərˌneɪm
8485	theology	6464165	θiˈɑləʤi
8486	nails	6463889	neɪlz
8487	evident	6462719	ˈɛvədənt
8488	whats	6462263	
8489	rides	6461201	raɪdz
8490	rehab	6460331	rihæb
8491	epic	6457720	ˈɛpɪk
8492	saturn	6456206	ˈsætərn
8493	organizer	6455968	ˈɔrgəˌnaɪzər
8494	nut	6455927	nət
8495	allergy	6453834	ˈælərʤi
8496	sake	6452394	seɪk
8497	twisted	6451973	
8498	combinations	6451955	ˌkɑmbəˈneɪʃənz
8499	preceding	6451360	priˈsidɪŋ
8500	merit	6450895	ˈmɛrət
8501	enzyme	6450842	ˈɛnˌzaɪm
8502	cumulative	6449838	ˈkjumjələtɪv
8504	planes	6446290	pleɪnz
8505	edmonton	6446043	ˈɛdməntən
8506	tackle	6445389	ˈtækəl
8507	disks	6445126	dɪsks
8508	condo	6444848	ˈkɑndoʊ
8510	amplifier	6444590	ˈæmpləˌfaɪər
8512	arbitrary	6442074	
8513	prominent	6441825	ˈprɑmənənt
8514	retrieve	6441254	
8515	lexington	6440847	ˈlɛksɪŋtən
8516	vernon	6439809	ˈvərnən
8517	sans	6439653	sænz
8519	titanium	6437241	taɪˈteɪniəm
8520	irs	6436696	ˈaɪˌɑˈrɛs
8521	fairy	6435300	ˈfɛri
8522	builds	6432334	bɪldz
8523	contacted	6431982	ˈkɑnˌtæktɪd
8524	shaft	6431372	ʃæft
8525	lean	6431362	lin
8526	bye	6427151	baɪ
8528	recorders	6424565	
8529	occasional	6424555	ɔˈkeɪʒənəl
8530	leslie	6423961	ˈlɛsli
8531	casio	6423721	ˈkæsioʊ
8532	deutsche	6422601	dɔɪʧ
8533	ana	6422027	
8534	postings	6417777	ˈpoʊstɪŋz
8535	innovations	6416376	
8536	kitty	6414935	ˈkɪti
8537	postcards	6413643	
8538	dude	6412649	dud
8539	drain	6411642	dreɪn
8540	monte	6411384	ˈmɑnti
8541	fires	6407259	
8542	algeria	6407167	æˈlʤɪriə
8543	blessed	6405474	blɛst
8544	luis	6405197	luis
8545	reviewing	6403305	rivˈjuɪŋ
8546	cardiff	6403258	ˈkɑrdɪf
8547	cornwall	6402077	ˈkɔrnwɔl
8548	favors	6399252	ˈfeɪvərz
8549	potato	6397517	pəˈteɪˌtoʊ
8550	panic	6396440	ˈpænɪk
8551	explicitly	6393990	ɪkˈsplɪsətli
8552	sticks	6393950	stɪks
8553	leone	6393163	liˈoʊn
8554	transsexual	6392288	trænˈsɛkʃjuəl
8556	citizenship	6390878	ˈsɪtɪzənˌʃɪp
8557	excuse	6390272	
8558	reforms	6389308	
8559	basement	6386071	ˈbeɪsmənt
8560	onion	6384730	ˈənjən
8561	strand	6383185	strænd
8563	sandwich	6382356	
8565	lawsuit	6381221	ˈlɔˌsut
8566	alto	6380149	ˈæltoʊ
8567	informative	6379114	ˌɪnˈfɔrmətɪv
8568	girlfriend	6379028	ˈgərlˌfrɛnd
8569	bloomberg	6378688	ˈblumbərg
8570	cheque	6377286	ʧɛk
8571	hierarchy	6376694	
8572	influenced	6376458	ˈɪnfluənst
8573	banners	6376393	ˈbænərz
8574	reject	6375348	
8575	eau	6374072	oʊ
8576	abandoned	6371760	əˈbændənd
8578	circles	6369809	ˈsərkəlz
8579	italic	6368489	aɪˈtælɪk
8580	beats	6367861	bits
8581	merry	6367037	ˈmɛri
8582	mil	6366921	mɪl
8583	scuba	6366349	ˈskubə
8584	gore	6361800	gɔr
8585	complement	6360526	ˈkɑmpləmənt
8586	cult	6358930	kəlt
8587	dash	6357959	dæʃ
8588	passive	6357851	ˈpæsɪv
8589	mauritius	6357477	mɔˈrɪtiəs
8590	valued	6356728	ˈvæljud
8591	cage	6355861	keɪʤ
8592	checklist	6354694	ˈʧɛˌklɪst
8594	requesting	6353012	
8595	courage	6352530	kərɪʤ
8596	verde	6352373	ˈvərdi
8597	lauderdale	6351956	ˈlɔdərˌdeɪl
8598	scenarios	6349970	sɪˈnɛrioʊz
8599	gazette	6349968	gəˈzɛt
8600	hitachi	6349691	hɪˈtɑʧi
8602	extraction	6349194	ɛkˈstrækʃən
8603	batman	6348582	ˈbætˌmæn
8604	elevation	6344864	ˌɛləˈveɪʃən
8605	hearings	6342388	ˈhirɪŋz
8606	coleman	6342263	ˈkoʊlmən
8607	hugh	6339596	
8608	lap	6338010	læp
8609	utilization	6337608	ˌjutələˈzeɪʃən
8610	beverages	6337228	ˈbɛvrɪʤɪz
8611	calibration	6336910	ˌkæləˈbreɪʃən
8612	jake	6335873	ʤeɪk
8614	efficiently	6334769	ɪˈfɪʃəntli
8615	anaheim	6334553	ˈænəˌhaɪm
8616	ping	6333297	pɪŋ
8617	textbook	6332509	ˈtɛkstˌbʊk
8618	dried	6331606	draɪd
8619	entertaining	6330073	
8620	prerequisite	6329988	priˈrɛkwəzət
8621	luther	6328857	ˈluθər
8622	frontier	6327201	frənˈtɪr
8623	settle	6326394	ˈsɛtəl
8624	stopping	6325995	ˈstɑpɪŋ
8625	refugees	6325438	ˈrɛfˌjuʤiz
8626	knights	6324315	naɪts
8627	hypothesis	6323872	haɪˈpɑθəsəs
8628	palmer	6323593	
8629	medicines	6321964	ˈmɛdəsənz
8630	flux	6321668	fləks
8631	derby	6319608	ˈdərbi
8632	sao	6318816	saʊ
8633	peaceful	6318477	ˈpisfəl
8634	altered	6316108	ˈɔltərd
8635	pontiac	6314853	
8636	regression	6314300	rəˈgrɛʃən
8637	doctrine	6312134	
8638	scenic	6312130	ˈsinɪk
8639	trainers	6312095	ˈtreɪnərz
8641	enhancements	6307063	ɛnˈhænsmənts
8642	renewable	6305969	riˈnuəbəl
8643	intersection	6304801	ˌɪntərˈsɛkʃən
8644	passwords	6302572	ˈpæsˌwərdz
8645	sewing	6301885	soʊɪŋ
8646	consistency	6300897	kənˈsɪstənsi
8647	collectors	6300613	kəˈlɛktərz
8648	conclude	6300601	kənˈklud
8649	recognised	6297911	ˈrɛkəgˌnaɪzd
8650	munich	6297531	mˈjunɪk
8651	oman	6297262	oʊˈmɑn
8652	celebs	6293895	səˈlɛbz
8654	propose	6292372	prəˈpoʊz
8656	azerbaijan	6289278	
8657	lighter	6287712	ˈlaɪtər
8658	rage	6286645	reɪʤ
8661	prix	6281426	pri
8662	astrology	6279280	əˈstrɑləʤi
8663	advisors	6279269	ædˈvaɪzərz
8664	pavilion	6278119	pəˈvɪljən
8665	tactics	6277023	ˈtæktɪks
8666	trusts	6275089	trəsts
8667	occurring	6273414	əˈkərɪŋ
8668	supplemental	6271983	ˌsəpləˈmɛntəl
8669	travelling	6271787	
8670	talented	6268788	
8671	annie	6267924	ˈæni
8672	pillow	6267773	ˈpɪloʊ
8673	induction	6267061	ˌɪnˈdəkʃən
8674	derek	6266654	ˈdɛrɪk
8675	precisely	6265488	
8676	shorter	6265445	ˈʃɔrtər
8677	harley	6264719	ˈhɑrli
8678	spreading	6264419	ˈsprɛdɪŋ
8679	provinces	6263860	ˈprɑvənsəz
8680	relying	6262733	riˈlaɪɪŋ
8681	finals	6260305	ˈfaɪnəlz
8682	paraguay	6257916	ˈpɛrəgˌweɪ
8683	steal	6257493	stil
8684	parcel	6256814	ˈpɑrsəl
8685	refined	6256800	
8688	fifteen	6252259	
8689	widespread	6250188	ˈwaɪdˈsprɛd
8690	incidence	6249289	
8691	fears	6244239	fɪrz
8692	predict	6242784	
8693	boutique	6242143	buˈtik
8694	acrylic	6241613	əˈkrɪlɪk
8695	rolled	6241330	roʊld
8696	tuner	6238319	ˈtunər
8697	avon	6237273	ˈeɪvɑn
8698	incidents	6230779	ˈɪnsədənts
8699	peterson	6226705	ˈpitərsən
8700	rays	6225964	reɪz
8702	shannon	6225567	ˈʃænən
8703	toddler	6223093	ˈtɑdlər
8704	enhancing	6222606	ɛnˈhænsɪŋ
8705	flavor	6222543	ˈfleɪvər
8706	alike	6220739	əˈlaɪk
8707	walt	6219614	wɔlt
8708	homeless	6218611	ˈhoʊmləs
8709	horrible	6218089	ˈhɔrəbəl
8710	hungry	6217455	ˈhəŋgri
8711	metallic	6216751	məˈtælɪk
8712	acne	6215449	ˈækni
8713	blocked	6214606	blɑkt
8714	interference	6209872	
8715	warriors	6208650	
8716	palestine	6208235	ˈpæləˌstaɪn
8719	undo	6201919	ənˈdu
8720	cadillac	6200446	ˈkædəˌlæk
8721	atmospheric	6200192	ˌætməsˈfɛrɪk
8722	malawi	6199471	məˈlɑwi
8727	dana	6195188	ˈdeɪnə
8728	halo	6194202	ˈheɪloʊ
8730	curtis	6192140	
8731	parental	6191119	pərˈɛntəl
8732	referenced	6189204	
8733	strikes	6186772	straɪks
8734	lesser	6186413	ˈlɛsər
8735	publicity	6185967	
8736	marathon	6184918	ˈmɛrəˌθɑn
8737	ant	6182704	ænt
8738	proposition	6182044	ˌprɑpəˈzɪʃən
8739	gays	6180881	geɪz
8740	pressing	6180129	ˈprɛsɪŋ
8741	gasoline	6179239	ˈgæsəˌlin
8742	apt	6178351	æpt
8743	dressed	6178034	drɛst
8744	scout	6176157	skaʊt
8745	belfast	6176071	ˈbɛlˌfæst
8746	exec	6175969	ˌɛgˈzɛk
8747	dealt	6174968	dɛlt
8748	niagara	6173308	naɪˈægrə
8750	eos	6169309	iɔs
8751	warcraft	6168116	ˈwɔrˌkræft
8752	charms	6168055	ʧɑrmz
8753	catalyst	6166925	ˈkætəˌlɪst
8754	trader	6166016	ˈtreɪdər
8755	bucks	6165133	bəks
8756	allowance	6163760	əˈlaʊəns
8758	denial	6157847	dɪˈnaɪəl
8759	uri	6157239	ˈjəri
8760	designation	6156865	
8761	thrown	6153088	θroʊn
8762	prepaid	6151760	priˈpeɪd
8763	raises	6150727	
8764	gem	6147908	ʤɛm
8765	duplicate	6146837	
8766	electro	6146299	ɪˈlɛktroʊ
8767	criterion	6145788	kraɪˈtɪriən
8768	badge	6145138	bæʤ
8769	wrist	6143580	rɪst
8770	civilization	6143054	ˌsɪvəlɪˈzeɪʃən
8771	analyzed	6139654	ˈænəˌlaɪzd
8772	vietnamese	6139248	viˌɛtnɑˈmis
8773	heath	6139151	hiθ
8774	tremendous	6136813	
8775	ballot	6136404	ˈbælət
8776	lexus	6134590	ˈlɛksəs
8777	varying	6133265	ˈvɛriɪŋ
8778	remedies	6133085	ˈrɛmədiz
8779	validity	6132692	vəˈlɪdɪti
8780	trustee	6132688	ˌtrəˈsti
8781	maui	6131805	maʊi
8783	weighted	6127410	ˈweɪtɪd
8784	angola	6127254	æŋˈgoʊlə
8785	squirt	6126880	skwərt
8786	performs	6125810	pərˈfɔrmz
8787	plastics	6124848	ˈplæstɪks
8788	realm	6122762	rɛlm
8789	corrected	6122004	
8790	jenny	6118544	ˈʤɛni
8791	helmet	6117300	ˈhɛlmət
8792	salaries	6117284	ˈsæləriz
8793	postcard	6117094	
8794	elephant	6116985	ˈɛləfənt
8795	yemen	6111610	ˈjɛmən
8796	encountered	6108842	
8797	tsunami	6108023	
8798	scholar	6106465	ˈskɑlər
8799	nickel	6105089	ˈnɪkəl
8800	internationally	6101687	
8801	surrounded	6101488	
8802	psi	6101411	saɪ
8803	buses	6101027	ˈbəsɪz
8804	expedia	6100602	ɛkˈspidiə
8805	geology	6099879	ʤiˈɑləʤi
8808	creatures	6098952	ˈkriʧərz
8809	coating	6098897	ˈkoʊtɪŋ
8810	commented	6098391	ˈkɑmɛntəd
8811	wallet	6097891	ˈwɔlət
8812	cleared	6097495	klɪrd
8815	accomplish	6091676	əˈkɑmplɪʃ
8816	boating	6091365	ˈboʊtɪŋ
8817	drainage	6091287	
8818	shakira	6087653	ˌʃæˈkirə
8819	corners	6087498	ˈkɔrnərz
8820	broader	6086711	ˈbrɔdər
8821	vegetarian	6084997	ˌvɛʤəˈtɛˌriən
8822	rouge	6084449	ruʒ
8823	yeast	6083904	jist
8824	yale	6083140	jeɪl
8825	newfoundland	6082223	ˈnufəndlənd
8828	pas	6077603	pɑz
8829	clearing	6077447	ˈklɪrɪŋ
8830	investigated	6077280	
8832	ambassador	6071252	æmˈbæsədər
8833	coated	6071039	
8834	intend	6069497	ˌɪnˈtɛnd
8835	stephanie	6069137	ˈstɛfəni
8836	contacting	6067411	ˈkɑnˌtæktɪŋ
8837	vegetation	6067206	ˌvɛʤəˈteɪʃən
8838	doom	6066610	dum
8840	louise	6065742	luiz
8841	kenny	6065528	ˈkɛˌni
8842	specially	6065220	
8843	owen	6063384	oʊən
8844	routines	6062898	ruˈtinz
8845	hitting	6061673	ˈhɪtɪŋ
8846	yukon	6061476	ˈjuˌkɑn
8847	beings	6059538	biɪŋz
8848	bite	6058201	baɪt
8850	aquatic	6056753	
8851	reliance	6056226	
8852	habits	6054045	ˈhæbəts
8853	striking	6053333	ˈstraɪkɪŋ
8854	myth	6053018	mɪθ
8855	infectious	6051038	ˌɪnˈfɛkʃəs
8857	singh	6049797	sɪŋ
8858	gig	6049004	gɪg
8859	gilbert	6048799	ˈgɪlbərt
8860	sas	6048241	sæs
8861	ferrari	6048131	fərˈɑri
8862	continuity	6045562	ˌkɑntəˈnuəti
8863	brook	6044943	brʊk
8865	outputs	6043129	ˈaʊtˌpʊts
8866	phenomenon	6041881	fəˈnɑməˌnɑn
8867	ensemble	6041105	ɑnˈsɑmbəl
8868	insulin	6039475	ˈɪnsələn
8869	assured	6038675	əˈʃʊrd
8870	biblical	6038616	
8871	weed	6037596	wid
8872	conscious	6037028	ˈkɑnʃəs
8873	accent	6036395	
8875	eleven	6033802	
8876	wives	6031432	waɪvz
8877	ambient	6031360	ˈæmbiənt
8878	utilize	6030953	ˈjutəˌlaɪz
8879	mileage	6029552	
8881	prostate	6027360	ˈprɑˌsteɪt
8882	adaptor	6027066	əˈdæptər
8883	auburn	6026025	ˈɑbərn
8884	unlock	6026007	ənˈlɑk
8885	hyundai	6025312	
8886	pledge	6025016	plɛʤ
8887	vampire	6024192	ˈvæmpaɪr
8888	angela	6024003	ˈænʤələ
8889	relates	6023862	
8890	nitrogen	6022130	ˈnaɪtrəʤən
8891	xerox	6022102	ˈzɪrɑks
8892	dice	6021831	daɪs
8893	merger	6021111	ˈmərʤər
8894	softball	6020491	
8895	referrals	6020422	rɪˈfərəlz
8896	quad	6017819	kwɑd
8897	dock	6017754	dɑk
8898	differently	6017583	
8901	nextel	6016435	ˈnɛkˌstɛl
8902	framing	6016034	ˈfreɪmɪŋ
8904	musician	6011315	mjuˈzɪʃən
8905	blocking	6008690	ˈblɑkɪŋ
8906	rwanda	6007209	
8907	sorts	6005834	sɔrts
8908	integrating	6005665	
8910	limiting	6004972	ˈlɪmətɪŋ
8911	dispatch	6004425	dɪˈspæʧ
8912	revisions	6004256	riˈvɪʒənz
8913	papua	6002552	ˈpæpjuə
8914	restored	6002392	rɪˈstɔrd
8915	hint	6001895	hɪnt
8916	armor	6001844	ˈɑrmər
8917	riders	6001273	ˈraɪdərz
8918	chargers	6000301	ˈʧɑrʤərz
8919	remark	5999841	
8920	dozens	5999337	ˈdəzənz
8921	varies	5999198	ˈvɛriz
8923	reasoning	5996840	ˈrizənɪŋ
8925	liz	5991073	lɪz
8926	rendered	5990550	ˈrɛndərd
8927	picking	5990492	ˈpɪkɪŋ
8928	charitable	5989558	
8929	guards	5989547	gɑrdz
8930	annotated	5988571	ˌænəˈteɪtɪd
8933	convinced	5987616	kənˈvɪnst
8934	openings	5987589	ˈoʊpənɪŋz
8935	buys	5986960	baɪz
8936	burlington	5985020	ˈbərlɪŋtən
8937	replacing	5983876	rɪˈpleɪsɪŋ
8938	researcher	5982544	ˈrisərʧər
8939	watershed	5982111	ˈwɔtərˌʃɛd
8940	councils	5981809	ˈkaʊnsɪlz
8941	occupations	5980975	ˌɑkjəˈpeɪʃənz
8942	acknowledged	5979804	ækˈnɑlɪʤd
8943	nudity	5978413	ˈnudɪti
8944	kruger	5975805	ˈkrugər
8945	pockets	5975452	ˈpɑkəts
8946	granny	5975081	ˈgræni
8947	pork	5973507	pɔrk
8949	equilibrium	5971011	ˌikwəˈlɪbriəm
8950	viral	5969493	ˈvaɪrəl
8951	inquire	5968138	ˌɪnkˈwaɪr
8952	pipes	5966191	paɪps
8953	characterized	5965898	ˈkɛrɪktərˌaɪzd
8954	laden	5964620	ˈleɪdən
8955	aruba	5964318	ərˈubə
8956	cottages	5964290	ˈkɑtɪʤɪz
8957	realtor	5962026	
8958	merge	5961585	mərʤ
8959	privilege	5960038	ˈprɪvɪlɪʤ
8960	edgar	5959034	ˈɛdgər
8961	develops	5958900	dɪˈvɛləps
8962	qualifying	5958210	kˈwɑləˌfaɪɪŋ
8963	chassis	5955012	ˈʧæsi
8964	dubai	5952494	duˈbaɪ
8965	estimation	5952184	ˌɛstəˈmeɪʃən
8966	barn	5952183	bɑrn
8967	pushing	5952141	ˈpʊʃɪŋ
8969	fleece	5950232	flis
8970	pediatric	5949762	ˌpidiˈætrɪk
8972	fare	5949355	fɛr
8975	pierce	5946907	pɪrs
8976	allan	5945293	ˈælən
8977	dressing	5944875	ˈdrɛsɪŋ
8979	sperm	5944531	spərm
8981	bald	5944017	bɔld
8983	craps	5943974	kræps
8984	fuji	5943699	ˈfuʤi
8985	frost	5940685	frɔst
8986	leon	5939361	liɑn
8987	institutes	5938374	ˈɪnstɪˌtuts
8988	mold	5937161	moʊld
8989	dame	5935872	deɪm
8991	sally	5933047	ˈsæli
8992	yacht	5932756	jɑt
8993	tracy	5931717	ˈtreɪsi
8994	prefers	5931628	
8995	drilling	5931255	ˈdrɪlɪŋ
8996	brochures	5931237	broʊˈʃʊrz
8997	herb	5930548	
8999	alot	5929674	əˈlɑt
9000	ate	5929336	eɪt
9001	breach	5928795	briʧ
9002	whale	5928569	
9003	traveller	5928308	ˈtrævələr
9004	appropriations	5926818	əˌproʊpriˈeɪʃənz
9005	suspected	5926215	
9006	tomatoes	5924980	
9007	benchmark	5924880	ˈbɛnʧˌmɑrk
9008	beginners	5924643	bɪˈgɪnərz
9009	instructors	5924562	ˌɪnˈstrəktərz
9010	highlighted	5924450	ˈhaɪˌlaɪtɪd
9011	bedford	5924396	ˈbɛdfərd
9012	stationery	5923389	ˈsteɪʃəˌnɛri
9013	idle	5921579	ˈaɪdəl
9014	mustang	5920696	ˈməˌstæŋ
9015	unauthorized	5918928	əˈnɔθərˌaɪzd
9016	clusters	5918151	ˈkləstərz
9017	antibody	5917782	
9018	competent	5917697	ˈkɑmpətɪnt
9019	momentum	5916698	moʊˈmɛntəm
9020	fin	5916557	fɪn
9021	wiring	5915941	ˈwaɪrɪŋ
9023	pastor	5915067	ˈpæstər
9024	mud	5915017	məd
9025	calvin	5911132	
9026	uni	5909498	ˈjuni
9027	shark	5904454	ʃɑrk
9028	contributor	5902799	kənˈtrɪbjətər
9029	demonstrates	5902304	ˈdɛmənˌstreɪts
9030	phases	5901947	
9031	grateful	5901215	ˈgreɪtfəl
9032	emerald	5900723	
9033	gradually	5900673	
9034	laughing	5900004	ˈlæfɪŋ
9035	grows	5899321	groʊz
9036	cliff	5898886	klɪf
9037	desirable	5898611	
9038	tract	5897046	trækt
9040	ballet	5896294	bæˈleɪ
9042	journalist	5895302	
9043	abraham	5894747	ˈeɪbrəˌhæm
9045	bumper	5888291	ˈbəmpər
9046	afterwards	5887924	ˈæftərwərdz
9048	religions	5885745	riˈlɪʤənz
9049	garlic	5884664	ˈgɑrlɪk
9050	hostels	5882823	ˈhɑstəlz
9051	shine	5881862	ʃaɪn
9052	senegal	5881287	ˌsɛnəˈgɔl
9053	explosion	5877201	ɪkˈsploʊʒən
9055	banned	5873696	bænd
9056	wendy	5873301	ˈwɛndi
9057	briefs	5872333	brifs
9058	signatures	5871903	ˈsɪgnəʧərz
9060	cove	5868737	koʊv
9061	mumbai	5865695	ˌmʊmˈbaɪ
9062	ozone	5865280	ˈoʊˌzoʊn
9063	disciplines	5863597	ˈdɪsəplənz
9064	casa	5862928	ˈkɑsə
9066	daughters	5859931	ˈdɔtərz
9067	conversations	5859623	ˌkɑnvərˈseɪʃənz
9068	radios	5858974	ˈreɪdiˌoʊz
9069	tariff	5858045	ˈtɛrəf
9071	opponent	5857157	əˈpoʊnənt
9072	pasta	5855460	ˈpɑstə
9073	simplified	5855338	ˈsɪmpləˌfaɪd
9074	muscles	5855328	ˈməsəlz
9075	serum	5854942	ˈsɪrəm
9076	wrapped	5852802	ræpt
9077	swift	5850031	swɪft
9081	focal	5844761	ˈfoʊkəl
9083	vagina	5844003	vəˈʤaɪnə
9084	eden	5843083	ˈidən
9085	distant	5843044	ˈdɪstənt
9087	champagne	5842565	ʃæmˈpeɪn
9088	ala	5842094	
9089	decimal	5842077	ˈdɛsəməl
9091	deviation	5840675	ˌdiviˈeɪʃən
9092	superintendent	5840171	
9094	dip	5839794	dɪp
9095	nbc	5838491	ˈɛnˌbiˈsi
9096	samba	5838327	ˈsɑmbə
9097	hostel	5837147	ˈhɑstəl
9098	housewives	5836649	ˈhaʊsˌwaɪvz
9099	employ	5836385	
9100	mongolia	5835847	
9101	penguin	5835109	ˈpɛŋgwən
9102	magical	5834922	ˈmæʤɪkəl
9103	influences	5834542	ˈɪnˌfluənsɪz
9104	inspections	5833062	ˌɪnˈspɛkʃənz
9105	irrigation	5830874	ˌɪrəˈgeɪʃən
9106	miracle	5829725	ˈmɪrəkəl
9107	manually	5828485	ˈmænjuəli
9108	reprint	5827192	riˈprɪnt
9109	reid	5827023	rid
9111	hydraulic	5825729	haɪˈdrɔlɪk
9112	centered	5823521	ˈsɛntərd
9113	robertson	5823015	ˈrɑbərtsən
9114	flex	5822075	flɛks
9115	yearly	5822036	ˈjɪrli
9116	penetration	5821758	ˌpɛnəˈtreɪʃən
9117	wound	5820050	
9118	belle	5820002	bɛl
9119	rosa	5819587	ˈroʊzə
9120	conviction	5818769	kənˈvɪkʃən
9121	hash	5816883	hæʃ
9122	omissions	5816366	oʊˈmɪʃənz
9123	writings	5816200	ˈraɪtɪŋz
9124	hamburg	5815407	ˈhæmbərg
9125	lazy	5813872	ˈleɪzi
9127	mpg	5811089	
9128	retrieval	5809664	
9129	qualities	5809457	kˈwɑlətiz
9130	cindy	5809307	ˈsɪndi
9131	lolita	5809263	loʊˈlitə
9132	fathers	5808095	ˈfɑðərz
9134	charging	5805957	ˈʧɑrʤɪŋ
9135	cas	5805006	kæs
9136	marvel	5803188	ˈmɑrvəl
9137	lined	5802278	laɪnd
9139	dow	5798818	daʊ
9140	prototype	5797559	ˈproʊtoʊˌtaɪp
9141	importantly	5797467	ˌɪmˈpɔrtəntli
9143	petite	5796298	pəˈtit
9144	apparatus	5795626	ˌæpərˈætəs
9146	terrain	5793822	təreɪn
9147	dui	5793574	ˈdiˈjuˈaɪ
9148	pens	5793328	pɛnz
9149	explaining	5793125	ɪkˈspleɪnɪŋ
9150	yen	5792863	jɛn
9151	strips	5791691	strɪps
9152	gossip	5789586	ˈgɑsəp
9153	rangers	5785364	ˈreɪnʤərz
9154	nomination	5784301	ˌnɑməˈneɪʃən
9155	empirical	5783958	ˌɛmˈpɪrɪkəl
9157	rotary	5782181	ˈroʊtəri
9158	worm	5782079	wərm
9159	dependence	5780801	dɪˈpɛndəns
9160	discrete	5780056	dɪˈskrit
9161	beginner	5779949	bɪˈgɪnər
9162	boxed	5778226	bɑkst
9163	lid	5776418	lɪd
9164	sexuality	5775359	ˌsɛkʃuˈæləti
9165	polyester	5775223	ˌpɑˌliˈɛstər
9166	cubic	5774261	ˈkjubɪk
9167	deaf	5774245	dɛf
9168	commitments	5773468	kəˈmɪtmənts
9169	suggesting	5773290	səˈʤɛstɪŋ
9170	sapphire	5772561	ˈsæfaɪər
9172	skirts	5771336	skərts
9173	mats	5769854	mæts
9174	remainder	5767514	
9175	crawford	5766156	ˈkrɔfərd
9176	labeled	5765620	ˈleɪbəld
9177	privileges	5765198	ˈprɪvɪˌlɪʤɪz
9178	televisions	5763445	ˈtɛləˌvɪʒənz
9179	specializing	5763389	ˈspɛʃəˌlaɪzɪŋ
9180	marking	5763345	ˈmɑrkɪŋ
9181	commodities	5761180	kəˈmɑdətiz
9183	serbia	5759300	ˈsərbiə
9184	sheriff	5758797	
9185	griffin	5758614	ˈgrɪfɪn
9186	declined	5758614	dɪˈklaɪnd
9187	guyana	5758483	ˌgaɪˈɑnə
9188	spies	5756937	spaɪz
9189	blah	5755885	blɑ
9190	mime	5755769	maɪm
9191	neighbor	5753134	ˈneɪbər
9192	motorcycles	5749435	ˈmoʊtərˌsaɪkəlz
9193	elect	5748899	ɪˈlɛkt
9194	highways	5745573	ˈhaɪˌweɪz
9195	thinkpad	5745506	ˈθɪŋkˌpæd
9196	concentrate	5744544	ˈkɑnsənˌtreɪt
9197	intimate	5744011	
9198	reproductive	5743545	ˌriprəˈdəktɪv
9199	preston	5742424	ˈprɛstən
9200	deadly	5740299	ˈdɛdli
9201	cunt	5737830	kənt
9203	bunny	5730050	ˈbəni
9204	chevy	5729809	
9205	molecules	5729526	ˈmɑləˌkjulz
9206	rounds	5728310	
9207	longest	5727593	
9208	refrigerator	5726901	
9210	intervals	5726477	ˈɪntərvəlz
9211	sentences	5723424	
9212	dentists	5722434	ˈdɛntɪsts
9214	exclusion	5721930	ɪkˈskluʒən
9215	workstation	5720085	ˈwərkˌsteɪʃən
9216	holocaust	5719888	ˈhɔləˌkɔst
9217	keen	5719759	kin
9218	flyer	5718564	flaɪər
9219	peas	5718446	piz
9220	dosage	5718176	
9221	receivers	5718103	
9224	disposition	5717084	ˌdɪspəˈzɪʃən
9225	variance	5713415	ˈvɛriəns
9226	navigator	5712459	ˈnævəˌgeɪtər
9227	investigators	5712386	ˌɪnˈvɛstəˌgeɪtərz
9228	cameroon	5712068	ˈkæmərˌun
9229	baking	5711682	ˈbeɪkɪŋ
9230	marijuana	5711213	ˌmɛrəˈwɑnə
9231	adaptive	5711114	əˈdæptɪv
9232	computed	5709026	
9233	needle	5708007	ˈnidəl
9234	baths	5707960	bæθs
9237	cathedral	5707027	kəˈθidrəl
9238	brakes	5706374	breɪks
9240	nirvana	5702748	
9242	fairfield	5702369	ˈfɛrˌfild
9243	owns	5702245	oʊnz
9244	til	5700373	tɪl
9246	sticky	5698936	ˈstɪki
9247	destiny	5698721	ˈdɛstəni
9248	generous	5698368	ˈʤɛnərəs
9249	madness	5698238	ˈmædnəs
9251	climb	5697476	klaɪm
9252	blowing	5695084	bloʊɪŋ
9253	fascinating	5694739	ˈfæsəˌneɪtɪŋ
9254	landscapes	5694671	
9255	heated	5694239	
9256	lafayette	5693356	
9257	jackie	5693142	ˈʤæki
9259	computation	5690959	ˌkɑmpjəˈteɪʃən
9260	hay	5688403	heɪ
9261	cardiovascular	5688372	ˌkɑrdioʊˈvæskjələr
9263	sparc	5686425	spɑrk
9264	cardiac	5684878	ˈkɑrdiˌæk
9265	salvation	5684577	sælˈveɪʃən
9266	dover	5683356	ˈdoʊvər
9267	adrian	5683331	ˈeɪdriən
9268	predictions	5682037	priˈdɪkʃənz
9269	accompanying	5681015	əˈkəmpəniɪŋ
9270	vatican	5678469	ˈvætɪkən
9271	brutal	5675803	ˈbrutəl
9272	learners	5675657	ˈlərnərz
9274	selective	5674677	səˈlɛktɪv
9275	arbitration	5674307	ˌɑrbɪˈtreɪʃən
9276	configuring	5673670	kənˈfɪgjərɪŋ
9277	token	5672353	ˈtoʊkən
9278	editorials	5671680	ˌɛdəˈtɔriəlz
9279	zinc	5671140	zɪŋk
9280	sacrifice	5670665	ˈsækrəˌfaɪs
9281	seekers	5668954	ˈsikərz
9282	guru	5668074	ˈguˌru
9283	isa	5666214	ˈisə
9284	removable	5664689	rɪˈmuvəbəl
9285	convergence	5663627	kənˈvərʤəns
9286	yields	5663314	jildz
9287	gibraltar	5663131	ʤɪˈbrɔltər
9288	levy	5663032	
9289	suited	5662955	
9290	numeric	5662908	nuˈmɛrɪk
9291	anthropology	5661140	ˌænθrəˈpɑləʤi
9292	skating	5660985	ˈskeɪtɪŋ
9293	kinda	5660928	ˈkɪndə
9294	aberdeen	5660658	ˈæbərˌdin
9295	emperor	5660656	ˈɛmpərər
9296	grad	5658668	græd
9297	malpractice	5656959	
9298	dylan	5656291	ˈdɪlən
9299	bras	5656032	
9300	belts	5651790	bɛlts
9301	blacks	5650814	blæks
9302	educated	5649174	
9303	rebates	5648615	ˈriˌbeɪts
9304	reporters	5648250	rɪˈpɔrtərz
9305	burke	5646090	bərk
9306	proudly	5645732	ˈpraʊdli
9307	pix	5645638	pɪks
9308	necessity	5645294	
9309	rendering	5644923	ˈrɛndərɪŋ
9310	mic	5643454	mɪk
9311	inserted	5642430	
9312	pulling	5640701	ˈpʊlɪŋ
9314	kyle	5640039	kaɪl
9315	obesity	5640025	
9316	curves	5638455	kərvz
9317	suburban	5637047	səˈbərbən
9318	touring	5635653	ˈtʊrɪŋ
9319	clara	5633877	
9320	vertex	5633609	ˈvərˌtɛks
9322	hepatitis	5632394	ˌhɛpəˈtaɪtəs
9323	nationally	5630976	
9324	tomato	5630352	
9325	andorra	5629631	ænˈdɔrə
9326	waterproof	5628399	ˈwɔtərˌpruf
9327	expired	5626476	ɪkˈspaɪrd
9329	travels	5625413	ˈtrævəlz
9330	flush	5625285	fləʃ
9331	waiver	5625238	ˈweɪvər
9332	pale	5622699	peɪl
9333	specialties	5622296	ˈspɛʃəltiz
9334	hayes	5621719	heɪz
9335	humanitarian	5621464	
9336	invitations	5621134	ˌɪnvɪˈteɪʃənz
9337	functioning	5619525	ˈfəŋkʃənɪŋ
9338	delight	5619474	dɪˈlaɪt
9339	survivor	5618749	sərˈvaɪvər
9340	garcia	5618525	ˌgɑrˈsiə
9342	economies	5616670	
9343	alexandria	5616299	ˌæləgˈzændriə
9344	bacterial	5616140	bækˈtɪriəl
9345	moses	5615802	
9346	counted	5615635	ˈkaʊntɪd
9347	undertake	5613443	ˈəndərˌteɪk
9348	declare	5612067	dɪˈklɛr
9349	continuously	5610397	kənˈtɪnjuəsli
9350	johns	5610302	ʤɑnz
9351	valves	5609119	vælvz
9352	gaps	5608655	gæps
9353	impaired	5607542	ˌɪmˈpɛrd
9354	achievements	5607204	əˈʧivmənts
9355	donors	5607009	ˈdoʊnərz
9356	tear	5605530	
9357	jewel	5603871	
9358	teddy	5602073	ˈtɛdi
9360	convertible	5600483	kənˈvərtəbəl
9361	ata	5599667	ˈɑtə
9362	teaches	5599377	
9363	ventures	5598213	ˈvɛnʧərz
9364	nil	5598171	nɪl
9366	stranger	5595615	ˈstreɪnʤər
9367	tragedy	5594610	ˈtræʤədi
9368	julian	5593951	
9369	nest	5593866	nɛst
9370	pam	5592553	pæm
9371	dryer	5592001	draɪər
9372	painful	5591729	ˈpeɪnfəl
9373	velvet	5591498	ˈvɛlvət
9374	tribunal	5589955	trəˈbjunəl
9375	ruled	5589851	ruld
9376	nato	5588698	ˈneɪtoʊ
9377	pensions	5587823	ˈpɛnʃənz
9378	prayers	5587372	
9379	funky	5587279	ˈfəŋki
9380	secretariat	5585386	ˌsɛkrɪˈtɛriət
9381	nowhere	5582367	
9382	cop	5581961	kɑp
9383	paragraphs	5579470	
9384	gale	5578617	geɪl
9385	joins	5578553	ʤɔɪnz
9386	adolescent	5577666	
9387	nominations	5577144	ˌnɑməˈneɪʃənz
9388	wesley	5576970	ˈwɛsli
9389	dim	5575497	dɪm
9390	lately	5574422	ˈleɪtli
9391	cancelled	5573318	ˈkænsəld
9392	scary	5571680	ˈskɛri
9393	mattress	5570672	ˈmætrəs
9395	brunei	5568297	bruˈnaɪ
9396	likewise	5568135	ˈlaɪkˌwaɪz
9397	banana	5567941	bəˈnænə
9398	introductory	5567853	
9399	slovak	5565805	sˈloʊvɑk
9400	cakes	5565500	keɪks
9401	stan	5563253	stæn
9402	reservoir	5562138	
9403	occurrence	5561539	əˈkərəns
9404	idol	5560487	ˈaɪdəl
9405	bloody	5559606	ˈblədi
9406	mixer	5558245	ˈmɪksər
9407	remind	5558174	riˈmaɪnd
9409	worcester	5554789	ˈwʊstər
9411	demographic	5553274	ˌdɛməˈgræfɪk
9412	charming	5553134	ˈʧɑrmɪŋ
9413	mai	5551647	maɪ
9414	tooth	5551049	tuθ
9415	disciplinary	5549568	ˈdɪsəpləˌnɛri
9416	annoying	5548132	əˈnɔɪɪŋ
9417	respected	5548130	
9418	stays	5547528	steɪz
9419	disclose	5547253	dɪˈskloʊz
9420	affair	5545856	əˈfɛr
9421	drove	5545848	droʊv
9422	washer	5545568	ˈwɑʃər
9423	upset	5544484	
9424	restrict	5544351	riˈstrɪkt
9425	springer	5544157	ˈsprɪŋər
9426	beside	5543255	
9427	mines	5542234	maɪnz
9428	portraits	5541504	ˈpɔrtrəts
9429	rebound	5540042	riˈbaʊnd
9430	logan	5539308	ˈloʊgən
9431	mentor	5537836	
9432	interpreted	5535882	ˌɪnˈtərprətəd
9433	evaluations	5535717	
9434	fought	5535215	fɔt
9435	baghdad	5533851	ˈbægdæd
9436	elimination	5533839	ɪˌlɪməˈneɪʃən
9437	metres	5533820	ˈmitərz
9438	hypothetical	5532893	
9439	immigrants	5531013	ˈɪməgrənts
9440	complimentary	5530978	ˌkɑmpləˈmɛntəri
9441	helicopter	5528827	ˈhɛlɪˌkɑptər
9442	pencil	5527529	ˈpɛnsəl
9443	freeze	5526731	friz
9445	performer	5525369	pərˈfɔrmər
9446	abu	5524021	ˈæbu
9447	titled	5523710	ˈtaɪtəld
9448	commissions	5523311	kəˈmɪʃənz
9449	sphere	5522351	sfɪr
9451	moss	5518013	mɔs
9452	ratios	5517678	ˈreɪʃiˌoʊz
9453	concord	5516199	
9454	graduated	5515808	
9455	endorsed	5515213	ɛnˈdɔrst
9457	surprising	5510793	
9458	walnut	5509894	ˈwɔlˌnət
9459	lance	5509634	læns
9460	ladder	5508719	ˈlædər
9461	italia	5507530	
9462	unnecessary	5507431	ənˈnɛsəˌsɛri
9463	dramatically	5507401	
9464	liberia	5507258	ˌlaɪˈbɪˌriə
9465	sherman	5503313	ˈʃərmən
9466	cork	5502436	kɔrk
9467	maximize	5500366	ˈmæksəˌmaɪz
9469	hansen	5499219	ˈhænsən
9470	senators	5497805	ˈsɛnətərz
9471	workout	5497220	ˈwərˌkaʊt
9472	mali	5496693	ˈmɑli
9473	yugoslavia	5496687	ˌjugoʊsˈlɑviə
9474	bleeding	5496166	ˈblidɪŋ
9475	characterization	5495259	ˌkɛrɪktərɪˈzeɪʃən
9476	colon	5494297	ˈkoʊlən
9477	likelihood	5493171	ˈlaɪkliˌhʊd
9478	lanes	5489762	leɪnz
9479	purse	5488891	pərs
9480	fundamentals	5488781	
9481	contamination	5488731	kənˌtæməˈneɪʃən
9482	mtv	5486201	ˈɛmˈtiˈvi
9483	endangered	5486113	
9484	compromise	5485442	ˈkɑmprəˌmaɪz
9485	masturbation	5484672	ˌmæstərˈbeɪʃən
9486	optimize	5483874	ˈɑptɪˌmaɪz
9487	stating	5483075	ˈsteɪtɪŋ
9488	dome	5482989	doʊm
9489	caroline	5482412	ˈkɛrəˌlaɪn
9490	leu	5480452	lu
9491	expiration	5479431	ˌɛkspərˈeɪʃən
9493	align	5478643	əˈlaɪn
9494	peripheral	5477849	
9495	bless	5477461	blɛs
9496	engaging	5477196	ɪnˈgeɪʤɪŋ
9497	negotiation	5477161	nɪˌgoʊʃiˈeɪʃən
9498	crest	5477034	krɛst
9499	opponents	5474963	əˈpoʊnənts
9500	triumph	5473738	traɪəmf
9501	nominated	5473700	ˈnɑməˌneɪtəd
9502	confidentiality	5473407	ˌkɑnfəˌdɛnʃiˈæləti
9503	electoral	5472569	ɪˈlɛktərəl
9505	welding	5471850	ˈwɛldɪŋ
9506	orgasm	5470251	ˈɔrgæzəm
9507	deferred	5470097	dɪˈfərd
9508	alternatively	5469870	ɔlˈtərnətɪvli
9509	heel	5468921	hil
9510	alloy	5468839	ˈæˌlɔɪ
9511	condos	5466903	ˈkɑndoʊz
9512	plots	5466589	plɑts
9513	polished	5465964	ˈpɑlɪʃt
9514	yang	5465949	jæŋ
9515	gently	5465493	ˈʤɛntli
9516	greensboro	5464736	ˈgrinzbərroʊ
9517	tulsa	5463904	ˈtəlsə
9518	locking	5463134	ˈlɑkɪŋ
9519	casey	5462971	ˈkeɪsi
9520	controversial	5460493	ˌkɑntrəˈvərʃəl
9521	draws	5458448	drɔz
9522	fridge	5458180	frɪʤ
9523	blanket	5457762	
9524	bloom	5456938	blum
9526	simpsons	5453155	ˈsɪmpsənz
9527	lou	5451701	lu
9528	elliott	5449356	ˈɛliət
9529	recovered	5448893	
9530	fraser	5448707	ˈfreɪzər
9531	justify	5448520	ˈʤəstəˌfaɪ
9532	upgrading	5448063	
9533	blades	5446861	bleɪdz
9535	loops	5439483	lups
9536	surge	5436623	sərʤ
9538	trauma	5434737	ˈtrɔmə
9540	tahoe	5433564	ˈtæhoʊ
9542	possess	5431346	pəˈzɛs
9543	demanding	5431042	dɪˈmændɪŋ
9544	defensive	5430651	dɪˈfɛnsɪv
9545	sip	5430090	sɪp
9546	flashers	5426891	ˈflæʃərz
9547	subaru	5426522	ˈsubəru
9548	forbidden	5424002	
9550	vanilla	5422197	vəˈnɪlə
9551	programmers	5421887	ˈproʊˌgræmərz
9553	monitored	5418966	ˈmɑnətərd
9554	installations	5417492	ˌɪnstəˈleɪʃənz
9555	deutschland	5417351	ˈdɔɪʧlænd
9556	picnic	5417141	ˈpɪkˌnɪk
9557	souls	5416970	soʊlz
9558	arrivals	5416415	ərˈaɪvəlz
9559	spank	5416004	spæŋk
9561	practitioner	5411869	prækˈtɪʃənər
9562	motivated	5411329	ˈmoʊtəˌveɪtəd
9564	dumb	5409969	dəm
9565	smithsonian	5409581	
9566	hollow	5408962	ˈhɑloʊ
9567	vault	5408483	vɔlt
9568	securely	5408425	sɪˈkjʊrli
9569	examining	5407874	ɪgˈzæmɪnɪŋ
9571	groove	5407261	gruv
9572	revelation	5406421	ˌrɛvəˈleɪʃən
9574	pursuit	5404544	pərˈsut
9575	delegation	5401948	ˌdɛləˈgeɪʃən
9576	wires	5401677	
9578	dictionaries	5399149	ˈdɪkʃəˌnɛriz
9579	mails	5397230	meɪlz
9580	backing	5397022	ˈbækɪŋ
9581	greenhouse	5396539	ˈgrinˌhaʊs
9582	sleeps	5396170	slips
9584	blake	5393654	bleɪk
9585	transparency	5393362	trænˈspɛrənsi
9586	dee	5393038	di
9587	travis	5392450	ˈtrævɪs
9589	endless	5392222	ˈɛndləs
9590	figured	5390310	ˈfɪgjərd
9591	orbit	5389062	ˈɔrbət
9592	currencies	5388923	ˈkərənsiz
9593	niger	5388602	ˈnaɪʤər
9594	bacon	5385205	ˈbeɪkən
9595	survivors	5383052	sərˈvaɪvərz
9596	positioning	5382900	pəˈzɪʃənɪŋ
9597	heater	5380658	ˈhitər
9598	colony	5378572	ˈkɑləni
9599	cannon	5377826	ˈkænən
9600	circus	5377139	ˈsərkəs
9601	promoted	5377031	prəˈmoʊtəd
9602	forbes	5376123	fɔrbz
9603	mae	5375608	meɪ
9604	moldova	5374011	ˌmoʊlˈdoʊvə
9605	mel	5372436	mɛl
9606	descending	5372249	dɪˈsɛndɪŋ
9608	spine	5370074	spaɪn
9609	trout	5369048	traʊt
9610	enclosed	5368884	
9611	feat	5368462	fit
9612	temporarily	5368112	ˌtɛmpərˈɛrəli
9614	cooked	5367778	kʊkt
9615	thriller	5364843	θˈrɪlər
9616	transmit	5364052	trænzˈmɪt
9618	fatty	5363547	ˈfæti
9619	gerald	5363542	ˈʤɛrəld
9620	pressed	5362732	prɛst
9621	frequencies	5362618	ˈfrikwənsiz
9622	scanned	5360194	skænd
9623	reflections	5359538	rɪˈflɛkʃənz
9624	hunger	5358049	ˈhəŋgər
9625	mariah	5357367	məraɪə
9626	sic	5357059	sɪk
9627	municipality	5355008	mˌjunɪsəˈpæləti
9629	joyce	5353720	ʤɔɪs
9630	detective	5353706	dɪˈtɛktɪv
9631	surgeon	5350136	
9632	cement	5349862	
9633	experiencing	5347507	ɪkˈspɪriənsɪŋ
9634	fireplace	5345450	ˈfaɪərˌpleɪs
9635	endorsement	5343221	ɛnˈdɔrsmənt
9637	planners	5342167	ˈplænərz
9638	disputes	5340854	dɪˈspjuts
9639	textiles	5340566	ˈtɛkˌstaɪlz
9640	missile	5339587	ˈmɪsəl
9642	closes	5334414	ˈkloʊzɪz
9644	psychiatry	5333073	
9645	persistent	5332514	pərˈsɪstənt
9646	deborah	5332019	
9648	marco	5331228	ˈmɑrkoʊ
9649	assists	5331190	əˈsɪsts
9650	summaries	5330797	ˈsəməriz
9651	glow	5329899	gloʊ
9652	gabriel	5329596	ˈgeɪbriəl
9653	auditor	5328551	ˈɔdɪtər
9655	aquarium	5327865	əkˈwɛriəm
9656	violin	5327802	vaɪəˈlɪn
9657	prophet	5326547	ˈprɑfət
9659	bracket	5321561	ˈbrækɪt
9661	isaac	5321504	
9662	oxide	5321340	ˈɑkˌsaɪd
9663	oaks	5320404	oʊks
9664	magnificent	5319310	
9665	erik	5319084	ˈɛrɪk
9666	colleague	5317221	ˈkɑlig
9667	naples	5315957	ˈneɪpəlz
9668	promptly	5315422	
9669	modems	5315313	ˈmoʊdəmz
9670	adaptation	5314230	ˌædəpˈteɪʃən
9672	harmful	5313786	ˈhɑrmfəl
9673	paintball	5311691	ˈpeɪntˌbɑl
9674	prozac	5310970	ˈproʊˌzæk
9675	sexually	5310148	ˈsɛkʃuəli
9676	enclosure	5309730	
9678	dividend	5305595	ˈdɪvɪˌdɛnd
9679	newark	5302938	
9681	paso	5302203	ˈpæsoʊ
9682	glucose	5301959	ˈgluˌkoʊs
9683	phantom	5301147	
9684	norm	5299839	nɔrm
9685	playback	5299771	ˈpleɪˌbæk
9686	supervisors	5299044	ˌsupərˈvaɪzərz
9687	westminster	5298822	ˌwɛstˈmɪnstər
9688	turtle	5297998	ˈtərtəl
9690	distances	5296572	
9691	absorption	5294724	
9692	treasures	5293991	ˈtrɛʒərz
9694	warned	5292851	wɔrnd
9695	neural	5292673	
9696	ware	5292386	wɛr
9697	fossil	5291925	ˈfɑsəl
9698	mia	5291817	ˈmiə
9699	hometown	5290705	ˈhoʊmˌtaʊn
9700	badly	5290145	ˈbædli
9701	transcripts	5288182	ˈtrænˌskrɪpts
9702	apollo	5286526	əˈpɑloʊ
9703	wan	5285316	wɑn
9704	disappointed	5284061	
9705	persian	5280749	ˈpərʒən
9706	continually	5278721	
9707	communist	5278277	ˈkɑmjənəst
9708	collectible	5277927	kəˈlɛktəbəl
9709	handmade	5276538	
9710	greene	5275449	grin
9711	entrepreneurs	5275312	ˌɑntrəprəˈnərz
9712	robots	5274525	
9713	grenada	5274347	
9714	creations	5273628	kriˈeɪʃənz
9715	jade	5272655	ʤeɪd
9716	scoop	5272369	skup
9717	acquisitions	5270178	ˌækwəˈzɪʃənz
9718	foul	5268620	faʊl
9719	keno	5268379	ˈkinoʊ
9721	earning	5266443	ˈərnɪŋ
9722	mailman	5266389	ˈmeɪlˌmæn
9723	sanyo	5265648	ˈsɑnjoʊ
9724	nested	5265588	
9725	biodiversity	5265501	ˌbaɪoʊdaɪˈvərsəti
9726	excitement	5262975	ɪkˈsaɪtmənt
9727	somalia	5261978	
9728	movers	5261231	ˈmuvərz
9729	verbal	5259521	ˈvərbəl
9730	blink	5257629	blɪŋk
9731	presently	5254807	ˈprɛzəntli
9732	seas	5254799	siz
9733	carlo	5253391	ˈkɑrloʊ
9734	workflow	5252900	ˈwərkˌfloʊ
9735	mysterious	5252752	mɪˈstɪriəs
9736	novelty	5252481	ˈnɑvəlti
9737	bryant	5252244	braɪənt
9738	tiles	5251527	taɪlz
9740	librarian	5250166	laɪˈbrɛˌriən
9741	subsidiaries	5250152	səbˈsɪdiˌɛriz
9742	switched	5245466	swɪʧt
9743	stockholm	5245453	ˈstɑˌkhoʊlm
9744	tamil	5245277	
9747	pose	5242405	poʊz
9748	fuzzy	5241931	ˈfəzi
9749	indonesian	5241698	ˌɪndoʊˈniʒən
9750	grams	5240826	græmz
9751	therapist	5238169	ˈθɛrəpɪst
9752	richards	5238109	ˈrɪʧərdz
9754	budgets	5237019	ˈbəʤɪts
9756	promising	5232846	ˈprɑməsɪŋ
9757	relaxation	5231884	ˌrilækˈseɪʃən
9758	goat	5231735	goʊt
9759	render	5231571	ˈrɛndər
9760	carmen	5230762	ˈkɑrmən
9761	ira	5230695	
9762	sen	5230325	sɛn
9763	thereafter	5229938	ðɛˈræftər
9764	hardwood	5228441	ˈhɑrdˌwʊd
9765	erotica	5228241	ɪˈrɑtɪkə
9766	temporal	5228038	ˈtɛmpərəl
9767	sail	5227908	seɪl
9768	forge	5226805	fɔrʤ
9769	commissioners	5225913	kəˈmɪʃənərz
9770	dense	5225392	dɛns
9772	brave	5221356	breɪv
9773	forwarding	5220845	ˈfɔrwərdɪŋ
9775	awful	5217370	ˈɔfəl
9776	nightmare	5217283	ˈnaɪtˌmɛr
9777	airplane	5216750	ˈɛrˌpleɪn
9778	reductions	5216648	rɪˈdəkʃənz
9779	southampton	5216647	ˌsaʊθˈhæmptən
9780	istanbul	5215822	ˌɪstɑnˈbul
9781	impose	5214173	ˌɪmˈpoʊz
9782	organisms	5212542	ˈɔrgəˌnɪzəmz
9783	sega	5212241	
9784	telescope	5211922	ˈtɛləˌskoʊp
9785	viewers	5210800	vjuərz
9786	asbestos	5208835	æsˈbɛstəs
9787	portsmouth	5208625	ˈpɔrtsməθ
9789	meyer	5207400	maɪər
9790	enters	5207370	
9791	pod	5206411	pɑd
9792	savage	5205858	
9793	advancement	5205341	ədˈvænsmənt
9795	harassment	5204597	hərˈæsmənt
9796	willow	5203465	ˈwɪˌloʊ
9797	resumes	5202233	
9798	bolt	5202005	boʊlt
9799	gage	5201723	geɪʤ
9800	throwing	5200541	θroʊɪŋ
9801	existed	5200469	ɪgˈzɪstəd
9802	whore	5199489	hɔr
9803	generators	5198637	ˈʤɛnərˌeɪtərz
9805	wagon	5198530	ˈwægən
9806	barbie	5198277	ˈbɑrbi
9807	dat	5197825	dæt
9808	favour	5196953	ˈfeɪvər
9810	knock	5196013	nɑk
9811	urge	5195810	ərʤ
9813	generates	5193442	ˈʤɛnərˌeɪts
9814	potatoes	5192334	pəˈteɪtoʊz
9815	thorough	5191306	
9816	replication	5191008	ˌrɛplɪˈkeɪʃən
9817	inexpensive	5190532	ˌɪnɪkˈspɛnsɪv
9818	kurt	5190087	kərt
9819	receptors	5189813	rəˈsɛptərz
9820	peers	5188853	pɪrz
9821	roland	5188341	ˈroʊlənd
9822	optimum	5188219	ˈɑptɪməm
9823	neon	5187838	niɑn
9824	interventions	5187635	ˌɪntərˈvɛnʃənz
9825	quilt	5187075	kwɪlt
9826	huntington	5186027	ˈhəntɪŋtən
9827	creature	5182781	ˈkriʧər
9828	ours	5182681	
9829	mounts	5182090	maʊnts
9830	syracuse	5181674	ˈsɪrəˌkjuz
9831	internship	5181182	ˈɪntərnˌʃɪp
9832	lone	5180561	loʊn
9833	refresh	5180203	rɪˈfrɛʃ
9834	aluminium	5178887	
9835	snowboard	5178854	sˈnoʊˌbɔrd
9838	michel	5177497	
9839	evanescence	5176436	ˌɛvəˈnɛsəns
9840	subtle	5175269	ˈsətəl
9841	coordinated	5174649	koʊˈɔrdəneɪtɪd
9842	notre	5174371	
9843	shipments	5172896	ˈʃɪpmənts
9844	maldives	5172859	ˈmɔlˌdaɪvz
9845	stripes	5172728	straɪps
9847	antarctica	5170796	
9848	cope	5168827	koʊp
9849	shepherd	5167633	ˈʃɛpərd
9851	canberra	5167228	ˌkænˈbɛrə
9852	cradle	5166543	ˈkreɪdəl
9853	chancellor	5165551	
9854	mambo	5164902	ˈmɑmboʊ
9855	lime	5164527	laɪm
9856	kirk	5164081	kərk
9857	flour	5162842	
9858	controversy	5161175	ˈkɑntrəˌvərsi
9859	legendary	5158604	ˈlɛʤənˌdɛri
9861	sympathy	5157330	ˈsɪmpəθi
9862	choir	5156247	kwaɪər
9863	avoiding	5155816	əˈvɔɪdɪŋ
9864	beautifully	5155531	ˈbjutəfli
9865	blond	5155053	blɑnd
9866	expects	5154931	
9867	cho	5154704	ʧoʊ
9868	jumping	5154366	ˈʤəmpɪŋ
9869	fabrics	5152660	ˈfæbrɪks
9870	antibodies	5152454	
9871	polymer	5151969	ˈpɑləmər
9872	hygiene	5151461	ˈhaɪˌʤin
9873	wit	5149169	wɪt
9874	poultry	5148028	ˈpoʊltri
9875	virtue	5147800	ˈvərʧu
9876	burst	5147573	bərst
9877	examinations	5146222	ɪgˌzæməˈneɪʃənz
9878	surgeons	5145893	ˈsərʤənz
9879	bouquet	5143984	buˈkeɪ
9880	immunology	5143456	ˌɪmjuˈnɑləʤi
9881	promotes	5142806	prəˈmoʊts
9882	mandate	5142448	ˈmænˌdeɪt
9883	wiley	5141610	ˈwaɪli
9884	departmental	5141504	
9886	spas	5141268	spɑz
9888	corpus	5137372	ˈkɔrpəs
9889	johnston	5136263	ˈʤɑnstən
9890	terminology	5134603	ˌtərmɪˈnɑləʤi
9891	gentleman	5134582	
9892	fibre	5134463	ˈfaɪbər
9893	reproduce	5134246	ˌriprəˈdus
9894	convicted	5133903	kənˈvɪktəd
9895	shades	5133522	ʃeɪdz
9896	jets	5131839	ʤɛts
9897	indices	5131700	
9898	roommates	5131231	ˈruˌmeɪts
9900	qui	5128650	ki
9902	threatening	5126983	
9903	spokesman	5126711	ˈspoʊksmən
9904	zoloft	5126382	
9905	activists	5125937	ˈæktɪvɪsts
9906	frankfurt	5125601	ˈfræŋkfərt
9907	prisoner	5124810	
9908	daisy	5124326	ˈdeɪzi
9909	halifax	5123030	ˈhælɪˌfæks
9910	encourages	5122734	
9912	cursor	5122085	ˈkərsər
9913	assembled	5120841	əˈsɛmbəld
9914	earliest	5120593	ˈərliəst
9915	donated	5120422	
9916	stuffed	5120285	stəft
9917	restructuring	5119935	riˈstrəkʧərɪŋ
9918	insects	5119814	ˈɪnˌsɛkts
9919	terminals	5119178	ˈtərmənəlz
9920	crude	5119129	krud
9921	morrison	5118866	ˈmɔrɪsən
9922	maiden	5118578	ˈmeɪdən
9923	simulations	5118428	
9925	sufficiently	5116122	səˈfɪʃəntli
9926	examines	5115817	ɪgˈzæmənz
9927	viking	5115013	ˈvaɪkɪŋ
9928	myrtle	5114989	ˈmərtəl
9929	bored	5114852	bɔrd
9930	cleanup	5113575	ˈkliˌnəp
9931	yarn	5113505	jɑrn
9932	knit	5113070	nɪt
9933	conditional	5112750	kənˈdɪʃənəl
9934	mug	5112219	məg
9935	crossword	5111954	ˈkrɔsˌwərd
9936	bother	5111764	ˈbɑðər
9937	budapest	5111076	
9938	conceptual	5110735	kənˈsɛpʧuəl
9939	knitting	5107350	ˈnɪtɪŋ
9940	attacked	5106909	əˈtækt
9942	bhutan	5104102	
9943	liechtenstein	5103569	ˈlɪktənˌstaɪn
9944	mating	5102029	ˈmeɪtɪŋ
9945	compute	5101135	kəmˈpjut
9946	redhead	5100843	ˈrɛˌdhɛd
9947	arrives	5100329	əraɪvz
9948	translator	5099564	
9949	automobiles	5099074	
9950	tractor	5098075	ˈtræktər
9951	allah	5096394	ˈɑlə
9952	continent	5095575	ˈkɑntənənt
9954	unwrap	5094329	ənˈræp
9955	fares	5093799	fɛrz
9956	longitude	5091778	ˈlɑnʤəˌtud
9957	resist	5090633	
9958	challenged	5087540	ˈʧælənʤd
9960	hoped	5086531	hoʊpt
9961	pike	5085622	paɪk
9962	safer	5085040	ˈseɪfər
9963	insertion	5084850	ˌɪnˈsərʃən
9964	instrumentation	5083861	ˌɪnstrəˌmɛnˈteɪʃən
9965	ids	5082346	
9966	hugo	5082185	
9967	wagner	5080813	
9968	constraint	5080605	kənˈstreɪnt
9969	groundwater	5080425	
9970	touched	5080398	təʧt
9971	strengthening	5079049	ˈstrɛŋθənɪŋ
9972	cologne	5078538	kəˈloʊn
9974	wishing	5077786	ˈwɪʃɪŋ
9975	ranger	5076621	ˈreɪnʤər
9976	smallest	5075157	sˈmɔləst
9977	insulation	5074667	ˌɪnsəˈleɪʃən
9978	newman	5074074	ˈnumən
9979	marsh	5073104	mɑrʃ
9980	ricky	5071881	ˈrɪˌki
9982	scared	5071401	skɛrd
9983	theta	5070673	ˈθeɪtə
9984	infringement	5070438	ˌɪnˈfrɪnʤmənt
9985	bent	5070333	bɛnt
9986	laos	5070186	
9987	subjective	5068230	səˈbʤɛktɪv
9988	monsters	5066315	ˈmɑnstərz
9989	asylum	5065723	əˈsaɪləm
9991	robbie	5063664	ˈrɑbi
9992	stake	5061965	steɪk
9993	cocktail	5061626	ˈkɑkˌteɪl
9994	outlets	5061151	ˈaʊˌtlɛts
9995	swaziland	5058010	sˈwɑzɪlənd
9996	varieties	5057493	vərˈaɪətiz
9997	arbor	5057261	ˈɑrbər
9999	configurations	5056310	kənˌfɪgjərˈeɪʃənz
10000	poison	5056083	ˈpɔɪzən
10001	ethnicity	5055334	ɛθˈnɪsɪti
10002	dominated	5055248	ˈdɑməˌneɪtəd
10003	costly	5054951	
10004	derivatives	5051332	dərˈɪvətɪvz
10005	prevents	5051148	
10006	stitch	5049524	stɪʧ
10007	lesotho	5048476	lɛˈsoʊθoʊ
10008	rifle	5047417	ˈraɪfəl
10009	severity	5047284	sɪˈvɛrɪti
10011	notable	5044802	ˈnoʊtəbəl
10012	warfare	5044170	ˈwɔrˌfɛr
10013	retailing	5043730	ˈriˌteɪlɪŋ
10014	judiciary	5043671	ʤuˈdɪʃiˌɛri
10015	embroidery	5042831	ɛmˈbrɔɪdəri
10016	mama	5042818	ˈmɑmə
10017	inland	5042715	ˈɪnˌlænd
10019	nonfiction	5039708	nɑnˈfɪkʃən
10020	homeowners	5038014	ˈhoʊˌmoʊnərz
10021	racism	5035527	ˈreɪˌsɪzəm
10022	greenland	5035465	
10023	interpret	5034981	ˌɪnˈtərprət
10024	accord	5034197	əˈkɔrd
10026	modest	5033760	ˈmɑdəst
10027	gamers	5033404	ˈgeɪmərz
10029	licensee	5032531	ˌlaɪsənˈsi
10030	countryside	5032517	ˈkəntriˌsaɪd
10031	sorting	5032442	ˈsɔrtɪŋ
10032	liaison	5032366	liˈeɪˌzɑn
10033	bisexual	5030369	ˌbaɪˈsɛkʃuəl
10035	unused	5028967	ənˈjuzd
10036	bulbs	5028440	bəlbz
10038	consuming	5023310	kənˈsumɪŋ
10039	installer	5023150	ˌɪnˈstɔlər
10040	tourists	5022897	
10041	sandals	5021707	ˈsændəlz
10043	bestselling	5019783	
10044	insure	5018519	ˌɪnˈʃʊr
10045	packaged	5018380	ˈpækɪʤd
10046	behaviors	5017604	bɪˈheɪvjərz
10047	clarify	5016927	ˈklɛrəˌfaɪ
10048	seconded	5015377	ˈsɛkəndɪd
10049	activate	5014202	ˈæktəˌveɪt
10050	waist	5013500	weɪst
10051	attributed	5013200	əˈtrɪbjətəd
10053	seychelles	5012958	ˈseɪʃɛlz
10055	fatigue	5010911	fəˈtig
10056	owl	5010726	aʊl
10057	patriot	5010718	ˈpeɪtriət
10058	sewer	5008805	suər
10059	crystals	5008586	ˈkrɪstəlz
10060	kathleen	5008132	kæθˈlin
10061	bosch	5007744	bɔʃ
10062	forthcoming	5007069	ˈfɔrθˈkəmɪŋ
10065	treats	5005269	trits
10066	marino	5004742	mərˈinoʊ
10067	detention	5003311	dɪˈtɛnʃən
10068	carson	5001978	
10069	vitro	5000420	
10070	exceeds	4999388	ɪkˈsidz
10071	complementary	4998758	
10072	cosponsors	4998667	ˌkoʊˈspɔnsərz
10073	gallon	4998083	ˈgælən
10074	coil	4997563	kɔɪl
10075	battles	4997226	ˈbætəlz
10076	hyatt	4995940	haɪət
10077	traders	4995823	ˈtreɪdərz
10078	carlton	4995505	ˈkɑrltən
10079	bitter	4995265	ˈbɪtər
10080	memorandum	4994542	ˌmɛmərˈændəm
10081	burned	4993504	bərnd
10082	cardinal	4993081	ˈkɑrdɪnəl
10083	dragons	4992842	ˈdrægənz
10084	converting	4991724	kənˈvərtɪŋ
10085	romeo	4990395	ˈroʊmiˌoʊ
10086	din	4990283	dɪn
10087	burundi	4988992	bərˈəndi
10088	incredibly	4987059	ˌɪnˈkrɛdəbli
10089	delegates	4986976	
10090	turks	4986307	tərks
10091	roma	4984846	ˈroʊmɑ
10092	demos	4984806	ˈdɛˌmoʊz
10093	balancing	4984107	ˈbælənsɪŋ
10096	vet	4982559	vɛt
10097	sided	4982500	
10098	claiming	4982024	ˈkleɪmɪŋ
10099	psychiatric	4981598	ˌsaɪkiˈætrɪk
10101	teenagers	4979216	ˈtiˌneɪʤərz
10102	courtyard	4979027	ˈkɔrˌtjɑrd
10103	presidents	4978963	
10104	offenders	4976449	əˈfɛndərz
10105	depart	4975122	dɪˈpɑrt
10106	grading	4974318	ˈgreɪdɪŋ
10107	cuban	4974134	ˈkjubən
10108	tenants	4973987	ˈtɛnənts
10109	expressly	4973927	ɛkˈsprɛsli
10110	distinctive	4972660	dɪˈstɪŋktɪv
10111	lily	4972288	ˈlɪli
10112	brackets	4970994	
10113	unofficial	4970936	ˌənəˈfɪʃəl
10114	oversight	4970482	ˈoʊvərˌsaɪt
10115	valentines	4969959	ˈvælənˌtaɪnz
10117	privately	4969339	ˈpraɪvətli
10118	wetlands	4968952	ˈwɛˌtlændz
10119	minded	4968607	
10120	resin	4966700	
10121	allies	4965121	
10122	twilight	4964914	tˈwaɪˌlaɪt
10123	preserved	4963027	
10124	crossed	4962660	krɔst
10125	kensington	4961985	ˈkɛnzɪŋtən
10126	monterey	4961492	ˌmɑntəˈreɪ
10127	linen	4960413	ˈlɪnən
10128	rita	4960228	ˈritə
10129	quicktime	4959182	kˈwɪkˌtaɪm
10130	ascending	4958122	əˈsɛndɪŋ
10131	seals	4958012	silz
10132	nominal	4957994	ˈnɑmənəl
10133	alicia	4957344	əˈlɪʃə
10134	decay	4956622	dɪˈkeɪ
10135	weaknesses	4956354	ˈwiknəsɪz
10136	underwater	4954318	ˈəndərˌwɔtər
10137	quartz	4953889	kwɔrts
10138	registers	4950162	
10139	eighth	4949260	
10141	usher	4948609	ˈəʃər
10142	herbert	4946603	ˈhərbərt
10144	improves	4943184	ˌɪmˈpruvz
10145	advocates	4940587	
10146	phenomena	4936094	fəˈnɑmənə
10147	buffet	4934144	
10148	deciding	4933367	ˌdɪˈsaɪdɪŋ
10149	skate	4932092	skeɪt
10150	vanuatu	4929282	vænuˈɑtu
10151	joey	4925455	ʤoʊi
10153	hackers	4923452	ˈhækərz
10154	tilt	4923123	tɪlt
10155	supportive	4922700	səˈpɔrtɪv
10157	granite	4921138	ˈgrænɪt
10158	repeatedly	4920604	rɪˈpitɪdli
10159	lynch	4920597	lɪnʧ
10160	masses	4919548	
10161	transformed	4918409	trænsˈfɔrmd
10162	athlete	4918312	ˈæθˌlit
10163	targeting	4917220	ˈtɑrgətɪŋ
10164	franc	4916960	fræŋk
10165	bead	4916807	bid
10166	enforce	4916571	ɛnˈfɔrs
10167	preschool	4916187	
10168	similarity	4916061	ˌsɪməˈlɛrəti
10169	landlord	4915638	ˈlænˌdlɔrd
10170	leak	4914623	lik
10171	timor	4914594	tiˈmɔr
10173	assorted	4912605	əˈsɔrtɪd
10175	implements	4912193	ˈɪmpləmənts
10177	adviser	4911485	ædˈvaɪzər
10179	flats	4911343	flæts
10180	compelling	4911176	kəmˈpɛlɪŋ
10181	vouchers	4910741	ˈvaʊʧərz
10183	booklet	4909462	ˈbʊklɪt
10184	expecting	4908583	ɪkˈspɛktɪŋ
10185	cancun	4908449	
10186	heels	4907543	hilz
10187	voter	4905374	ˈvoʊtər
10188	reimbursement	4904547	ˌriɪmˈbərsmənt
10189	turnover	4904068	ˈtərˌnoʊvər
10190	urine	4903932	
10191	cheryl	4903801	ˈʃɛrəl
10193	capri	4902351	
10194	towel	4901668	
10195	ginger	4901078	ˈʤɪnʤər
10197	suburbs	4899548	ˈsəbərbz
10198	imagery	4898768	
10199	chromosome	4898576	
10201	sears	4897480	sɪrz
10202	als	4895759	ælz
10204	flies	4894680	flaɪz
10205	upgraded	4893959	
10206	competence	4893571	ˈkɑmpətɪns
10207	colorful	4893237	ˈkələrfəl
10208	inadequate	4892298	
10209	crying	4891725	kraɪɪŋ
10210	matthews	4890853	ˈmæθjuz
10211	amateurs	4890277	
10212	crane	4888961	kreɪn
10213	defendants	4888581	dɪˈfɛndənts
10214	deployed	4887317	dɪˈplɔɪd
10215	governed	4887138	ˈgəvərnd
10216	considerably	4887058	kənˈsɪdərəbli
10217	investigating	4884687	ˌɪnˈvɛstəˌgeɪtɪŋ
10218	rotten	4883839	ˈrɑtən
10221	garnet	4880977	ˈgɑrnət
10222	habit	4880657	ˈhæbət
10223	bulb	4879829	bəlb
10224	scattered	4879386	ˈskætərd
10225	honour	4879119	ˈɑnər
10226	useless	4876437	ˈjusləs
10227	protects	4876017	prəˈtɛkts
10228	northwestern	4875705	ˌnɔrθˈwɛstərn
10229	audiences	4875027	
10230	iris	4874649	
10231	coupe	4874541	kup
10232	hal	4874383	hæl
10233	benin	4874165	ˈbinɪn
10235	bach	4872909	bɑk
10236	manages	4872225	ˈmænɪʤɪz
10237	erosion	4871884	ɪˈroʊʒən
10238	oceania	4871407	ˌoʊˌʃiˈænjə
10239	abundance	4870991	əˈbəndəns
10240	carpenter	4870735	ˈkɑrpəntər
10241	khan	4870468	kɑn
10242	insufficient	4869704	ˌɪnsəˈfɪʃənt
10243	highlands	4867795	ˈhaɪləndz
10244	peters	4867213	ˈpitərz
10245	fertility	4867141	
10246	formulation	4865813	
10247	clever	4865097	ˈklɛvər
10248	primer	4864138	ˈpraɪmər
10249	che	4863235	ʧeɪ
10250	lords	4862111	lɔrdz
10252	tends	4861901	tɛndz
10253	fresno	4861428	ˈfrɛznoʊ
10254	enjoyable	4859999	ˌɛnˈʤɔɪəbəl
10255	handbag	4858848	ˈhændˌbæg
10256	crescent	4857264	ˈkrɛsənt
10257	bypass	4856691	ˈbaɪˌpæs
10258	freshman	4856078	ˈfrɛʃmən
10260	playground	4853485	
10261	negotiate	4853126	
10263	sixty	4851534	ˈsɪksti
10264	exploit	4851510	
10265	orgies	4849647	ˈɔrʤiz
10266	boyfriend	4849182	ˈbɔɪˌfrɛnd
10267	permanently	4849017	ˈpərmɑˌnɛnˌtli
10268	concentrated	4848674	
10269	distinguish	4846365	dɪˈstɪŋgwɪʃ
10272	projections	4842834	prɑˈʤɛkʃənz
10274	spark	4842423	spɑrk
10275	illustrate	4841953	ˈɪləˌstreɪt
10276	lin	4841305	lɪn
10278	patience	4839393	ˈpeɪʃəns
10279	securing	4838996	sɪˈkjʊrɪŋ
10280	pathway	4837820	ˈpæθˌweɪ
10281	detectors	4836632	dɪˈtɛktərz
10282	newsgroups	4834453	ˈnuzˌgrups
10283	shallow	4834372	ˈʃæloʊ
10284	stir	4833763	stər
10285	spike	4833410	spaɪk
10286	plated	4833142	
10287	jacques	4832340	
10288	drawer	4830969	drɔr
10289	ingredient	4830835	ˌɪnˈgridiənt
10290	togo	4829119	ˈtoʊgoʊ
10291	spectra	4828972	ˈspɛktrə
10292	lifting	4828674	ˈlɪftɪŋ
10293	judith	4828299	ˈʤudɪθ
10294	curtain	4827869	ˈkərtən
10295	disclosed	4827564	dɪˈskloʊzd
10296	davies	4827372	ˈdeɪviz
10297	tactical	4826876	ˈtæktɪkəl
10298	pilots	4826195	ˈpaɪləts
10299	mailbox	4825513	ˈmeɪlˌbɑks
10300	copenhagen	4825364	
10301	expedition	4824834	ˌɛkspəˈdɪʃən
10302	pile	4824165	paɪl
10303	operative	4823410	ˈɑpərətɪv
10304	humour	4821851	ˈhjumər
10306	maturity	4819555	
10307	caller	4818758	ˈkɔlər
10309	distortion	4818028	dɪˈstɔrʃən
10310	prosecution	4817557	ˌprɑsəˈkjuʃən
10312	landscaping	4813258	
10313	tonga	4813052	ˈtɑngə
10314	mol	4813019	mɔl
10315	imprint	4812829	
10316	korn	4811052	kɔrn
10317	natalie	4809833	ˈnætəli
10318	receipts	4808150	
10319	assisting	4807753	əˈsɪstɪŋ
10320	shirley	4807661	ˈʃərli
10321	sanctions	4805431	ˈsæŋkʃənz
10322	directv	4805169	
10323	goodbye	4803952	ˌgʊdˈbaɪ
10324	viable	4802961	ˈvaɪəbəl
10325	emerged	4802573	
10327	defect	4801184	
10329	poorly	4799466	ˈpurli
10330	goddess	4797599	ˈgɑdəs
10331	backs	4797208	bæks
10332	observers	4796192	əbˈzərvərz
10333	magnets	4795273	ˈmægnəts
10334	formulas	4794394	ˈfɔrmjələz
10335	spacious	4793663	ˈspeɪʃəs
10336	shoulders	4793494	ˈʃoʊldərz
10338	argues	4792469	ˈɑrgjuz
10339	wade	4791878	weɪd
10340	soils	4789565	sɔɪlz
10341	chapman	4787251	ˈʧæpmən
10342	organs	4787006	ˈɔrgənz
10344	loyalty	4785195	ˈlɔɪəlti
10345	beloved	4781714	
10346	sometime	4781394	ˈsəmˌtaɪm
10347	ballard	4778636	ˈbælərd
10348	beating	4778020	ˈbitɪŋ
10349	faithful	4777949	ˈfeɪθfəl
10350	hunks	4776866	həŋks
10352	libya	4775799	ˈlɪˌbiə
10355	invested	4774630	
10356	whatsoever	4774578	
10357	numbered	4773804	ˈnəmbərd
10358	terminated	4771526	
10359	expands	4770776	ɪkˈspændz
10360	lithium	4769453	ˈlɪθiəm
10361	sedan	4769270	səˈdæn
10362	pony	4769062	ˈpoʊˌni
10364	comprises	4767943	
10365	leap	4767538	lip
10366	bolton	4767114	ˈboʊltən
10367	founding	4765875	ˈfaʊndɪŋ
10368	swan	4765643	
10369	planting	4765349	ˈplæntɪŋ
10370	alphabetically	4764324	ˌælfəˈbɛtɪkli
10371	facials	4764295	ˈfeɪʃəlz
10372	covenant	4763666	ˈkəvənənt
10373	dropping	4761980	ˈdrɑpɪŋ
10374	calories	4761564	ˈkælɔˌriz
10375	airways	4760691	ˈɛrˌweɪz
10376	archaeology	4760584	ˌɑrkiˈɑləʤi
10377	refill	4759900	
10378	reagan	4759248	
10379	sailor	4759044	ˈseɪlər
10380	fittings	4758873	ˈfɪtɪŋz
10381	lining	4758401	ˈlaɪnɪŋ
10382	banquet	4757535	ˈbæŋkwət
10383	cares	4757269	kɛrz
10384	sanctuary	4757139	ˈsæŋkʧuˌɛri
10385	flora	4756211	ˈflɔrə
10387	einstein	4753590	ˈaɪnstaɪn
10389	statue	4753368	ˈstæˌʧu
10390	hilary	4751415	ˈhɪləri
10391	quotation	4750453	kwoʊˈteɪʃən
10392	equals	4749787	ˈikwəlz
10393	hardy	4748572	ˈhɑrdi
10395	jumper	4746695	ˈʤəmpər
10396	caravan	4746134	
10397	diagrams	4745696	ˈdaɪəˌgræmz
10398	harness	4745215	
10399	majors	4745096	ˈmeɪʤərz
10400	headsets	4745064	ˈhɛdˌsɛts
10401	manipulation	4744083	məˌnɪpjəˈleɪʃən
10402	bells	4743841	bɛlz
10403	vascular	4743792	ˈvæskjələr
10404	alongside	4743589	əˈlɔŋˈsaɪd
10405	impressions	4743278	ˌɪmˈprɛʃənz
10406	yankees	4742956	ˈjæŋkiz
10407	toxicity	4741378	tɑkˈsɪsəti
10408	forwarded	4741165	ˈfɔrwərdɪd
10410	gal	4740469	gæl
10411	transmitter	4739143	trænsˈmɪtər
10412	dorothy	4738913	
10413	freeman	4737933	ˈfrimən
10414	denim	4737554	ˈdɛnəm
10415	greenville	4737526	ˈgrinvɪl
10416	andre	4737505	ˈɑnˌdreɪ
10417	scat	4737410	skæt
10419	neighborhoods	4735936	ˈneɪbərˌhʊdz
10420	puppies	4733987	ˈpəpiz
10421	relaxing	4733863	
10422	delphi	4732371	ˈdɛlfaɪ
10423	trophy	4731863	ˈtroʊfi
10424	emotion	4731715	
10425	buick	4731433	bjuɪk
10427	nets	4730591	nɛts
10428	sights	4730414	saɪts
10429	uniforms	4730405	ˈjunəˌfɔrmz
10431	residual	4729381	rɪˈzɪʤuəl
10432	disasters	4729257	dɪˈzæstərz
10433	asterisk	4728263	ˈæstərɪsk
10434	versatile	4727772	
10435	liquor	4727484	ˈlɪkər
10436	kindergarten	4726688	ˈkɪndərˌgɑrtən
10437	profitable	4725403	ˈprɑfətəbəl
10438	wounded	4725318	ˈwundɪd
10439	clayton	4724813	ˈkleɪtən
10441	bash	4721893	bæʃ
10442	derivative	4721844	
10443	suffolk	4721768	ˈsəfək
10444	ngos	4721634	ɛŋˈgoʊz
10445	necklaces	4719123	ˈnɛkləsɪz
10447	tot	4719021	tɑt
10448	occupancy	4718502	ˈɑkjəpənsi
10450	doses	4717242	
10451	educate	4716370	
10452	baked	4716100	beɪkt
10453	glove	4714578	gləv
10454	daytona	4714279	deɪˈtoʊnə
10455	wastewater	4714167	ˈweɪstˌwɔtər
10456	prejudice	4713477	ˈprɛʤədɪs
10457	herzegovina	4712951	
10458	constructor	4711086	kənˈstrəktər
10459	technicians	4710299	tɛkˈnɪʃənz
10460	debbie	4708556	ˈdɛbi
10461	probable	4708443	ˈprɑbəbəl
10462	issuance	4708160	ˈɪʃuəns
10464	baldwin	4707953	ˈbɔldwən
10466	incorporation	4707178	ˌɪnˌkɔrpərˈeɪʃən
10467	rem	4706130	rɛm
10468	evolutionary	4704879	
10469	arriving	4703021	ərˈaɪvɪŋ
10470	decoration	4702490	ˌdɛkərˈeɪʃən
10471	nationals	4701501	
10472	trojan	4701127	ˈtroʊʤən
10473	assistants	4700926	əˈsɪstənts
10474	counselor	4699959	ˈkaʊnsələr
10475	spinal	4699709	ˈspaɪnəl
10477	eliminated	4696196	
10478	alito	4695823	əˈlitoʊ
10479	sooner	4695133	ˈsunər
10480	struggling	4694335	
10481	enacted	4693719	ɛˈnæktəd
10482	waterfront	4693479	ˈwɔtərˌfrənt
10483	tenure	4693409	ˈtɛnjər
10484	plush	4692870	pləʃ
10485	weber	4692730	ˈwɛbər
10486	diagnosed	4692575	ˌdaɪəgˈnoʊst
10487	biotech	4691289	ˈbaɪoʊˌtɛk
10488	unstable	4691072	ənˈsteɪbəl
10489	turkmenistan	4690331	ˌtərkˈmɛnɪˌstæn
10490	elk	4688629	ɛlk
10491	woodland	4688302	
10492	iranian	4687887	
10493	nelly	4686900	ˈnɛli
10494	fulfill	4686761	fʊlˈfɪl
10495	urged	4685830	ərʤd
10496	reflecting	4685463	
10497	unsecured	4685442	
10498	brent	4683680	brɛnt
10499	gaining	4682505	ˈgeɪnɪŋ
10500	kyoto	4682367	ˈkjoʊtoʊ
10502	definitive	4680961	dɪˈfɪnɪtɪv
10504	appropriately	4679967	əˈproʊpriɪtli
10505	shifts	4678539	ʃɪfts
10506	inactive	4677994	ˌɪˈnæktɪv
10507	lansing	4677332	ˈlænsɪŋ
10508	traveled	4677240	ˈtrævəld
10510	adapt	4675567	əˈdæpt
10511	extracted	4674721	ɛkˈstræktɪd
10512	accession	4673797	əkˈsɛʃən
10513	patterson	4671989	ˈpætərsən
10515	regulator	4668381	ˈrɛgjəˌleɪtər
10516	carriage	4664470	
10517	therein	4663852	ðɛˈrɪn
10518	terminate	4661569	ˈtərməˌneɪt
10519	rex	4659516	rɛks
10520	fuels	4657731	fjuəlz
10523	traditionally	4654828	
10524	withdraw	4652948	
10525	soy	4652673	sɔɪ
10526	brett	4651730	brɛt
10528	anchorage	4651277	ˈæŋkərɪʤ
10529	ansi	4651124	ˌænˈsi
10530	paula	4650017	ˈpɔlə
10532	landmark	4645821	ˈlændˌmɑrk
10533	greens	4643986	grinz
10534	neat	4643885	nit
10535	naming	4643682	ˈneɪmɪŋ
10536	stern	4643592	stərn
10537	shawn	4642740	ʃɔn
10538	suv	4641280	ˌɛsˌjuˈvi
10539	lacrosse	4640046	ləˈkrɔs
10540	bentley	4639295	ˈbɛntli
10541	bud	4638865	bəd
10542	slaves	4638584	sleɪvz
10543	dentist	4638330	
10544	utilizing	4637939	ˈjutəˌlaɪzɪŋ
10545	mis	4637449	mɪs
10546	crafted	4637231	ˈkræftɪd
10547	burkina	4636996	bərˈkinə
10548	eritrea	4636273	
10549	bbq	4636060	
10550	tutor	4635949	ˈtutər
10551	idiot	4635830	ˈɪˌdiət
10552	comprised	4635211	kəmˈpraɪzd
10553	winnipeg	4634382	ˈwɪnɪpəg
10554	charities	4634152	
10555	mickey	4634100	ˈmɪki
10557	debit	4633794	ˈdɛbɪt
10558	sebastian	4633753	səˈbæsʧən
10559	aliens	4632962	ˈeɪliənz
10560	domino	4631579	
10562	edits	4631228	ˈɛdɪts
10563	unwanted	4630797	ənˈwɔntɪd
10564	raven	4630541	ˈreɪvən
10565	defeated	4629690	
10566	strains	4629474	streɪnz
10567	dwelling	4629441	dˈwɛlɪŋ
10568	slice	4628779	slaɪs
10570	tanning	4627015	ˈtænɪŋ
10572	gambia	4626541	ˈgæmbiə
10573	aspen	4626441	ˈæspən
10574	lacking	4626224	ˈlækɪŋ
10575	symbolic	4625574	sɪmˈbɑlɪk
10576	noaa	4624677	
10578	objectionable	4624110	əˈbʤɛkʃənəbəl
10579	angles	4623376	ˈæŋgəlz
10580	lemma	4623172	ˈlɛmə
10581	kyrgyzstan	4622803	
10582	pressures	4622535	ˈprɛʃərz
10583	webb	4621131	wɛb
10584	sensing	4619533	ˈsɛnsɪŋ
10585	mediation	4618800	ˌmidiˈeɪʃən
10586	venus	4618752	ˈvinəs
10588	bump	4618593	bəmp
10589	cowboys	4617968	ˈkaʊˌbɔɪz
10590	flames	4617157	fleɪmz
10591	primitive	4616188	
10594	trac	4615537	træk
10595	stocking	4613692	ˈstɑkɪŋ
10597	dolby	4612197	ˈdoʊlbi
10598	balloons	4611796	bəˈlunz
10599	ecosystem	4610884	ˈikoʊˌsɪstəm
10601	dashboard	4610006	ˈdæʃˌbɔrd
10602	malcolm	4609733	ˈmælkəm
10603	nikki	4609573	ˈnɪki
10604	georgetown	4608271	ˈʤɔrʤˌtaʊn
10607	norwich	4607563	ˈnɔrwɪʧ
10608	halls	4607236	hɔlz
10609	alzheimer	4606962	
10610	decorations	4606704	ˌdɛkərˈeɪʃənz
10611	pause	4606318	pɔz
10612	simplicity	4606054	
10613	postscript	4604982	
10614	dividends	4604638	ˈdɪvɪˌdɛndz
10615	relaxed	4603097	
10616	periodicals	4602969	ˌpɪriˈɑdɪkəlz
10617	pearson	4602960	ˈpɪrsən
10618	demon	4602331	ˈdimən
10619	welcomed	4601400	ˈwɛlkəmd
10621	infinity	4599935	ˌɪnˈfɪnɪti
10623	handler	4597107	
10624	gabon	4595710	gəˈbɑn
10625	notation	4594568	noʊˈteɪʃən
10626	chandler	4594301	ˈʧændlər
10627	aunt	4594042	
10628	interviewed	4592738	ˈɪntərvˌjud
10629	crow	4592109	kroʊ
10630	semantic	4592016	sɪˈmæntɪk
10631	dia	4591255	ˈdiə
10632	discontinued	4589346	dɪskənˈtɪnjud
10633	concurrent	4589219	kənˈkərənt
10634	decides	4588774	ˌdɪˈsaɪdz
10635	caption	4588270	ˈkæpʃən
10636	bargaining	4588171	ˈbɑrgɪnɪŋ
10637	globalization	4587681	ˌgloʊbəlɪˈzeɪʃən
10638	atv	4587483	ˌeɪˌtiˈvi
10640	atari	4586712	əˈtɑri
10641	complain	4585812	kəmˈpleɪn
10642	pulmonary	4585320	ˈpʊlməˌnɛri
10643	adhesive	4585279	
10644	toledo	4584255	təˈlidoʊ
10645	asses	4583177	ˈæsəz
10646	altitude	4582981	ˈæltəˌtud
10647	compass	4581869	ˈkəmpəs
10648	closet	4581735	ˈklɑzət
10650	reebok	4581373	ˈribɑk
10651	couch	4581367	kaʊʧ
10652	evolved	4581246	
10653	downs	4578206	daʊnz
10655	exceeding	4577330	ɪkˈsidɪŋ
10657	rogue	4576302	roʊg
10658	unfair	4575832	
10660	electronically	4575196	ˌɪˌlɛkˈtrɑnɪkəˌli
10661	inspirational	4574490	ˌɪnspərˈeɪʃənəl
10662	augusta	4573710	əˈgəstə
10663	wilmington	4573069	ˈwɪlmɪŋtən
10664	infantry	4572549	ˈɪnfəntri
10665	faso	4572410	ˈfɑsoʊ
10666	renowned	4571998	rɪˈnaʊnd
10667	corridor	4571967	
10668	philosophical	4571852	ˌfɪləˈsɑfɪkəl
10669	scripture	4571524	ˈskrɪpʧər
10670	celebrating	4571260	ˈsɛləˌbreɪtɪŋ
10671	sahara	4570769	səˈhɛrə
10672	justification	4570150	ˌʤəstəfəˈkeɪʃən
10673	rebuild	4569457	riˈbɪld
10675	vacant	4569268	ˈveɪkənt
10676	manuscript	4569058	ˈmænjəˌskrɪpt
10677	fixing	4568792	ˈfɪksɪŋ
10679	gram	4566651	græm
10681	hiding	4565153	ˈhaɪdɪŋ
10682	methodist	4565081	
10683	inherent	4564901	ˌɪnˈhɛrənt
10684	dye	4564149	daɪ
10685	sits	4562414	sɪts
10686	alphabet	4562325	ˈælfəˌbɛt
10687	shelves	4560501	ʃɛlvz
10688	toes	4560478	toʊz
10689	cleaned	4560058	klind
10690	honored	4559668	ˈɑnərd
10691	optic	4558869	ˈɑptɪk
10692	hannah	4556731	ˈhænə
10694	telephones	4556400	ˈtɛləˌfoʊnz
10695	tailored	4556136	ˈteɪlərd
10696	insect	4554595	ˈɪnˌsɛkt
10697	frances	4553754	ˈfrænsɪs
10698	diaries	4553662	
10699	chili	4553187	ˈʧɪli
10700	grief	4552843	grif
10701	leicester	4552496	ˈlɛstər
10702	vodafone	4551935	ˈvoʊdəˌfoʊn
10703	sweat	4551615	swɛt
10704	dolphin	4551363	ˈdɑlfən
10706	wonders	4549608	ˈwəndərz
10707	romanian	4549258	roʊˈmeɪniən
10709	ventilation	4548657	ˌvɛntɪˈleɪʃən
10711	masks	4548281	mæsks
10712	celeb	4548138	səˈlɛb
10713	bust	4547742	bəst
10714	lateral	4547513	ˈlætərəl
10716	quake	4544481	kweɪk
10717	palo	4543909	ˈpæloʊ
10719	alley	4541475	ˈæli
10720	gardner	4541330	ˈgɑrdnər
10721	backyard	4541081	ˈbæˌkjɑrd
10722	sanders	4540478	ˈsændərz
10723	pathways	4540135	ˈpæθˌweɪz
10724	telegraph	4539841	ˈtɛləˌgræf
10725	pertaining	4539279	pərˈteɪnɪŋ
10726	novell	4539111	noʊˈvɛl
10727	memorable	4538880	ˈmɛmərəbəl
10728	refunds	4536684	
10729	newsroom	4536493	ˈnuzˌrum
10730	tina	4536345	ˈtinə
10731	professors	4534761	prəˈfɛsərz
10732	kia	4534357	kiər
10733	monument	4533122	
10734	taxpayer	4531596	ˈtækˌspeɪər
10736	formally	4530725	ˈfɔrməli
10737	cola	4530545	ˈkoʊlə
10738	twain	4530277	tweɪn
10740	boise	4529204	
10742	nevis	4527077	ˈnɛvɪs
10743	saab	4527017	sɑb
10744	dew	4526551	du
10745	lavender	4526547	ˈlævəndər
10746	refinancing	4525870	
10747	justified	4525307	ˈʤəstəˌfaɪd
10748	withdrawn	4524191	
10749	breeze	4523241	briz
10750	debates	4522758	dəˈbeɪts
10751	gems	4520987	ʤɛmz
10753	buffy	4519674	ˈbəfi
10754	doctoral	4516544	ˈdɑktərəl
10755	backpack	4514732	ˈbækˌpæk
10756	npr	4514065	ˈɛnˈpiˈɑr
10757	identities	4513660	aɪˈdɛntɪˌtiz
10758	outgoing	4513500	ˈaʊtˌgoʊɪŋ
10759	mann	4513299	mæn
10760	tajikistan	4512999	ˌtɑˈʤikɪˌstæn
10761	yankee	4510747	ˈjæŋki
10762	sheraton	4509425	ˈʃɛrətən
10763	outs	4507979	aʊts
10764	snacks	4505575	snæks
10765	deficiency	4505086	dɪˈfɪʃənsi
10766	booster	4503857	ˈbustər
10767	taxable	4503785	ˈtæksəbəl
10768	gum	4503031	gəm
10769	progression	4501732	prəˈgrɛʃən
10771	saddle	4499280	ˈsædəl
10772	malaria	4498988	məˈlɛriə
10773	loyal	4498834	lɔɪəl
10774	torrent	4498350	ˈtɔrənt
10776	ufo	4497899	ˌjuˌɛˈfoʊ
10778	dentistry	4497604	ˈdɛntɪstri
10779	renal	4494106	ˈrinəl
10780	fedora	4493785	fɪˈdɔrə
10781	odyssey	4493747	ˈɑdəsi
10782	spite	4493143	spaɪt
10783	nero	4492974	ˈnɪroʊ
10784	capita	4492737	ˈkæpɪtə
10786	guideline	4491475	ˈgaɪˌdlaɪn
10787	imply	4491299	ˌɪmˈplaɪ
10788	inaccuracies	4490358	ˌɪˈnækjərˌæsiz
10789	tendency	4490160	ˈtɛndənsi
10790	caledonia	4490134	ˌkæləˈdoʊniə
10791	freezer	4489766	ˈfrizər
10792	wholly	4489721	ˈhoʊli
10793	chill	4489643	ʧɪl
10794	utilized	4489228	ˈjutəˌlaɪzd
10795	embrace	4489178	
10798	ein	4487563	aɪn
10799	binoculars	4487365	bəˈnɑkjələrz
10800	liner	4486145	ˈlaɪnər
10801	manila	4485946	məˈnɪlə
10802	auxiliary	4485775	
10803	initiate	4485608	ˌɪˈnɪʃiˌeɪt
10805	elevated	4485169	ˈɛləˌveɪtɪd
10806	purely	4484258	ˈpjʊrli
10807	demographics	4482753	ˌdɛməˈgræfɪks
10808	fry	4482394	fraɪ
10809	lifts	4479565	lɪfts
10810	vivid	4479514	
10811	enroll	4479470	
10812	allegations	4479433	ˌæləˈgeɪʃənz
10813	stationary	4477672	ˈsteɪʃəˌnɛri
10814	corresponds	4476933	ˌkɔrəˈspɑndz
10815	daemon	4476792	
10816	foil	4476123	fɔɪl
10817	whitney	4475876	
10818	celebrated	4475405	ˈsɛləˌbreɪtɪd
10819	buddies	4475347	ˈbədiz
10820	alarms	4474450	əˈlɑrmz
10821	hunters	4473745	ˈhəntərz
10822	roi	4473314	rɔɪ
10823	allison	4471867	ˈælɪsən
10825	crashes	4471155	ˈkræʃɪz
10826	stairs	4470593	stɛrz
10827	outlines	4470366	ˈaʊˌtlaɪnz
10828	steroids	4470028	ˈstɛrɔɪdz
10830	pogo	4468856	ˈpoʊˌgoʊ
10831	acted	4468180	ˈæktɪd
10832	konica	4465135	ˈkɑnɪkə
10833	hotline	4463968	ˈhɑˌtlaɪn
10835	byron	4463413	ˈbaɪrən
10836	critique	4462001	
10837	accountants	4461356	əˈkaʊntənts
10838	coefficient	4461240	ˌkoʊəˈfɪʃənt
10839	honestly	4459891	
10840	transvestite	4459432	trænzˈvɛstaɪt
10841	upstream	4459299	ˈəpˈstrim
10842	skull	4457991	skəl
10843	continuation	4457196	kənˌtɪnjuˈeɪʃən
10844	carnegie	4457017	
10846	servant	4456781	ˈsərvənt
10847	falcon	4456679	ˈfælkən
10848	jointly	4456642	ˈʤɔɪntli
10849	canadians	4455042	kəˈneɪdiənz
10850	avoided	4449801	əˈvɔɪdɪd
10851	comprising	4449745	kəmˈpraɪzɪŋ
10852	tick	4449569	tɪk
10854	terrier	4448988	ˈtɛriər
10855	listened	4448001	ˈlɪsənd
10856	explanations	4447236	ˌɛkspləˈneɪʃənz
10857	renewed	4446343	
10858	hussein	4445469	huˈseɪn
10859	incorporating	4445305	ˌɪnˈkɔrpərˌeɪtɪŋ
10860	variant	4444856	ˈvɛriənt
10861	riley	4443795	ˈraɪli
10862	biochemistry	4443075	ˌbaɪoʊˈkɛmɪˌstri
10863	duplication	4442810	ˌdjupləˈkeɪʃən
10864	equatorial	4442651	ˌikwəˈtɔriəl
10865	critic	4442069	ˈkrɪtɪk
10866	sediment	4441599	ˈsɛdəmənt
10867	translators	4440508	
10868	squares	4440122	skwɛrz
10869	scottsdale	4440021	ˈskɑtsˌdeɪl
10870	ninja	4439780	ˈnɪnʤə
10872	avalon	4439058	ˈævəˌlɑn
10875	lea	4438618	li
10876	vans	4437716	vænz
10878	voucher	4436854	ˈvaʊʧər
10880	honeymoon	4436534	ˈhəniˌmun
10881	percussion	4436497	pərˈkəʃən
10882	glue	4435595	glu
10883	wheelchair	4435076	
10885	cone	4429970	koʊn
10886	margins	4428969	ˈmɑrʤənz
10887	sands	4428127	sændz
10888	survived	4427602	sərˈvaɪvd
10889	spinning	4427224	ˈspɪnɪŋ
10890	epidemiology	4427168	ˌɛpəˌdɛmiˈɑləʤi
10891	adequately	4425890	ˈædəkwɪtli
10892	pentagon	4424810	
10893	spectral	4424231	ˈspɛktrəl
10894	diabetic	4423828	ˌdaɪəˈbɛtɪk
10895	stressed	4422630	strɛst
10897	prevalence	4421946	ˈprɛvələns
10898	dominica	4421297	dəˈmɪnɪkə
10899	contaminated	4421206	
10900	fragment	4420815	ˈfrægmənt
10902	finishes	4419937	ˈfɪnɪʃɪz
10903	lecturer	4419105	ˈlɛkʧərər
10904	biomedical	4418626	ˌbaɪoʊˈmɛdɪkəl
10905	embroidered	4417764	ɛmˈbrɔɪdərd
10906	bucket	4415452	ˈbəkɪt
10907	steak	4413680	steɪk
10909	commits	4413217	kəˈmɪts
10910	cobra	4412823	ˈkoʊbrə
10911	subset	4412351	ˈsəbˌsɛt
10912	gucci	4412128	ˈguʧi
10913	threw	4410853	θru
10914	sutton	4410096	ˈsətən
10915	djibouti	4409556	ʤɪˈbuˌti
10918	authorize	4407669	ˈɔθərˌaɪz
10919	cheney	4407229	ˈʧeɪni
10920	zombie	4406565	ˈzɑmbi
10921	decorated	4402966	
10922	credited	4401906	
10923	cherokee	4401630	ˈʧɛrəˌki
10924	recycled	4400717	riˈsaɪkəld
10927	followup	4399460	ˈfɑloʊˌəp
10928	recruit	4397367	
10929	simmons	4397181	ˈsɪmənz
10931	gals	4397011	gælz
10932	hoc	4396598	hɑk
10934	bidders	4396096	ˈbɪdərz
10935	wherein	4395949	
10936	simulator	4395597	ˈsɪmjəˌleɪtər
10937	appearances	4395441	əˈpɪrənsəz
10938	performers	4393026	pərˈfɔrmərz
10939	dessert	4392650	dɪˈzərt
10940	dissertation	4391498	ˌdɪsərˈteɪʃən
10941	exporters	4391473	ɪkˈspɔrtərz
10942	walsh	4391300	wɔlʃ
10943	ninth	4390562	naɪnθ
10944	mutant	4389772	mˈjutənt
10946	marry	4388137	ˈmɛri
10947	blankets	4386506	ˈblæŋkəts
10948	enthusiasm	4386258	ɪnˈθuziˌæzəm
10949	confusing	4385868	kənfˈjuzɪŋ
10950	celebrations	4383919	ˌsɛləˈbreɪʃənz
10951	approaching	4383496	əˈproʊʧɪŋ
10952	bounce	4383170	baʊns
10953	ivan	4381927	ˈaɪvən
10954	spiral	4381596	ˈspaɪrəl
10956	governors	4380019	ˈgəvərnərz
10957	weakness	4379559	ˈwiknəs
10958	authoring	4377035	ˈɔθərɪŋ
10959	specializes	4376847	ˈspɛʃəˌlaɪzɪz
10960	wills	4376548	wɪlz
10961	katherine	4376071	
10962	atoms	4375988	ˈætəmz
10963	jacobs	4375603	ˈʤeɪkəbz
10964	mauritania	4375366	
10965	tissues	4375348	
10966	reminded	4374374	
10967	irvine	4373607	ˈərvaɪn
10968	drake	4373046	dreɪk
10969	olds	4370826	oʊldz
10970	ramp	4370357	ræmp
10971	jakarta	4370126	ʤəˈkɑrtə
10972	cynthia	4370055	ˈsɪnθiə
10973	roosevelt	4369103	
10974	practicing	4367159	ˈpræktɪsɪŋ
10975	schmidt	4367060	ʃmɪt
10976	nicely	4366949	ˈnaɪsli
10977	surprisingly	4366827	
10978	expressing	4365995	ɪkˈsprɛsɪŋ
10979	della	4365759	ˈdɛlə
10980	laurel	4365465	ˈlɔrəl
10981	carolyn	4364954	ˈkɛrəlɪn
10982	rails	4364886	reɪlz
10985	fried	4364192	
10986	cairo	4364029	ˈkaɪroʊ
10987	ambulance	4363682	ˈæmbjələns
10988	practically	4363252	ˈpræktɪkəli
10989	traded	4363231	ˈtreɪdɪd
10990	signaling	4362944	ˈsɪgnəlɪŋ
10991	vivo	4362591	ˈvivoʊ
10992	malls	4362513	mɔlz
10993	domination	4362286	ˌdɑməˈneɪʃən
10994	shrimp	4361942	ʃrɪmp
10995	jensen	4361860	ˈʤɛnsən
10996	chords	4361267	kɔrdz
10997	impairment	4359947	ˌɪmˈpɛrmənt
10998	scooter	4359214	ˈskutər
10999	molecule	4359107	ˈmɑləˌkjul
11000	dedication	4357261	ˌdɛdəˈkeɪʃən
11002	desires	4356398	dɪˈzaɪərz
11003	woody	4355633	ˈwʊdi
11004	dismissed	4355532	dɪsˈmɪst
11005	mcgraw	4354997	məˈgrɔ
11007	cheerleader	4354473	ˈʧɪˌrlidər
11008	cried	4352198	kraɪd
11009	psychic	4352052	ˈsaɪkɪk
11010	cracks	4351973	kræks
11011	edu	4350586	
11012	lotion	4349478	ˈloʊʃən
11013	analyzing	4349461	ˈænəˌlaɪzɪŋ
11014	substrate	4348410	ˈsəbˌstreɪt
11015	sincerely	4347749	sɪnˈsɪrli
11017	beaten	4346610	ˈbitən
11018	piercing	4346261	ˈpɪrsɪŋ
11020	antilles	4343834	ænˈtɪliz
11021	homemade	4341825	
11022	ukrainian	4341516	juˈkreɪniən
11023	establishments	4340712	ɛˈstæblɪʃmənts
11024	marginal	4340610	ˈmɑrʤənəl
11025	visions	4340352	ˈvɪʒənz
11026	efficacy	4339810	ˈɛfɪˌkæsi
11027	freshwater	4338978	ˈfrɛʃˌwɔtər
11028	topical	4338016	
11029	prestige	4337527	prɛˈstiʒ
11030	cocaine	4337187	koʊˈkeɪn
11031	accelerated	4336016	ækˈsɛlərˌeɪtɪd
11032	pinnacle	4335248	ˈpɪnəkəl
11033	tucker	4335174	ˈtəkər
11035	recognizes	4333719	ˈrɛkəgˌnaɪzɪz
11036	plugs	4333394	pləgz
11038	responsive	4330902	rɪˈspɑnsɪv
11039	coded	4330278	ˈkoʊdɪd
11040	supra	4329457	ˈsuprə
11041	omitted	4329280	
11042	molly	4328076	ˈmɑli
11043	proximity	4327868	prɑkˈsɪməti
11045	alcatel	4324475	ˈælkəˌtɛl
11046	belonging	4324385	bɪˈlɔŋɪŋ
11047	unbiased	4324253	ˌənˈbaɪəst
11048	pear	4324248	pɛr
11049	suriname	4324031	ˈsərɪnɑm
11050	chiefs	4321619	ʧifs
11051	franz	4321556	frænz
11052	collision	4320422	kəˈlɪʒən
11053	supplementary	4320232	ˌsəpləˈmɛntəˌri
11054	parkway	4317891	ˈpɑrkˌweɪ
11056	palau	4315852	ˈpælaʊ
11057	clue	4315669	klu
11058	scandal	4315093	ˈskændəl
11059	duff	4314675	dəf
11060	lodges	4314249	
11061	dangers	4313168	ˈdeɪnʤərz
11064	bonuses	4311967	ˈboʊnəsɪz
11065	scam	4311808	skæm
11066	travellers	4311775	ˈtrævələrz
11068	scream	4310000	skrim
11069	biking	4309804	ˈbaɪkɪŋ
11070	discrepancies	4309441	dɪˈskrɛpənsiz
11071	pirate	4308440	ˈpaɪrət
11072	microsystems	4307141	ˈmaɪˌkroʊˈsɪstəmz
11073	timeout	4305584	ˈtaɪˌmaʊt
11074	senses	4305427	ˈsɛnsɪz
11075	aerosmith	4303849	ˈɛroʊsˌmɪθ
11076	repeats	4302320	
11077	resellers	4302212	riˈsɛlərz
11078	willie	4301619	ˈwɪli
11079	portfolios	4300566	pɔrtˈfoʊliˌoʊz
11080	rival	4298220	ˈraɪvəl
11081	ops	4294947	ɑps
11082	slower	4293888	sloʊər
11083	simulated	4293640	ˈsɪmjəˌleɪtɪd
11084	culinary	4292898	ˈkjulɪˌnɛri
11085	fairfax	4291515	ˈfɛrˌfæks
11086	beck	4290667	bɛk
11087	semantics	4290544	sɪˈmæntɪks
11088	huh	4290479	hə
11089	scarface	4289682	ˈskɑrˌfeɪs
11090	accountant	4289265	əˈkaʊntənt
11091	beige	4288534	beɪʒ
11092	auditing	4288045	ˈɑdətɪŋ
11093	rolex	4287956	ˈroʊlɛks
11094	propaganda	4287917	ˌprɑpəˈgændə
11095	amplifiers	4287917	ˈæmpləˌfaɪərz
11096	offender	4287437	əˈfɛndər
11097	waterloo	4287347	ˈwɔtərˌlu
11098	warwick	4286870	ˈwɔrwɪk
11099	coli	4286111	ˈkoʊli
11101	pentax	4285966	ˈpɛnˌtæks
11102	restart	4284959	riˈstɑrt
11103	rounded	4284892	
11104	boarding	4284819	ˈbɔrdɪŋ
11105	vanity	4284766	
11106	mitigation	4282830	ˌmɪtɪˈgeɪʃən
11107	tome	4282614	toʊm
11109	overstock	4282219	ˈoʊvərˈstɑk
11110	homer	4281428	ˈhoʊmər
11112	daylight	4280151	ˈdeɪˌlaɪt
11113	macdonald	4279503	məkˈdɑnəld
11114	hmm	4279237	həm
11115	gases	4277836	
11116	dependency	4277030	dɪˈpɛndənsi
11117	dioxide	4276462	daɪˈɑkˌsaɪd
11118	fireworks	4276373	ˈfaɪrˌwərks
11119	genus	4275567	ˈʤinəs
11120	approached	4275544	əˈproʊʧt
11121	catching	4274928	ˈkæʧɪŋ
11122	cutter	4273307	ˈkətər
11123	connects	4270886	kəˈnɛkts
11125	explores	4268453	ɪkˈsplɔrz
11126	liberals	4267018	ˈlɪˌbərəlz
11127	aperture	4266263	ˈæpərʧər
11128	roofing	4265875	ˈrufɪŋ
11129	dixon	4265747	ˈdɪksən
11130	elastic	4265135	ɪˈlæstɪk
11131	melody	4264666	ˈmɛlədi
11132	sins	4263660	sɪnz
11133	cousin	4263150	ˈkəzən
11134	hath	4262812	hæθ
11135	torque	4262432	tɔrk
11136	recalls	4262019	
11137	consultations	4261175	ˌkɑnsəlˈteɪʃənz
11138	memberships	4259768	ˈmɛmbərˌʃɪps
11139	debts	4259542	dɛts
11140	renting	4259490	ˈrɛntɪŋ
11142	ticketmaster	4259341	ˈtɪkɪtˌmæstər
11143	cdc	4259074	ˈsiˌdiˈsi
11145	phillip	4258655	ˈfɪlɪp
11146	burial	4258160	ˈbɛriəl
11147	balcony	4258129	ˈbælkəni
11148	prescriptions	4257387	prəˈskrɪpʃənz
11150	prop	4254743	prɑp
11151	avril	4254680	
11152	willis	4254240	ˈwɪlɪs
11153	myths	4253827	mɪθs
11154	camden	4253322	ˈkæmdən
11155	coupling	4252397	ˈkəplɪŋ
11156	knees	4250743	niz
11157	oncology	4250235	ɑŋˈkɑləʤi
11158	neglect	4250016	
11159	emerge	4249371	
11161	winchester	4249243	ˈwɪnˌʧɛstər
11162	clutch	4248843	kləʧ
11163	shy	4248699	ʃaɪ
11164	poets	4248574	poʊəts
11165	woven	4248524	ˈwoʊvən
11167	auditorium	4248177	ˌɔdəˈtɔriəm
11168	pedro	4247791	ˈpeɪdroʊ
11169	maid	4247185	meɪd
11170	sid	4247035	sɪd
11171	carrie	4245824	ˈkɛri
11173	towels	4244863	
11175	canterbury	4243943	ˈkæntərˌbɛri
11177	remodeling	4243031	
11178	trent	4242725	trɛnt
11180	barber	4241984	ˈbɑrbər
11181	intuitive	4241404	ˌɪnˈtuətɪv
11182	rigid	4240019	
11184	sta	4237091	
11185	degradation	4236424	ˌdɛgrəˈdeɪʃən
11186	ret	4235970	rɛt
11188	orthodox	4235572	ˈɔrθəˌdɑks
11189	erin	4235309	ˈɛrɪn
11190	ferguson	4235020	ˈfərgəsən
11191	coordinating	4234379	koʊˈɔrdəˌneɪtɪŋ
11192	holistic	4234358	hoʊˈlɪstɪk
11193	salsa	4234056	ˈsɑlsə
11194	fragments	4233728	ˈfrægmənts
11195	encarta	4233549	
11196	mariana	4233392	ˌmɑriˈænə
11197	qualitative	4233032	kˈwɑləˌteɪtɪv
11198	claude	4230997	klɔd
11199	minorities	4230660	
11200	childcare	4230571	ˈʧaɪldˌkɛr
11202	blown	4229918	bloʊn
11203	diffusion	4229849	dɪfˈjuʒən
11204	baton	4229776	
11206	polynesia	4228131	ˌpɑˌlɪˈniʒə
11207	barton	4228071	ˈbɑrtən
11208	umbrella	4227324	
11209	soundtracks	4227075	
11210	napster	4226792	ˈnæpstər
11211	rods	4226391	rɑdz
11212	wong	4225896	wɔŋ
11213	stimulation	4225487	ˌstɪmjəˈleɪʃən
11214	abbey	4224864	ˈæbi
11215	pigs	4224549	pɪgz
11216	debugging	4224476	diˈbəgɪŋ
11217	olivia	4223761	oʊˈlɪviə
11218	rechargeable	4223372	riˈʧɑrʤəbəl
11219	engineered	4222770	ˌɛnʤəˈnird
11220	jerseys	4222586	ˈʤərziz
11221	refugee	4221434	ˈrɛfjuʤi
11223	straps	4220473	stræps
11224	maya	4220258	maɪə
11225	discourse	4220048	ˈdɪskɔrs
11226	lancashire	4219954	ˈlæŋkəˌʃaɪr
11227	superstore	4218532	ˈsupərˌstɔr
11228	headache	4218013	ˈhɛˌdeɪk
11229	stained	4217928	steɪnd
11230	marital	4217902	ˈmærətəl
11231	socialist	4217721	ˈsoʊʃəlɪst
11232	hex	4217438	hɛks
11234	bruno	4216245	ˈbrunoʊ
11235	attracted	4216005	əˈtræktəd
11236	undertaking	4215954	ˈəndərˌteɪkɪŋ
11237	slavery	4214907	sˈleɪvəri
11238	notwithstanding	4214701	ˌnɑtwɪθˈstændɪŋ
11241	feasible	4213616	ˈfizəbəl
11242	romans	4213605	ˈroʊmənz
11243	micronesia	4213394	ˌmaɪkroʊˈniʒə
11244	credibility	4212696	ˌkrɛdəˈbɪlɪti
11245	shores	4211229	ʃɔrz
11246	fest	4210656	fɛst
11247	thames	4208660	tɛmz
11248	flowing	4208602	floʊɪŋ
11250	diets	4207940	daɪɪts
11251	montenegro	4207533	ˌmɑntəˈneɪgroʊ
11252	deed	4207336	did
11253	sauna	4202256	ˈsɔnə
11254	whirlpool	4201491	
11255	perfumes	4200608	pərfˈjumz
11256	sustain	4199639	səˈsteɪn
11257	mechanic	4198798	
11258	bauer	4197776	baʊər
11259	eliminating	4197589	ɪˈlɪməˌneɪtɪŋ
11260	rejection	4197543	
11261	multiplayer	4195934	ˈməltiˌpleɪər
11264	bowls	4193933	boʊlz
11266	dissemination	4193540	dɪˌsɛməˈneɪʃən
11267	shareholder	4193216	ˈʃɛˌrhoʊldər
11268	cardinals	4192613	ˈkɑrdɪnəlz
11269	kitts	4192233	kɪts
11270	cosmic	4191929	ˈkɑzmɪk
11271	dawson	4191412	ˈdɔsən
11272	tivo	4190950	ˈtɪˌvoʊ
11273	defective	4190752	dɪˈfɛktɪv
11274	deletion	4190454	dɪˈliʃən
11275	lengths	4190306	
11276	beacon	4190278	ˈbikən
11277	hoover	4189070	ˈhuvər
11279	macau	4187604	məˈkaʊ
11280	politically	4186936	
11281	elective	4186685	ɪˈlɛktɪv
11282	forensic	4186245	
11283	botanical	4183612	bəˈtænɪkəl
11284	quartet	4182986	kwɔrˈtɛt
11286	ceramics	4181926	sərˈæmɪks
11287	suspense	4181909	səˈspɛns
11288	drafting	4181743	ˈdræftɪŋ
11289	cruel	4180956	
11290	observing	4180478	əbˈzərvɪŋ
11291	freestyle	4180142	ˈfriˌstaɪl
11292	advertised	4179189	
11293	commencement	4179071	kəˈmɛnsmənt
11294	southwestern	4178986	ˌsaʊθˈwɛstərn
11295	conform	4177976	kənˈfɔrm
11296	helmets	4177803	ˈhɛlməts
11297	organizers	4177240	ˈɔrgəˌnaɪzərz
11298	firing	4176080	
11300	eager	4175668	ˈigər
11302	denise	4173228	dɪˈnis
11303	hypertension	4172902	ˌhaɪpərˈtɛnʃən
11305	touching	4172308	ˈtəʧɪŋ
11306	aguilera	4172123	ɑgwiˈlɛrə
11307	vacancy	4171263	ˈveɪkənsi
11308	servicing	4170827	ˈsərvɪsɪŋ
11309	papa	4170314	ˈpɑˌpə
11310	settlements	4169458	ˈsɛtəlmənts
11311	strawberry	4169376	ˈstrɔˌbɛri
11312	chang	4168927	ʧæŋ
11313	gloria	4167872	ˈglɔriə
11315	elevator	4167714	ˈɛləˌveɪtər
11316	pupil	4167137	ˈpjupəl
11317	feast	4166016	fist
11319	maggie	4165430	ˈmæˌgi
11320	redemption	4165064	
11321	profound	4164333	proʊˈfaʊnd
11322	canton	4164322	ˈkæntən
11323	nina	4163802	ˈninə
11324	acura	4162891	ˈækjərə
11325	registering	4162557	
11326	seth	4161544	sɛθ
11327	warn	4160789	wɔrn
11328	conservatives	4159750	kənˈsərvətɪvz
11330	bonnie	4156792	ˈbɑni
11331	laying	4156210	leɪɪŋ
11332	cops	4155366	kɑps
11333	provisional	4154786	prəˈvɪʒənəl
11334	compiling	4154508	kəmˈpaɪlɪŋ
11335	fedex	4153858	ˈfɛˈdɛks
11336	strive	4152261	straɪv
11338	releasing	4150801	riˈlisɪŋ
11340	martinique	4149160	mɑrtɪˈnik
11341	shells	4149003	ʃɛlz
11342	painter	4148778	
11343	cooker	4147009	ˈkʊkər
11344	ankle	4146793	ˈæŋkəl
11345	peso	4146603	ˈpeɪsoʊ
11346	leagues	4145615	ligz
11347	monkeys	4143859	ˈməŋkiz
11348	historically	4143489	
11349	lego	4141703	ˈlɛgoʊ
11350	transitions	4141050	trænˈzɪʃənz
11351	prevented	4140686	
11352	digits	4140271	
11353	err	4139438	
11354	banker	4138729	ˈbæŋkər
11355	sup	4138281	səp
11356	easiest	4138022	ˈiziəst
11357	microbiology	4137858	
11358	borrow	4137645	ˈbɑˌroʊ
11359	internships	4137252	ˈɪntərnˌʃɪps
11360	bamboo	4136702	bæmˈbu
11362	denotes	4135758	dɪˈnoʊts
11363	communicating	4134095	kəmˈjunəˌkeɪtɪŋ
11366	vectors	4132345	ˈvɛktərz
11367	decks	4131188	dɛks
11368	craigslist	4130450	ˈkreɪgzˌlɪst
11369	vibration	4130212	vaɪˈbreɪʃən
11370	stepped	4130208	stɛpt
11371	vent	4130004	vɛnt
11372	blunt	4129800	blənt
11373	protector	4128784	prəˈtɛktər
11374	hamas	4128646	ˌhɑˈmɑs
11375	aux	4126536	oʊ
11376	react	4126376	riækt
11377	understands	4126087	ˌəndərˈstændz
11378	rises	4124482	
11379	shane	4124234	ʃeɪn
11380	issuing	4123334	ˈɪʃuɪŋ
11381	heaters	4122650	ˈhitərz
11382	accents	4122134	ˈæksɛnts
11383	insane	4121922	ˌɪnˈseɪn
11384	buddha	4121656	ˈbudə
11385	voyage	4119859	vɔɪəʤ
11388	colonel	4118477	ˈkərnəl
11389	transitional	4118474	
11390	mozart	4118473	
11391	acceleration	4118345	ˌækˌsɛlərˈeɪʃən
11392	sketch	4118317	skɛʧ
11393	hoffman	4117895	ˈhɔfmən
11395	balances	4116412	ˈbælənsɪz
11396	firearms	4115567	
11397	nightly	4115392	ˈnaɪtli
11398	visualization	4114476	ˌvɪʒwələˈzeɪʃən
11399	pitt	4112040	pɪt
11400	deduction	4110107	dɪˈdəkʃən
11401	dancer	4109747	ˈdænsər
11402	coats	4107452	koʊts
11403	pol	4104771	pɔl
11404	capsules	4104571	ˈkæpsəlz
11405	hyde	4104139	haɪd
11406	firmly	4103216	ˈfərmli
11407	doo	4102101	du
11408	dots	4101380	dɑts
11409	pursuing	4100131	pərˈsuɪŋ
11410	newswire	4099738	ˈnuzˌwaɪr
11411	aston	4099586	ˈæstən
11414	mugs	4098204	məgz
11415	brokerage	4097935	
11416	washed	4096107	wɑʃt
11417	overtime	4095339	ˈoʊvərˌtaɪm
11419	resonance	4094941	ˈrɛzənəns
11420	mosaic	4094867	moʊˈzeɪɪk
11421	rhodes	4094759	roʊdz
11422	fiesta	4094679	fiˈɛstə
11424	sourcing	4093584	ˈsɔrsɪŋ
11425	vase	4093494	
11426	filings	4092206	ˈfaɪlɪŋz
11427	forcing	4091794	ˈfɔrsɪŋ
11428	fairs	4091127	fɛrz
11429	flute	4090740	flut
11430	durability	4090496	dərəˈbɪlɪti
11431	boeing	4090445	boʊɪŋ
11432	sizing	4090106	ˈsaɪzɪŋ
11433	exceeded	4089138	
11434	meadows	4088809	ˈmɛˌdoʊz
11435	hindi	4088627	ˈhɪndi
11436	presley	4088299	ˈprɛsli
11437	harsh	4087715	hɑrʃ
11438	outfit	4087628	ˈaʊtˌfɪt
11440	labeling	4083683	
11441	substitution	4083235	ˌsəbstɪˈtuʃən
11443	burma	4082398	ˈbərmə
11444	cease	4081957	sis
11445	deserves	4081562	dɪˈzərvz
11446	aboard	4080258	əˈbɔrd
11447	paradigm	4079943	ˈpɛrəˌdaɪm
11449	irving	4079383	ˈərvɪŋ
11450	perfection	4079350	pərˈfɛkʃən
11451	joints	4078045	ʤɔɪnts
11452	overwhelming	4077983	
11453	linguistics	4077716	lɪŋgˈwɪstɪks
11455	standardized	4076813	ˈstændərˌdaɪzd
11456	liu	4076159	lju
11457	poles	4074284	poʊlz
11459	bounds	4073402	baʊndz
11460	lyon	4072136	laɪən
11461	nutrients	4071983	ˈnutriənts
11462	kosovo	4071958	ˈkoʊsoʊˌvoʊ
11463	santiago	4071798	ˌsæntiˈɑgoʊ
11464	vera	4071447	ˈvɛrə
11465	advising	4070479	ædˈvaɪzɪŋ
11466	altogether	4070166	ˌɔltəˈgɛðər
11467	devils	4069685	ˈdɛvəlz
11468	dignity	4068074	ˈdɪgnəti
11469	europa	4068015	jʊˈroʊpə
11470	barbuda	4065880	bɑrˈbudə
11471	wondered	4065715	ˈwəndərd
11472	cheshire	4065692	ˈʧɛʃər
11473	boyd	4065567	bɔɪd
11474	sliding	4064583	sˈlaɪdɪŋ
11475	accumulation	4064397	əˌkjumjəˈleɪʃən
11476	napa	4064026	ˈnæpə
11477	descriptive	4063561	dɪˈskrɪptɪv
11478	abt	4062793	
11480	feasibility	4061906	ˌfizəˈbɪləti
11483	negotiating	4058744	nɪˈgoʊʃiˌeɪtɪŋ
11484	homo	4058353	ˈhoʊmoʊ
11485	pier	4057622	pɪr
11486	sioux	4055518	su
11487	nazi	4055501	ˈnɑtsi
11488	cote	4055395	koʊt
11489	premiums	4055019	ˈprimiəmz
11490	jenna	4054943	ˈʤɛnə
11491	arrays	4053994	əreɪz
11492	lutheran	4053726	ˈluθərən
11493	syllabus	4051766	ˈsɪləbəs
11495	fellows	4051629	ˈfɛloʊz
11496	valencia	4050634	vəˈlɛnsiə
11497	superman	4049956	
11498	rodriguez	4049525	rɑˈdrigɛz
11499	perkins	4049397	
11500	animations	4048602	ˌænəˈmeɪʃənz
11501	ideally	4048227	aɪˈdili
11502	activism	4047643	ˈæktɪˌvɪzəm
11503	splash	4047574	splæʃ
11504	fargo	4046625	ˈfɑrˌgoʊ
11505	chairperson	4045436	ˈʧɛrˌpərsən
11506	equip	4044391	ɪkˈwɪp
11507	saga	4044373	ˈsɑgə
11509	leverage	4043338	
11510	probation	4043334	proʊˈbeɪʃən
11511	sgt	4043001	ˈsɑrʤənt
11512	ast	4042477	æst
11513	gran	4042239	græn
11514	commissioned	4041679	kəˈmɪʃənd
11515	hedge	4041429	hɛʤ
11517	anguilla	4039464	ˌæŋˈwɪlə
11518	fender	4039339	ˈfɛndər
11519	violet	4038524	ˈvaɪəlɪt
11520	dancers	4037631	ˈdænsərz
11521	mutation	4037197	mjuˈteɪʃən
11522	radisson	4036628	ˈrædəsən
11523	envelopes	4036122	ˈɛnvəˌloʊps
11524	apc	4035654	ˈeɪˈpiˈsi
11526	compulsory	4035480	kəmˈpəlsəri
11527	hitler	4034321	ˈhɪtlər
11528	favorable	4033607	
11529	rue	4033203	ru
11530	handset	4032942	ˈhændˌsɛt
11531	preparations	4031926	ˌprɛpərˈeɪʃənz
11532	maxwell	4031674	ˈmæksˌwɛl
11533	illustrates	4031442	ˈɪləˌstreɪts
11534	inheritance	4030441	ˌɪnˈhɛrətəns
11535	curry	4029540	ˈkəri
11536	vulnerabilities	4029415	ˌvəlnərəˈbɪlɪtiz
11538	oblique	4027970	əˈblik
11539	pearls	4027893	pərlz
11540	worms	4027528	wərmz
11541	activist	4027427	ˈæktɪvɪst
11542	palestinians	4027252	ˌpælɪˈstɪniənz
11543	satisfying	4026472	ˈsætɪsˌfaɪɪŋ
11545	succeeded	4026219	
11546	prerequisites	4026193	priˈrɛkwəzəts
11548	apples	4024590	ˈæpəlz
11549	elf	4024474	ɛlf
11550	dewey	4024315	dui
11551	surviving	4024027	sərˈvaɪvɪŋ
11552	pouch	4023912	paʊʧ
11553	advent	4023874	ˈædˌvɛnt
11554	proposes	4023816	prəˈpoʊzɪz
11555	hooks	4023408	hʊks
11557	exploitation	4023362	ˌɛkˌsplɔɪˈteɪʃən
11558	singers	4022824	ˈsɪŋərz
11559	mayo	4021666	meɪoʊ
11560	tasmania	4020820	ˌtæzˈmeɪniə
11561	mansion	4019687	ˈmænʃən
11563	cha	4019243	ʧɑ
11564	surrender	4018892	sərˈɛndər
11566	schneider	4018252	ʃˈnaɪdər
11567	accumulated	4018104	əˈkjumjəˌleɪtɪd
11568	arsenal	4017059	ˈɑrsənəl
11569	dub	4017027	dəb
11570	screws	4016747	skruz
11571	pyramid	4016467	ˈpɪrəmɪd
11572	enjoys	4016306	ˌɛnˈʤɔɪz
11574	hacking	4013671	ˈhækɪŋ
11575	stripe	4013275	straɪp
11576	knoxville	4013012	ˈnɑksvɪl
11577	averages	4012787	ˈævrɪʤɪz
11578	peaks	4011396	piks
11579	tai	4011354	taɪ
11580	como	4009820	ˈkoʊmoʊ
11581	lisp	4008283	lɪsp
11582	limousine	4007578	ˈlɪməˌzin
11583	churchill	4007365	
11584	mentoring	4005103	ˈmɛntərɪŋ
11585	pak	4004319	pæk
11586	affirmative	4003502	əˈfərmətɪv
11587	keynote	4003270	ˈkiˌnoʊt
11588	mos	4002363	mɔs
11590	classrooms	4002212	ˈklæsˌrumz
11591	planted	4001421	
11592	petitioner	4001272	pəˈtɪʃənər
11593	residency	4000641	ˈrɛzɪdənsi
11594	spoon	4000406	spun
11595	bombs	3999701	bɑmz
11596	niche	3999108	
11597	deadlines	3998245	ˈdɛˌdlaɪnz
11598	fortunately	3996097	
11600	cigar	3993843	sɪˈgɑr
11601	vis	3991760	vɪs
11602	calculating	3991558	ˈkælkjəˌleɪtɪŋ
11603	erie	3991279	ˈɪri
11604	berkshire	3990726	
11605	bookshop	3990603	ˈbʊkˌʃɑp
11606	proportional	3990019	prəˈpɔrʃənəl
11607	credentials	3989745	krəˈdɛnʃəlz
11608	deprecated	3988883	ˈdɛprəˌkeɪtəd
11609	nonetheless	3988449	ˌnənðəˈlɛs
11610	municipalities	3988310	mˌjunɪsəˈpælɪtiz
11611	chin	3986552	ʧɪn
11612	locker	3985812	ˈlɑkər
11613	jenkins	3985380	
11614	squash	3985349	skwɑʃ
11615	expectation	3985293	ˌɛkspɛkˈteɪʃən
11616	severely	3985192	səˈvɪrli
11617	spotted	3982290	
11618	curse	3982181	kərs
11621	ajax	3980338	ˈeɪˌʤæks
11622	coconut	3979631	ˈkoʊkəˌnət
11623	interrupt	3979422	ˌɪntərˈəpt
11624	conductor	3978814	kənˈdəktər
11625	wont	3978693	woʊnt
11626	liberation	3977625	ˌlɪˌbərˈeɪʃən
11627	forex	3977390	ˈfɔrɛks
11628	diagnostics	3976650	ˌdaɪəgˈnɑstɪks
11629	grandfather	3976363	
11630	removes	3976233	riˈmuvz
11632	luxurious	3975107	ləgˈʒəriəs
11633	titan	3974407	ˈtaɪtən
11635	tumors	3973566	ˈtumərz
11636	booked	3972989	bʊkt
11637	anita	3972924	əˈnitə
11638	indirectly	3972681	ˌɪndərˈɛkˌtli
11639	nile	3972242	naɪl
11641	blessing	3970512	ˈblɛsɪŋ
11642	lumber	3970464	ˈləmbər
11643	kyocera	3970190	
11644	pillows	3969760	ˈpɪloʊz
11645	portals	3969382	ˈpɔrtəlz
11646	illustrator	3968150	ˈɪləˌstreɪtər
11647	asleep	3967813	əsˈlip
11648	potassium	3966709	pəˈtæsiəm
11649	prompted	3966438	
11650	shout	3965861	ʃaʊt
11651	nudes	3964133	nudz
11652	rationale	3963807	ˌræʃəˈnæl
11653	hubs	3963468	həbz
11654	pasadena	3963460	ˌpæsəˈdinər
11655	presidency	3963353	ˈprɛzɪdənsi
11656	abnormal	3963331	æbˈnɔrməl
11658	delicate	3962661	ˈdɛləkət
11659	convince	3962104	kənˈvɪns
11660	whoever	3961970	huˈɛvər
11661	subway	3959823	ˈsəbˌweɪ
11663	straw	3958211	strɔ
11664	lifted	3957493	
11665	mankind	3957434	ˈmænˈkaɪnd
11666	uncertain	3956957	ənˈsərtən
11668	citrus	3955640	ˈsɪtrəs
11669	paramount	3954831	ˈpɛrəˌmaʊnt
11671	upright	3954150	
11672	breakfasts	3951058	ˈbrɛkfəsts
11673	inspectors	3950723	ˌɪnˈspɛktərz
11674	emergencies	3950644	
11675	reuse	3950428	
11676	ernest	3950109	
11677	sightseeing	3949130	ˈsaɪtˈsiɪŋ
11678	shocked	3948680	ʃɑkt
11679	therapies	3948634	ˈθɛrəpiz
11680	alcoholic	3947219	ˌælkəˈhɑlɪk
11681	bakery	3947064	ˈbeɪkəri
11682	lieutenant	3946806	luˈtɛnənt
11683	orchid	3946535	ˈɔrkəd
11684	histories	3943244	
11685	loses	3942953	ˈluzɪz
11686	widget	3942410	ˈwɪʤɪt
11687	renault	3941993	
11688	atkins	3941917	ˈætkɪnz
11689	variability	3941754	vɛriəˈbɪlɪti
11690	comoros	3941698	kɔˈmɔˌroʊs
11691	suede	3941313	sweɪd
11692	observatory	3940254	əbˈzərvəˌtɔri
11693	soda	3940026	ˈsoʊdə
11694	waited	3938627	ˈweɪtɪd
11695	preventive	3938407	
11696	peach	3938068	piʧ
11697	calculus	3937205	ˈkælkjələs
11698	stefan	3936360	ˈstɛfɑn
11701	breathe	3933278	brið
11702	diaper	3933145	ˈdaɪpər
11703	dunn	3933056	dən
11704	hotwire	3932603	ˈhɑtˌwaɪər
11705	ngo	3931983	ɛŋˈgoʊ
11706	smiling	3931929	sˈmaɪlɪŋ
11707	ounces	3931022	
11709	economically	3929872	
11710	uncut	3929056	ˌənˈkət
11711	intact	3928069	ˌɪnˈtækt
11712	noting	3925386	ˈnoʊtɪŋ
11713	shifting	3925159	ˈʃɪftɪŋ
11714	samurai	3924698	
11715	atp	3924233	ˈeɪˈtiˈpi
11716	moines	3923427	
11718	coefficients	3922786	ˌkoʊəˈfɪʃənts
11719	duplex	3922761	ˈduˌplɛks
11720	ivy	3922494	ˈaɪvi
11722	delegate	3921156	
11723	lightly	3921147	ˈlaɪtli
11724	negotiated	3920525	
11726	analyzer	3918684	ˈænəˌlaɪzər
11727	herman	3917917	ˈhərmən
11728	congestion	3917609	kənˈʤɛsʧən
11729	runners	3917217	ˈrənərz
11730	stove	3914849	stoʊv
11733	accidental	3914021	
11734	talents	3913506	ˈtælənts
11735	nixon	3913498	ˈnɪksən
11736	refuge	3910887	ˈrɛfjuʤ
11737	brady	3910813	ˈbreɪdi
11738	guadeloupe	3910380	gˌwɑdəˈlup
11739	nutrient	3910296	ˈnutriənt
11740	walton	3910292	ˈwɔltən
11741	zhang	3909936	
11742	underway	3909347	ˌəndərˈweɪ
11743	carved	3908746	kɑrvd
11744	ark	3908616	ɑrk
11745	freak	3908219	frik
11746	obstacles	3908106	ˈɑbstəkəlz
11748	cbc	3906954	ˈsiˌbiˈsi
11749	preferably	3906858	
11750	bluff	3906671	bləf
11751	excerpts	3906085	
11752	jasper	3905781	ˈʤæspər
11755	newborn	3905331	ˈnubɔrn
11756	sadly	3905175	ˈsædli
11757	laughed	3904519	læft
11759	avail	3902711	əˈveɪl
11760	emerson	3902336	ˈɛmərsən
11761	regulate	3900971	ˈrɛgjəˌleɪt
11762	orchard	3900891	ˈɔrʧərd
11763	inhibitors	3900774	ˌɪnˈhɪbətərz
11765	mythology	3899588	məˈθɑləˌʤi
11766	prestigious	3899516	
11767	deploy	3898491	dɪˈplɔɪ
11768	trousers	3897524	ˈtraʊzərz
11769	gameplay	3897452	ˈgeɪmˌpleɪ
11770	hatch	3896261	hæʧ
11771	replaces	3895316	rɪˈpleɪsɪz
11772	tomb	3894685	tum
11773	regina	3894408	rɪˈʤinə
11774	stein	3893544	staɪn
11775	shortage	3892878	
11776	privileged	3890670	ˈprɪvɪlɪʤd
11777	spill	3890646	spɪl
11778	goodness	3890474	
11779	drift	3889505	drɪft
11780	extracts	3889330	
11781	professions	3888846	prəˈfɛʃənz
11782	explored	3887481	ɪkˈsplɔrd
11783	autism	3886220	ˈɔˌtɪzəm
11784	mysteries	3885698	ˈmɪstəriz
11785	fuller	3885291	ˈfʊlər
11786	taxpayers	3884940	ˈtækˌspeɪərz
11787	martinez	3884890	mɑrˈtinɛz
11788	bombing	3884875	ˈbɑmɪŋ
11789	decreases	3884211	
11791	metrics	3883192	ˈmɛtrɪks
11793	crisp	3880385	krɪsp
11794	inability	3880337	ˌɪnəˈbɪlɪti
11795	cor	3879006	kɔr
11796	goo	3878783	gu
11797	coronary	3878267	ˈkɔrəˌnɛri
11799	mediated	3877793	ˈmidiˌeɪtɪd
11800	prom	3877689	prɑm
11801	scans	3877627	skænz
11802	keeper	3877357	ˈkipər
11803	reinforced	3877044	ˌriɪnˈfɔrst
11804	johannesburg	3875115	ˌʤoʊˈhænɪsbərg
11805	spells	3875038	spɛlz
11806	specifying	3874863	ˈspɛsəˌfaɪɪŋ
11807	vaginal	3873132	vəˈʤaɪnəl
11808	buddhist	3873063	ˈbudəst
11810	inevitable	3872819	ˌɪˈnɛvətəbəl
11811	etiquette	3872794	ˈɛtəkət
11812	rookie	3870767	ˈrʊki
11814	nic	3869264	nɪk
11815	theatrical	3867947	θiˈætrɪkəl
11816	coloured	3867584	ˈkələrd
11817	births	3867031	bərθs
11819	cubs	3863171	kəbz
11820	interdisciplinary	3862597	ˌɪntərˈdɪsəpləˌnɛri
11821	wheeler	3862107	
11822	ritual	3861920	ˈrɪʧuəl
11823	miguel	3861205	mɪˈgɛl
11824	kerala	3861158	ˌkɛˈrɑlə
11825	pulp	3860989	pəlp
11826	onset	3858839	
11827	interpreter	3858537	ˌɪnˈtərprətər
11828	enzymes	3858286	ˈɛnˌzaɪmz
11829	specimens	3857576	ˈspɛsəmənz
11830	initiation	3855916	ˌɪˌnɪʃiˈeɪʃən
11831	analytics	3855886	ˌænəˈlɪtɪks
11832	assay	3855224	ˈæsi
11833	jacuzzi	3855111	ʤəˈkuzi
11834	reconciliation	3854902	ˌrɛkənˌsɪliˈeɪʃən
11835	pots	3854743	pɑts
11837	recognizing	3853300	ˈrɛkəgˌnaɪzɪŋ
11838	parser	3853138	ˈpɑrsər
11839	leigh	3853134	li
11841	slam	3851407	slæm
11843	respects	3850738	
11844	tents	3850460	tɛnts
11845	plaque	3850381	plæk
11846	accounted	3850232	əˈkaʊntɪd
11847	deposited	3849839	
11848	lowe	3849640	loʊ
11849	beavers	3848670	ˈbivərz
11850	crib	3847659	krɪb
11851	styling	3847444	ˈstaɪlɪŋ
11852	snack	3847152	snæk
11853	defending	3846898	dɪˈfɛndɪŋ
11854	pulls	3846669	pʊlz
11855	autonomous	3845886	ɔˈtɑnəməs
11857	granting	3845218	
11858	motoring	3844960	ˈmoʊtərɪŋ
11859	appropriation	3844753	əˌproʊpriˈeɪʃən
11860	randomly	3844381	ˈrændəmli
11861	condensed	3843832	kənˈdɛnst
11862	philippine	3843510	ˈfɪləˌpin
11863	theological	3842954	ˌθiəˈlɑʤɪkəl
11864	quietly	3842577	kˈwaɪətli
11865	semiconductors	3842193	
11866	scenery	3842099	ˈsinəri
11867	coca	3841473	ˈkoʊkə
11869	peugeot	3839187	pjuˈʒoʊ
11870	bollywood	3839026	ˈbɔlɪˌwʊd
11871	mentally	3838946	
11872	horoscopes	3838456	ˈhɔrəˌskoʊps
11873	drying	3837655	draɪɪŋ
11874	assemblies	3837220	əˈsɛmbliz
11875	noun	3837137	naʊn
11877	silicone	3835328	ˈsɪləˌkoʊn
11878	collateral	3835146	kəˈlætərəl
11880	learner	3834055	ˈlərnər
11881	welcomes	3832970	ˈwɛlkəmz
11883	swallow	3832303	
11884	tara	3831476	
11885	transplant	3830833	trænˈsplænt
11886	scoreboard	3830219	ˈskɔrˌbɔrd
11887	proliferation	3829964	ˌproʊlɪfərˈeɪʃən
11888	usenet	3828664	ˈjuzˌnɛt
11889	squid	3828491	skwɪd
11890	marines	3828140	mərˈinz
11892	lighthouse	3826413	ˈlaɪˌthaʊs
11893	proves	3826270	pruvz
11895	trilogy	3825206	ˈtrɪləʤi
11896	crab	3824989	kræb
11897	jen	3823290	ʤɛn
11898	brightness	3822314	ˈbraɪtnəs
11899	maurice	3821885	
11900	brooke	3821883	brʊk
11901	consumed	3820896	kənˈsumd
11902	maxim	3820484	ˈmæksəm
11903	hike	3820168	haɪk
11904	bore	3819820	bɔr
11906	depreciation	3818913	dɪˌpriʃiˈeɪʃən
11908	technically	3818321	
11910	pharmacist	3816817	ˈfɑrməsɪst
11911	marley	3816435	ˈmɑrli
11912	enjoyment	3816406	ˌɛnˈʤɔɪmənt
11914	cows	3816319	kaʊz
11916	deliveries	3815714	
11917	recruiters	3814660	rɪˈkrutərz
11918	austrian	3814530	ˈɔstriən
11919	correspond	3814384	ˌkɔrəˈspɑnd
11920	slate	3813904	sleɪt
11921	suzanne	3813536	suˈzæn
11922	confined	3813370	kənˈfaɪnd
11923	screaming	3812764	ˈskrimɪŋ
11924	inhabitants	3812535	ˌɪnˈhæbɪtənts
11925	straightforward	3812325	ˈstreɪtˈfɔrwərd
11926	delighted	3812221	
11928	morton	3811069	ˈmɔrtən
11929	peel	3810917	pil
11931	cue	3810147	kju
11932	jupiter	3809088	
11933	simultaneous	3808657	ˌsaɪməlˈteɪniəs
11934	monopoly	3808505	məˈnɑpəli
11936	pornography	3806856	pɔrˈnɑgrəfi
11937	debris	3806697	dəˈbri
11938	han	3806541	
11939	intentions	3806436	ˌɪnˈtɛnʧənz
11940	robotics	3806007	ˌroʊˈbɑtɪks
11941	pagan	3805644	ˈpeɪgən
11942	chopped	3804704	ʧɑpt
11943	widow	3804620	ˈwɪdoʊ
11944	contexts	3804487	ˈkɑnˌtɛksts
11945	sac	3803083	sæk
11946	peg	3802883	pɛg
11947	randall	3802515	ˈrændəl
11948	benson	3801754	ˈbɛnsən
11949	sleeves	3801642	slivz
11950	troubled	3801498	ˈtrəbəld
11951	footnote	3800501	ˈfʊtˌnoʊt
11952	vibrant	3800268	ˈvaɪbrənt
11953	evolving	3799789	
11954	sweater	3798820	sˈwɛtər
11955	approximation	3798341	əˌprɑksəˈmeɪʃən
11956	skies	3796788	skaɪz
11957	barrett	3795271	
11959	burners	3795089	ˈbərnərz
11960	alison	3793481	ˈælɪsən
11961	fitzgerald	3793474	fɪtsˈʤɛrəld
11962	kicks	3792491	kɪks
11963	disappeared	3791611	
11964	canoe	3790795	kəˈnu
11966	sovereign	3790205	ˈsɑvrən
11967	reminds	3789917	riˈmaɪndz
11968	organism	3789385	ˈɔrgəˌnɪzəm
11969	corrupt	3788784	kərəpt
11970	violated	3786834	ˈvaɪəleɪtɪd
11971	correspondent	3786622	ˌkɔrəˈspɑndənt
11972	drought	3786273	draʊt
11973	bake	3785783	beɪk
11974	hurricanes	3785008	ˈhərəˌkeɪnz
11975	oslo	3784794	ˈɑzloʊ
11976	symptom	3784339	ˈsɪmptəm
11977	laughter	3783649	ˈlæftər
11978	foreclosures	3783227	fɔrˈkloʊʒərz
11979	propagation	3783126	ˌprɑpəˈgeɪʃən
11980	audits	3782927	ˈɑdəts
11981	ignorance	3782654	ˈɪgnərəns
11982	pesticides	3782034	ˈpɛstəˌsaɪdz
11983	explosive	3781976	ɪkˈsploʊsɪv
11984	inventor	3780161	ˌɪnˈvɛntər
11985	scaling	3780114	ˈskeɪlɪŋ
11986	juicy	3778910	ˈʤusi
11987	fave	3778307	feɪv
11988	residues	3777772	ˈrɛzəˌduz
11990	moody	3776452	ˈmudi
11991	viet	3776331	viɛt
11992	fashioned	3776151	ˈfæʃənd
11993	grains	3772543	greɪnz
11994	vicinity	3772417	
11995	thyroid	3772023	ˈθaɪrɔɪd
11996	purification	3769668	ˌpjʊrəfəˈkeɪʃən
11997	heal	3769650	hil
11999	southeastern	3769283	ˌsaʊˈθistərn
12000	wizards	3769098	ˈwɪzərdz
12001	horoscope	3768650	ˈhɔrəˌskoʊp
12002	invasive	3768581	ˌɪnˈveɪsɪv
12003	prosperity	3768263	prɑˈspɛrəti
12004	rainfall	3767281	ˈreɪnˌfɔl
12005	helsinki	3766234	ˈhɛlsɪŋki
12006	hardback	3764986	ˈhɑrdˌbæk
12007	mum	3764100	məm
12008	launching	3764017	ˈlɔnʧɪŋ
12009	vuitton	3763985	ˌvʊˈtɔn
12011	pedal	3763705	ˈpɛdəl
12012	inconsistent	3763083	ˌɪnkənˈsɪstənt
12013	plantation	3762904	ˌplænˈteɪʃən
12014	storing	3762383	ˈstɔrɪŋ
12015	asa	3762120	ˈɑsə
12016	tote	3761953	toʊt
12017	jumped	3761906	ʤəmpt
12018	seemingly	3761438	ˈsimɪŋli
12019	tuned	3761208	tund
12020	narnia	3759544	ˈnɑrˌniɑ
12021	passionate	3759453	ˈpæʃənət
12022	alfa	3759405	ˈælfə
12023	staples	3759213	ˈsteɪpəlz
12025	mayer	3758894	meɪər
12026	backward	3758544	ˈbækwərd
12027	sour	3757799	
12028	geoff	3757759	ʤɛf
12029	rename	3757535	riˈneɪm
12030	atx	3757516	ˈeɪˈtiˈɛks
12031	markup	3757429	ˈmɑrˌkəp
12032	combustion	3757231	kəmˈbəsʧən
12033	breakthrough	3757116	ˈbreɪkθˌru
12034	scrap	3757085	skræp
12036	administer	3754648	ədˈmɪnɪstər
12037	bilateral	3754545	baɪˈlætərəl
12038	bella	3753635	ˈbɛlə
12039	blondes	3753451	blɑndz
12040	beneficiaries	3753008	ˌbɛnəˈfɪʃiˌɛriz
12041	disposable	3752005	dɪˈspoʊzəbəl
12042	williamson	3749880	ˈwɪljəmsən
12043	sock	3748769	sɑk
12044	gentlemen	3748634	
12045	copier	3747909	ˈkɑpiər
12047	terra	3747696	ˈtɛˌrɑ
12048	literal	3747449	ˈlɪtərəl
12049	questioned	3747297	kˈwɛsʧənd
12050	guiding	3747104	ˈgaɪdɪŋ
12051	charcoal	3745478	ˈʧɑrˌkoʊl
12053	vapor	3744912	ˈveɪpər
12054	beware	3744629	bɪˈwɛr
12055	aloud	3743858	əˈlaʊd
12056	glorious	3743383	ˈglɔriəs
12058	overlap	3743117	ˈoʊvərˌlæp
12059	handsome	3742080	ˈhænsəm
12060	defaults	3742075	dɪˈfɔlts
12061	foreclosure	3741402	fɔrˈkloʊʒər
12062	clarification	3741132	ˌklɛrəfəˈkeɪʃən
12063	grounded	3739928	ˈgraʊndɪd
12064	bail	3739601	beɪl
12065	goose	3739382	gus
12066	espresso	3739029	
12068	judgement	3736635	ˈʤəʤmənt
12069	cruiser	3735652	ˈkruzər
12070	hendrix	3734885	ˈhɛndrɪks
12071	cumberland	3734672	ˈkəmbərlənd
12072	gifted	3733747	
12073	esteem	3733585	ɛˈstim
12074	cascade	3732995	kæˈskeɪd
12075	endorse	3732894	ɛnˈdɔrs
12076	strokes	3732810	stroʊks
12077	shelby	3732559	ˈʃɛlbi
12078	hen	3732543	hɛn
12079	homeowner	3732354	ˈhoʊˌmoʊnər
12080	ancestry	3731719	ˈænsɛstri
12081	mib	3731368	mɪb
12082	dolphins	3731075	ˈdɑlfənz
12083	adopting	3730959	əˈdɑptɪŋ
12084	landed	3730816	
12085	nucleus	3730601	ˈnukliəs
12086	tees	3730254	tiz
12087	detached	3730246	
12088	scouts	3729780	skaʊts
12089	warsaw	3729488	ˈwɔrˌsɔ
12091	mist	3728769	mɪst
12094	verb	3726924	vərb
12095	tec	3726338	tɛk
12096	chic	3725795	ʃik
12097	hydro	3725464	ˈhaɪˌdroʊ
12098	nonlinear	3725269	nɑnˈlɪˌniər
12099	spokane	3725256	
12100	objection	3725086	əˈbʤɛkʃən
12101	phosphate	3724512	ˈfɑsfeɪt
12102	playa	3723548	plaɪə
12104	noisy	3722908	ˈnɔɪzi
12105	csi	3722907	ˈsiˌɛˈsaɪ
12106	abide	3722809	əˈbaɪd
12107	radioactive	3721806	ˌreɪdioʊˈæktɪv
12108	sentinel	3721697	ˈsɛntənəl
12109	birthdays	3721283	ˈbərθˌdeɪz
12110	desserts	3720484	dɪˈzərts
12111	doi	3719879	dɔɪ
12112	socio	3719745	ˈsoʊsioʊ
12114	preserving	3719018	
12115	vest	3719017	vɛst
12116	neal	3718387	nil
12117	economist	3718338	
12118	grooming	3718290	ˈgrumɪŋ
12119	meridian	3717338	mərˈɪdiən
12120	marriages	3717000	ˈmɛrɪʤɪz
12121	regret	3716789	
12122	validate	3715972	ˈvælədeɪt
12123	stakes	3715795	steɪks
12124	rotating	3715660	ˈroʊˌteɪtɪŋ
12126	brigade	3711855	
12127	movable	3710553	ˈmuvəbəl
12128	doubles	3709489	ˈdəbəlz
12130	bliss	3708978	blɪs
12132	humiliation	3707732	hjuˌmɪliˈeɪʃən
12133	tens	3707380	tɛnz
12134	litter	3706640	ˈlɪtər
12135	reflective	3705748	rɪˈflɛktɪv
12136	outerwear	3705282	ˈaʊtərˌwɛr
12137	abbreviations	3703739	əˌbriviˈeɪʃənz
12138	executing	3703273	ˈɛksəˌkjutɪŋ
12139	greenwich	3699730	
12140	flooding	3699696	ˈflədɪŋ
12141	parse	3698919	pɑrs
12142	rugged	3698606	ˈrəgəd
12143	jelly	3698541	ˈʤɛli
12146	grandmother	3697756	ˈgrændˌməðər
12147	renovation	3697379	ˌrɛnəˈveɪʃən
12148	puma	3696953	ˈpumə
12149	appoint	3696615	əˈpɔɪnt
12150	attendees	3696467	əˈtɛnˈdiz
12151	panthers	3695915	ˈpænθərz
12152	perceptions	3695044	pərˈsɛpʃənz
12153	greenwood	3694021	ˈgrinˌwʊd
12154	ignition	3693724	ˌɪgˈnɪʃən
12155	humble	3693501	ˈhəmbəl
12157	downstream	3691197	ˈdaʊnˈstrim
12158	petrol	3690703	ˈpɛtroʊl
12159	midway	3690431	ˈmɪdˌweɪ
12160	mania	3688699	ˈmeɪniə
12161	edwin	3688662	
12164	accelerator	3687315	ækˈsɛlərˌeɪtər
12165	masterbating	3687277	ˈmæstərˌbeɪtɪŋ
12166	clare	3687106	klɛr
12167	flyers	3685163	flaɪərz
12168	recognise	3685011	ˈrɛkəgˌnaɪz
12169	tacoma	3684792	təˈkoʊmɑ
12170	hostile	3684268	
12171	aphrodite	3684009	ˌæfrəˈdaɪti
12172	radiology	3683754	ˌreɪdiˈɑləʤi
12173	establishes	3683462	ɪˈstæblɪʃɪz
12174	whites	3683340	
12175	rant	3683247	rænt
12176	trapped	3683039	træpt
12177	bolts	3682849	boʊlts
12178	diplomatic	3682737	ˌdɪpləˈmætɪk
12179	locals	3682503	ˈloʊkəlz
12180	fringe	3682385	frɪnʤ
12181	linguistic	3682256	lɪŋgˈwɪstɪk
12182	internally	3682046	ˌɪnˈtərnəli
12183	planetary	3681473	ˈplænəˌtɛri
12185	tungsten	3681180	ˈtəŋstən
12186	typed	3681027	taɪpt
12189	laurent	3680554	ˈlɔrənt
12190	shutdown	3678890	ˈʃətˌdaʊn
12191	ego	3678432	ˈigoʊ
12192	manuel	3677641	mɑnˈwɛl
12194	computerworld	3675276	kəmˈpjutərˌwərld
12195	gaza	3674472	ˈgɑzə
12196	influenza	3673978	ˌɪnfluˈɛnzə
12197	gill	3672989	gɪl
12198	tattoos	3672724	ˌtæˈtuz
12199	rude	3672620	rud
12200	sang	3669266	sæŋ
12201	steele	3669151	stil
12202	citing	3668594	ˈsaɪtɪŋ
12203	viewpoint	3667923	vˈjuˌpɔɪnt
12204	peptide	3667831	ˈpɛpˌtaɪd
12205	nay	3667089	neɪ
12206	sweatshirt	3666728	sˈwɛtˌʃərt
12207	hassle	3665939	ˈhæsəl
12208	regents	3665656	ˈriʤənts
12209	servants	3665322	ˈsərvənts
12210	meanings	3664177	ˈminɪŋz
12211	conception	3663294	kənˈsɛpʃən
12212	unemployed	3663204	ˌənɛmˈplɔɪd
12213	heavenly	3663141	ˈhɛvənli
12215	exeter	3662807	ˈɛksɪtər
12216	docket	3661940	ˈdɑkət
12217	amusement	3661819	əmˈjuzmənt
12219	elsevier	3660463	
12220	nordic	3660365	ˈnɔrdɪk
12221	middlesex	3659462	ˈmɪdəlˌsɛks
12222	curl	3659178	kərl
12224	albanian	3658803	ælˈbeɪniən
12225	overflow	3657788	
12226	geometric	3657640	ˌʤiəˈmɛtrɪk
12227	hastings	3657540	ˈheɪstɪŋz
12228	subsidies	3656280	
12230	thirds	3655965	θərdz
12231	deli	3655555	ˈdɛli
12232	willingness	3654922	ˈwɪlɪŋnəs
12233	intern	3654560	ˈɪntərn
12234	implicit	3654411	ˌɪmˈplɪsət
12236	patriotic	3654140	ˌpeɪtriˈɑtɪk
12237	simplify	3654131	ˈsɪmpləˌfaɪ
12238	darling	3653817	ˈdɑrlɪŋ
12239	schwartz	3653728	ʃwɔrts
12240	satan	3653674	ˈseɪtən
12241	ornaments	3653618	ˈɔrnəmənts
12242	oppose	3653137	əˈpoʊz
12244	terrific	3652629	tərˈɪfɪk
12246	megan	3652019	ˈmeɪgən
12247	allergies	3651862	ˈælərʤiz
12248	definite	3651600	ˈdɛfənət
12249	bangalore	3651085	ˈbæŋgəˌlɔr
12250	congregation	3649518	ˌkɑŋgrəˈgeɪʃən
12251	regiment	3649264	ˈrɛʤəmənt
12252	cheer	3648929	ʧɪr
12253	everett	3648760	
12254	reviewers	3648745	rivˈjuərz
12255	clutter	3648587	ˈklətər
12256	misleading	3646794	mɪsˈlidɪŋ
12257	marty	3646752	ˈmɑrti
12258	predator	3646243	ˈprɛdətər
12259	vine	3646014	vaɪn
12260	vale	3645802	veɪl
12261	whereby	3645304	
12262	deceased	3645162	dɪˈsist
12263	sparks	3644341	spɑrks
12265	belgian	3642712	ˈbɛlʤən
12266	adolescents	3642412	
12268	simpler	3642315	
12269	captures	3642295	ˈkæpʧərz
12270	coventry	3642231	ˈkəvəntri
12271	capitalism	3640757	ˈkæpɪtəˌlɪzəm
12272	hancock	3640366	ˈhænˌkɑk
12273	falkland	3639937	ˈfɔklənd
12274	clamp	3639509	klæmp
12275	cur	3639449	kər
12277	mammals	3639188	ˈmæməlz
12278	grape	3638159	greɪp
12279	cloning	3638136	ˈkloʊnɪŋ
12281	madden	3637266	ˈmædən
12282	russ	3636915	rəs
12283	peppers	3636873	ˈpɛpərz
12284	deeds	3636121	didz
12285	lively	3635880	ˈlaɪvli
12286	inequality	3635529	
12288	educator	3634348	
12289	premature	3634239	ˌpriməˈʧʊr
12290	visually	3633998	ˈvɪʒwəli
12291	tripod	3633813	ˈtraɪˌpɑd
12292	immigrant	3633715	ˈɪməgrənt
12293	alright	3632981	ˌɔˈlraɪt
12294	laguna	3632280	ləˈgunə
12295	limo	3631696	ˈlɪmoʊ
12296	demonstrations	3630982	ˌdɛmənˈstreɪʃənz
12297	obsolete	3630687	
12298	aligned	3630260	əˈlaɪnd
12299	rust	3629881	rəst
12300	lon	3629057	lɑn
12301	pesticide	3628927	ˈpɛstəˌsaɪd
12302	interfere	3628881	
12303	traps	3628684	træps
12304	shuffle	3627654	ˈʃəfəl
12305	wardrobe	3627616	ˈwɔrˌdroʊb
12306	vin	3627453	vɪn
12307	transformers	3627334	trænsˈfɔrmərz
12308	successes	3626751	
12309	racer	3625077	ˈreɪsər
12310	fabrication	3624802	ˌfæbrɪˈkeɪʃən
12311	guilt	3623942	gɪlt
12312	sweep	3623863	swip
12313	nash	3622689	næʃ
12314	exploited	3621998	
12315	avid	3621749	ˈævɪd
12316	outpatient	3621475	ˈaʊtˌpeɪʃənt
12317	bladder	3621454	ˈblædər
12318	lam	3621434	læm
12319	inflammatory	3621413	ɪnˈflæməˌtɔri
12321	immunity	3620582	
12322	encrypted	3620536	
12323	bets	3619444	bɛts
12324	wholesalers	3619253	ˈhoʊlˌseɪlərz
12325	doyle	3618714	dɔɪl
12326	ducks	3618693	dəks
12329	shooter	3617812	ˈʃutər
12330	switchboard	3617718	sˈwɪʧˌbɔrd
12331	paints	3617496	peɪnts
12332	vince	3616647	vɪns
12333	neighbourhood	3616133	ˈneɪbərˌhʊd
12334	cheating	3615902	ˈʧitɪŋ
12335	carr	3615873	kɑr
12336	fade	3615179	feɪd
12337	fluorescent	3614260	
12338	tastes	3613970	teɪsts
12339	cookware	3613638	ˈkʊkˌwɛr
12340	storms	3613499	stɔrmz
12341	lavigne	3613481	ləˈvɪnj
12343	smiled	3613070	smaɪld
12344	jurisdictions	3613001	ˌʤʊrɪsˈdɪkʃənz
12345	scrutiny	3611860	ˈskrutəni
12346	regeneration	3611850	riˈʤɛnərˈeɪʃən
12347	lunar	3611744	ˈlunər
12348	differentiation	3611085	
12349	shields	3610577	ʃildz
12350	environmentally	3610401	
12351	nonsense	3609585	ˈnɑnsɛns
12352	invented	3607460	
12353	gradient	3607228	ˈgreɪdiənt
12355	inserts	3606774	
12357	elaine	3605953	
12358	programmable	3605039	ˈproʊˌgræməbəl
12359	posed	3604888	poʊzd
12360	subjected	3603968	səˈbʤɛktɪd
12361	tasting	3603798	ˈteɪstɪŋ
12363	chemotherapy	3601490	ˌkimoʊˈθɛrəpi
12364	gwen	3599486	gwɛn
12365	mob	3599356	mɑb
12366	expose	3598867	ɪkˈspoʊz
12367	borrowing	3598089	ˈbɑroʊɪŋ
12368	arises	3597654	ərˈaɪzɪz
12371	precautions	3596326	priˈkɔʃənz
12372	branded	3595078	ˈbrændɪd
12373	dysfunction	3593314	dɪsˈfəŋkʃən
12374	manning	3593144	ˈmænɪŋ
12375	lisbon	3593020	ˈlɪzbən
12376	forks	3592612	fɔrks
12377	monk	3592443	məŋk
12378	boxer	3592432	ˈbɑksər
12379	shining	3592416	ˈʃaɪnɪŋ
12382	weigh	3587993	weɪ
12383	rodeo	3587192	ˈroʊdiˌoʊ
12384	clerical	3586609	
12385	voyager	3586400	
12386	hobart	3585651	ˈhoʊˌbɑrt
12387	sampler	3583120	ˈsæmplər
12388	moose	3581329	mus
12389	jovi	3580113	ˈʤoʊvi
12390	timetable	3579372	ˈtaɪmˌteɪbəl
12391	dorset	3579355	ˈdɔrsɪt
12392	corrosion	3578504	kərˈoʊʒən
12393	positioned	3578050	pəˈzɪʃənd
12394	checker	3577995	ˈʧɛkər
12395	buenos	3577309	
12396	workstations	3577167	ˈwərkˌsteɪʃənz
12397	conscience	3576906	ˈkɑnʃəns
12398	crush	3576348	krəʃ
12399	cathy	3575710	ˈkæθi
12400	mystic	3575548	ˈmɪstɪk
12401	solicitation	3575386	səˌlɪsɪˈteɪʃən
12402	darren	3575164	ˈdɑrən
12404	rectangular	3574522	rɛkˈtæŋgjələr
12405	fischer	3574355	ˈfɪʃər
12406	pooh	3574313	pu
12407	enthusiast	3574305	ɛnˈθuziˌæst
12409	positively	3573575	ˈpɑzətɪvli
12411	shaping	3573290	ˈʃeɪpɪŋ
12412	ich	3571980	ɪʧ
12413	afghan	3571609	ˈæfˌgæn
12414	inspire	3569444	ˌɪnˈspaɪr
12415	paulo	3569244	ˈpɔˌloʊ
12416	torn	3569094	tɔrn
12417	meantime	3568612	ˈminˌtaɪm
12418	pumping	3568469	ˈpəmpɪŋ
12419	patented	3568094	
12420	revival	3567939	
12421	disappear	3567706	
12422	lever	3566558	
12423	redundant	3566311	rɪˈdəndənt
12424	regency	3565737	ˈriʤənsi
12426	tasty	3565676	ˈteɪsti
12428	midland	3564344	ˈmɪˌdlænd
12429	gag	3563372	gæg
12430	synchronization	3562753	ˌsɪŋkrənəˈzeɪʃən
12431	mccarthy	3562399	məˈkɑrθi
12432	informatics	3562229	ˌɪnˌfɔrˈmætɪks
12433	oakley	3561959	ˈoʊkli
12434	heck	3561865	hɛk
12436	tarot	3561389	ˌtæˈroʊ
12438	brenda	3560469	ˈbrɛndə
12439	civilians	3560187	səˈvɪljənz
12440	bark	3559940	bɑrk
12441	carts	3559795	kɑrts
12442	wasted	3559742	
12443	purdue	3558316	pərˈdu
12444	cocoa	3557169	ˈkoʊkoʊ
12445	invites	3556927	ˌɪnˈvaɪts
12446	cushion	3556775	ˈkʊʃən
12447	reversed	3556556	
12448	lynx	3555424	lɪŋks
12449	goa	3555223	goʊə
12450	figurines	3555042	ˌfɪgjərˈinz
12451	footer	3554458	ˈfʊtər
12452	maternal	3554398	məˈtərnəl
12453	specimen	3554108	ˈspɛsəmən
12454	jedi	3554006	
12455	seamless	3553583	ˈsimləs
12456	ancestors	3553506	ˈænˌsɛstərz
12457	panther	3552330	ˈpænθər
12458	mixes	3552046	
12459	graves	3552013	greɪvz
12460	branding	3551398	ˈbrændɪŋ
12461	ghetto	3550613	ˈgɛtoʊ
12463	examiner	3550006	ɪgˈzæmənər
12464	vineyard	3549097	ˈvɪnjərd
12465	meadow	3549050	ˈmɛˌdoʊ
12466	panty	3546636	ˈpænti
12467	feeder	3545920	ˈfidər
12468	mercer	3545626	ˈmərsər
12469	roms	3544856	rɑmz
12470	goodman	3544327	ˈgʊdmən
12471	listener	3543996	
12473	chloride	3543235	ˈklɔraɪd
12474	awaiting	3541630	əˈweɪtɪŋ
12475	kane	3541542	keɪn
12476	becker	3541371	ˈbɛkər
12477	aires	3540986	ˈɛriz
12478	bulls	3540837	bʊlz
12479	orion	3538939	
12480	commercials	3538093	kəˈmərʃəlz
12482	regulators	3537214	ˈrɛgjəˌleɪtərz
12483	hurry	3536968	ˈhəri
12484	influential	3536369	ˌɪnfluˈɛnʃəl
12485	clarkson	3535890	ˈklɑrksən
12486	carlson	3535592	ˈkɑrlsən
12488	beneficiary	3534626	ˌbɛnəˈfɪʃiˌɛri
12489	benchmarks	3533985	ˈbɛnʧˌmɑrks
12490	hanson	3533818	ˈhænsən
12492	offspring	3533336	ˈɔfˌsprɪŋ
12494	panorama	3532463	ˌpænərˈæmə
12495	retrieving	3532453	riˈtrivɪŋ
12496	roth	3532379	rɔθ
12497	odor	3532168	ˈoʊdər
12498	demanded	3531986	
12499	reactor	3531860	riˈæktər
12500	kiribati	3531579	ˌkɪˈrɪˈbɑti
12501	wastes	3531476	weɪsts
12503	clash	3531117	klæʃ
12504	biker	3530897	ˈbaɪkər
12505	fidelity	3530896	
12506	parked	3530425	pɑrkt
12507	sis	3530367	sɪs
12508	financials	3530231	
12509	castro	3530162	ˈkæstroʊ
12510	flew	3529715	flu
12511	peanut	3529318	
12512	holden	3529238	ˈhoʊldən
12513	ale	3528963	eɪl
12515	converters	3528203	kənˈvərtərz
12517	rhapsody	3527039	ˈræpsədi
12518	trumpet	3526876	ˈtrəmpət
12519	solitaire	3526423	ˌsɑləˈtɛr
12520	decreasing	3525931	
12521	freezing	3525702	ˈfrizɪŋ
12522	kaiser	3525640	ˈkaɪzər
12523	dishwasher	3525376	ˈdɪʃˌwɑʃər
12525	wallis	3524128	ˈwɔlɪs
12526	criminals	3522903	ˈkrɪmənəlz
12527	neurons	3522853	ˈnʊrɑnz
12528	ios	3522845	
12529	retire	3522241	
12530	rumors	3522170	ˈrumərz
12531	accomplishments	3521534	əˈkɑmplɪʃmənts
12532	emergence	3521074	
12533	feminist	3519958	ˈfɛmənɪst
12534	theatres	3518346	ˈθiətərz
12535	apex	3518314	ˈeɪˌpɛks
12536	crimson	3518175	ˈkrɪmzən
12537	compassion	3517842	kəmˈpæʃən
12539	needing	3515408	ˈnidɪŋ
12540	twentieth	3514981	
12542	ecosystems	3514000	ˈikoʊˌsɪstəmz
12543	pronounced	3513365	prəˈnaʊnst
12544	extensively	3513040	ɪkˈstɛnsɪvli
12545	stain	3512824	steɪn
12546	conrad	3512615	ˈkɑnræd
12547	wished	3512525	wɪʃt
12548	transient	3512340	ˈtrænʒənt
12549	kicked	3510100	kɪkt
12550	coloring	3509922	ˈkələrɪŋ
12551	curb	3509257	kərb
12552	gadget	3508749	ˈgæʤət
12553	cctv	3506759	ˈsiˌsiˈtiˌvi
12554	leukemia	3506364	luˈkimiə
12555	reign	3505605	reɪn
12556	trivial	3505592	ˈtrɪviəl
12557	deco	3505499	ˈdɛkoʊ
12558	ticker	3505466	ˈtɪkər
12559	coke	3505322	koʊk
12560	habitats	3505167	ˈhæbəˌtæts
12561	clauses	3504800	
12562	baron	3504549	
12563	remover	3504164	rɪˈmuvər
12564	sensible	3503935	ˈsɛnsəbəl
12565	unlawful	3503931	ənˈlɔfəl
12566	bates	3503755	beɪts
12567	incorporates	3503733	ˌɪnˈkɔrpərˌeɪts
12568	brasil	3503070	
12569	webs	3501990	wɛbz
12570	swinging	3501986	sˈwɪŋɪŋ
12571	accountable	3501555	əˈkaʊntəbəl
12572	thrust	3500671	θrəst
12573	proving	3500329	ˈpruvɪŋ
12575	opposing	3498650	əˈpoʊzɪŋ
12576	prod	3498498	prɑd
12577	novice	3498131	ˈnɑvəs
12578	spreadsheet	3496893	ˈsprɛdˌʃit
12579	hewitt	3496429	hjuɪt
12580	lowering	3495906	loʊərɪŋ
12582	delightful	3495221	dɪˈlaɪtfəl
12583	cane	3494916	keɪn
12584	cruising	3493890	ˈkruzɪŋ
12585	fury	3493188	fˈjʊri
12586	personalities	3493064	ˌpərsəˈnælɪtiz
12587	discography	3493008	dɪˈskɔgrəfi
12588	stiff	3492842	stɪf
12589	todo	3492686	ˌtuˈdu
12590	encoded	3492618	ɛnˈkoʊdɪd
12591	researching	3490518	riˈsərʧɪŋ
12592	noah	3490320	noʊə
12593	wore	3490088	wɔr
12594	christchurch	3489931	ˈkraɪstʧərʧ
12595	pediatrics	3489597	ˌpidiˈætrɪks
12596	traces	3488821	
12597	rabbi	3488700	ˈræˌbaɪ
12598	sushi	3488691	ˈsuʃi
12599	puffy	3488647	ˈpəfi
12600	asap	3488320	
12601	weston	3488306	ˈwɛstən
12602	headings	3488165	ˈhɛdɪŋz
12603	enthusiasts	3487179	ɛnˈθuziˌæsts
12604	ridiculous	3486556	rɪˈdɪkjələs
12605	scattering	3485873	ˈskætərɪŋ
12606	secretaries	3484723	ˈsɛkrəˌtɛriz
12607	onsite	3484653	ˈɑnˈsaɪt
12609	contracted	3484408	ˈkɑntræktəd
12610	elbow	3484326	ˈɛlˌboʊ
12611	fights	3483909	faɪts
12612	deleting	3483887	dɪˈlitɪŋ
12613	compilations	3482030	ˌkɑmpəˈleɪʃənz
12614	therapists	3481142	ˈθɛrəpɪsts
12615	appealing	3480503	əˈpilɪŋ
12616	scholarly	3479874	ˈskɑlərli
12617	detailing	3479450	dɪˈteɪlɪŋ
12618	stark	3479265	stɑrk
12619	lifestyles	3479186	ˈlaɪfˌstaɪlz
12620	roberto	3479172	
12622	strongest	3478166	ˈstrɔŋgəst
12623	hammond	3476815	ˈhæmənd
12624	swimwear	3476745	sˈwɪmˌwɛr
12625	padded	3476722	
12626	applet	3476474	ˈæplət
12628	circa	3475462	ˈsərkə
12629	revise	3475221	
12630	contributes	3474637	kənˈtrɪbjuts
12632	surroundings	3473796	sərˈaʊndɪŋz
12633	proficiency	3473626	prəˈfɪʃənsi
12634	quinn	3471650	kwɪn
12635	uranium	3471336	jərˈeɪniəm
12637	consolidate	3471334	kənˈsɑlɪˌdeɪt
12638	daniels	3471311	ˈdænjɛlz
12639	billions	3471276	ˈbɪljənz
12640	hut	3471098	hət
12641	daewoo	3470742	ˈdeɪˌwu
12642	antigen	3470196	ˈæntəʤən
12643	ultrasound	3469808	ˌəltrəˈsaʊnd
12644	stafford	3467845	ˈstæfərd
12646	procedural	3467397	prəˈsiʤərəl
12647	labrador	3467068	ˈlæbrəˌdɔr
12648	refusal	3466381	
12649	lima	3465904	
12650	suppression	3465258	səˈprɛʃən
12651	weaver	3464764	ˈwivər
12652	cern	3464673	sərn
12653	readiness	3464199	ˈrɛdinəs
12654	secular	3463905	ˈsɛkjələr
12656	majesty	3463329	ˈmæʤəsti
12658	fishery	3461156	ˈfɪʃəri
12659	teresa	3461041	
12660	distributing	3460996	dɪˈstrɪbjutɪŋ
12661	estimating	3460789	ˈɛstəˌmeɪtɪŋ
12662	outdated	3459713	ˈaʊtˌdeɪtɪd
12663	aussie	3459025	ˈɔsi
12664	advisories	3458840	ədˈvaɪzəriz
12665	dues	3458564	duz
12666	pewter	3458542	ˈpjutər
12668	belmont	3458367	ˈbɛlˌmɑnt
12669	distress	3457884	dɪˈstrɛs
12670	pumpkin	3457437	
12671	notably	3457363	ˈnoʊtəbli
12672	intends	3457058	ˌɪnˈtɛndz
12673	trevor	3455171	ˈtrɛvər
12674	homosexual	3454221	ˌhoʊmoʊˈsɛkʃuəl
12675	garment	3454166	ˈgɑrmənt
12677	bilingual	3453570	baɪˈlɪŋgwəl
12678	barbecue	3453189	ˈbɑrbɪˌkju
12679	localization	3452676	ˌloʊkələˈzeɪʃən
12680	supplying	3452542	səˈplaɪɪŋ
12681	secondly	3452503	ˈsɛkəndli
12682	razor	3451657	ˈreɪzər
12683	cough	3451640	
12684	cerebral	3451100	
12685	grandma	3450933	ˈgrændmɑ
12687	gigs	3449514	gɪgz
12688	indexing	3449511	ˈɪndɛksɪŋ
12689	lori	3449295	ˈlɔri
12690	oceans	3449148	ˈoʊʃənz
12691	displacement	3448688	dɪˈspleɪsmənt
12692	spacecraft	3448191	ˈspeɪˌskræft
12694	backwards	3447629	ˈbækwərdz
12695	arrows	3447386	
12696	volunteering	3447271	ˌvɔlənˈtɪrɪŋ
12697	montserrat	3446859	mɑnsərˈɑt
12698	telecommunication	3446799	ˌtɛləkəmˌjunɪˈkeɪʃən
12699	presumably	3446073	
12700	coatings	3446023	ˈkoʊtɪŋz
12701	eureka	3445857	jʊˈrikə
12702	plea	3445286	pli
12703	constructive	3445093	kənˈstrəktɪv
12704	bundles	3444807	ˈbəndəlz
12707	tibet	3443821	təˈbɛt
12708	preparedness	3443760	priˈpɛrədnəs
12709	pres	3443513	prɛz
12710	isles	3443470	aɪlz
12711	stretching	3443172	ˈstrɛʧɪŋ
12712	ovens	3443150	ˈəvənz
12713	systemic	3442940	sɪˈstɛmɪk
12714	garrett	3442758	
12715	esther	3441968	ˈɛstər
12716	playoffs	3441571	pleɪɔfs
12717	abundant	3441495	əˈbəndənt
12718	deductible	3440538	dɪˈdəktəbəl
12719	adaptors	3440007	əˈdæptərz
12720	priests	3439634	prists
12721	accompany	3439497	əˈkəmpəni
12722	compares	3439141	kəmˈpɛrz
12723	forecasting	3438703	ˈfɔrˌkæstɪŋ
12724	hesitate	3438637	ˈhɛzəˌteɪt
12725	inspiring	3438173	
12726	specialize	3438151	ˈspɛʃəˌlaɪz
12727	prey	3437872	preɪ
12728	deposition	3437780	ˌdɛpəˈzɪʃən
12730	laurie	3437301	
12732	zodiac	3436050	ˈzoʊdiˌæk
12733	pavement	3435844	ˈpeɪvmənt
12735	masterbation	3435707	ˌmæstərˈbeɪʃən
12736	tubing	3435220	ˈtubɪŋ
12737	keller	3434912	ˈkɛlər
12738	pedestrian	3434750	pəˈdɛstriən
12739	fencing	3434739	ˈfɛnsɪŋ
12740	bloomington	3434658	ˈblumɪŋtən
12741	artery	3434468	ˈɑrtəri
12742	conditioner	3434323	kənˈdɪʃənər
12743	plaintiffs	3433271	
12744	inlet	3433125	ˈɪnˌlɛt
12745	rub	3432829	rəb
12746	violate	3432718	ˈvaɪəleɪt
12747	stimulate	3432622	ˈstɪmjəˌleɪt
12748	realise	3432591	ˈriəˌlaɪz
12749	fluids	3432473	
12750	conveniently	3432407	kənˈvinjəntli
12751	lick	3431970	lɪk
12752	vanessa	3431779	vəˈnɛsə
12753	gov	3431706	gəv
12754	stealth	3431519	stɛlθ
12755	nucleotide	3431150	ˈnukliəˌtaɪd
12756	ter	3431134	tər
12757	ness	3430085	nɛs
12758	bronx	3430081	brɑŋks
12760	repayment	3427858	riˈpeɪmənt
12763	canopy	3426751	ˈkænəpi
12764	gloss	3426618	glɔs
12765	panda	3424825	ˈpændə
12767	whip	3423347	
12769	porch	3420626	pɔrʧ
12770	pertinent	3419181	ˈpərtɪnɪnt
12771	lifelong	3418717	ˈlaɪˈflɔŋ
12772	emailed	3418262	iˈmeɪld
12773	promoter	3416706	prəˈmoʊtər
12775	collegiate	3416336	kəˈliʤɪt
12776	constants	3416072	ˈkɑnstənts
12777	construed	3415805	kənˈstrud
12778	interchange	3415606	
12779	remotely	3415582	riˈmoʊtli
12781	fletcher	3414495	ˈflɛʧər
12782	concise	3414187	kənˈsaɪs
12783	isuzu	3413560	ˌɪˈsuˌzu
12784	fibers	3413234	ˈfaɪbərz
12785	handful	3413211	ˈhændˌfʊl
12786	brains	3413001	breɪnz
12787	curtains	3412919	ˈkərtənz
12788	eaten	3412832	ˈitən
12789	indigo	3412827	
12790	retaining	3412818	
12791	kelley	3412407	
12792	autobiography	3411910	ˌɔtəbaɪˈɑgrəfi
12793	conditioned	3411409	kənˈdɪʃənd
12795	prohibition	3410059	ˌproʊəˈbɪʃən
12796	motions	3409091	ˈmoʊʃənz
12797	redirect	3408086	ˌridərˈɛkt
12800	tuvalu	3404820	ˈtuvɑˌlu
12801	shampoo	3404715	ʃæmˈpu
12802	emphasize	3404529	ˈɛmfəˌsaɪz
12803	excite	3404340	ɪkˈsaɪt
12804	rebels	3403877	
12806	artifacts	3402215	ˈɑrtəˌfækts
12807	believing	3401919	bɪˈlivɪŋ
12809	hilarious	3401735	hɪˈlɛriəs
12810	salisbury	3401720	ˈsælzbəri
12811	pseudo	3401665	ˈsudoʊ
12813	quoting	3399751	kˈwoʊtɪŋ
12814	sinks	3399604	sɪŋks
12815	steep	3399504	stip
12816	dinar	3399128	dɪˈnɑr
12817	dynasty	3398997	ˈdaɪnəsti
12818	creed	3398609	krid
12819	carat	3398374	ˈkɛrət
12820	nan	3398089	næn
12821	microphones	3398004	ˈmaɪkroʊˌfoʊnz
12822	nobel	3397169	noʊˈbɛl
12823	raiders	3396978	ˈreɪdərz
12824	galaxies	3396836	ˈgæləksiz
12825	spreads	3396812	sprɛdz
12826	verlag	3396251	ˈvərlæg
12827	elegance	3396159	ˈɛləgəns
12828	volatile	3395681	ˈvɑlətəl
12829	pointers	3395547	ˈpɔɪntərz
12830	sensory	3394914	ˈsɛnsəri
12831	scrapbook	3394030	ˈskræpˌbʊk
12832	dummies	3392894	ˈdəmiz
12833	throne	3392423	θroʊn
12834	magnesium	3391051	mægˈniziəm
12836	kenwood	3391047	ˈkɛnˌwʊd
12837	chartered	3390853	ˈʧɑrtərd
12838	slopes	3390340	sloʊps
12839	socially	3388736	ˈsoʊʃəli
12840	unfortunate	3388419	
12841	seized	3388226	sizd
12842	roundup	3387046	ˈraʊnˌdəp
12843	territorial	3387028	ˌtɛrɪˈtɔriəl
12844	leases	3386999	ˈlisɪz
12846	consisted	3386917	
12847	randolph	3386847	ˈrændɑlf
12848	faxes	3386604	ˈfæksɪz
12849	plump	3386553	pləmp
12850	uss	3385393	ˈjuˈɛˈsɛs
12851	memoirs	3384732	ˈmɛmˌwɑrz
12852	alkaline	3382714	ˈælkəˌlaɪn
12853	expire	3381897	ɪkˈspaɪr
12854	och	3381894	ɑk
12856	midst	3381410	
12857	methyl	3381243	ˈmɛθəl
12858	campuses	3380970	
12859	borne	3379421	bɔrn
12860	forgive	3379266	
12861	ramada	3379181	rəˈmɑdə
12862	competitor	3378603	
12863	mansfield	3378378	ˈmænzˌfild
12864	neighbours	3378230	ˈneɪbərz
12865	tesco	3377683	ˈtɛskoʊ
12866	marvin	3376846	ˈmɑrvɪn
12868	architectures	3374071	ˈɑrkəˌtɛkʧərz
12869	conversions	3373910	kənˈvərʒənz
12871	usable	3373023	ˈjuzəbəl
12872	tempo	3372997	ˈtɛmˌpoʊ
12873	getty	3372135	ˈgɛti
12874	mutations	3371343	mjuˈteɪʃənz
12876	readable	3370832	ˈridəbəl
12877	almanac	3370384	ˈɑlməˌnæk
12878	conway	3370206	ˈkɑnˌweɪ
12880	gail	3370135	geɪl
12882	responds	3369562	
12883	denote	3369529	dɪˈnoʊt
12884	slayer	3369067	sleɪər
12885	payne	3368937	peɪn
12888	tester	3366908	ˈtɛstər
12889	polling	3366784	ˈpoʊlɪŋ
12891	purchaser	3366429	ˈpərʧəsər
12892	bins	3366341	bɪnz
12893	relies	3365831	
12894	inserting	3365663	ˌɪnˈsərtɪŋ
12895	tibetan	3365556	tɪˈbɛtən
12896	prepares	3365530	
12897	concludes	3364816	kənˈkludz
12899	waterford	3363892	ˈwɔtərfərd
12900	rodney	3363459	ˈrɑdni
12901	cylinders	3363442	ˈsɪləndərz
12903	selects	3362986	səˈlɛkts
12904	fulton	3362274	ˈfʊltən
12905	directing	3361991	
12906	nationality	3361977	
12909	statistically	3360392	
12910	torch	3360286	tɔrʧ
12911	zurich	3360140	ˈzʊrɪk
12912	stretched	3358892	strɛʧt
12913	depressed	3358586	dɪˈprɛst
12915	encounters	3357331	
12916	haunted	3357045	
12917	spares	3357011	spɛrz
12918	symmetry	3355779	ˈsɪmətri
12920	bout	3355216	baʊt
12923	programmed	3352969	ˈproʊˌgræmd
12925	salons	3352628	səˈlɑnz
12926	olympia	3351381	oʊˈlɪmpiə
12927	hank	3350823	hæŋk
12928	negligence	3350614	
12929	unclear	3350414	ənˈklɪr
12930	screened	3350332	skrind
12931	helper	3350286	ˈhɛlpər
12932	carlisle	3350189	ˈkɑˌrlaɪl
12933	aromatherapy	3349561	əˌroʊməˈθərəpi
12934	rancho	3349485	ˈrænʧoʊ
12935	transferring	3349384	trænsˈfərɪŋ
12936	nederland	3349272	ˈnɛdərlənd
12937	stockton	3348887	ˈstɑktən
12938	stepping	3348507	ˈstɛpɪŋ
12939	hacks	3348166	hæks
12940	clearwater	3347736	ˈklɪrˌwɔtər
12941	attic	3347389	ˈætɪk
12943	topology	3346921	təˈpɔləʤi
12944	appetite	3346826	ˈæpəˌtaɪt
12945	sensation	3346679	sɛnˈseɪʃən
12946	piper	3346631	ˈpaɪpər
12947	airborne	3346446	ˈɛrˌbɔrn
12948	morality	3346248	ˌmɔˈræləˌti
12949	honorable	3346100	ˈɑnərəbəl
12950	wealthy	3345627	ˈwɛlθi
12951	handicap	3345415	ˈhændiˌkæp
12952	skinny	3345336	ˈskɪni
12953	sewage	3345305	
12954	endowment	3345150	ɛnˈdaʊmənt
12955	demonstrating	3345093	ˈdɛmənˌstreɪtɪŋ
12956	antennas	3344187	ænˈtɛnəz
12957	sundance	3344089	ˈsənˌdæns
12961	trucking	3343556	ˈtrəkɪŋ
12962	sonoma	3342269	səˈnoʊmə
12963	esta	3340326	ˈɛstə
12964	defender	3340033	dɪˈfɛndər
12965	amos	3339230	ˈeɪməs
12966	iraqis	3339068	
12967	shortcut	3338749	ˈʃɔrtˌkət
12968	wretch	3337521	rɛʧ
12969	sunlight	3337150	ˈsənˌlaɪt
12970	stems	3336905	stɛmz
12971	racist	3336285	ˈreɪsɪst
12973	profitability	3335983	ˌprɑfɪtəˈbɪlɪti
12975	fairmont	3335614	ˈfɛrˌmɑnt
12976	ventura	3335547	
12977	convey	3335192	kənˈveɪ
12978	ang	3333618	æŋ
12979	evergreen	3333511	ˈɛvərˌgrin
12980	globally	3332875	ˈgloʊbəli
12981	bearings	3331864	ˈbɛrɪŋz
12982	govern	3331779	ˈgəvərn
12983	feather	3331460	ˈfɛðər
12984	fond	3331064	fɑnd
12985	sore	3330335	sɔr
12986	aaliyah	3330218	ˌɑˈliˌɑ
12987	fiat	3329725	faɪæt
12988	reboot	3329413	riˈbut
12989	sixteen	3329001	
12990	newsgroup	3327975	ˈnuzˌgrup
12991	blinds	3326896	blaɪndz
12992	audiovox	3326683	ˈɔdioʊˌvɑks
12993	traits	3326573	treɪts
12994	tightly	3326221	ˈtaɪtli
12995	graded	3325972	
12997	successor	3324793	səkˈsɛsər
12999	intrusion	3324387	ˌɪnˈtruʒən
13000	sickness	3323415	ˈsɪknəs
13001	guiana	3322604	giˈɑnə
13002	underneath	3321843	ˌəndərˈniθ
13003	prohibit	3321335	proʊˈhɪbət
13004	metabolic	3320296	ˌmɛtəˈbɑlɪk
13005	noel	3320139	noʊɛl
13006	cans	3319959	kænz
13007	abused	3319897	əˈbjuzd
13008	sarasota	3318985	ˌsɛrəˈsoʊtə
13009	billed	3318960	bɪld
13010	lim	3318848	lɪm
13011	avery	3318822	ˈeɪvəri
13013	danielle	3317252	
13014	brushes	3317239	ˈbrəʃɪz
13015	tenth	3317039	tɛnθ
13016	anthology	3316652	ænˈθɔləˌʤi
13017	prosecutor	3316544	ˈprɑsɪˌkjutər
13018	smiles	3316364	smaɪlz
13019	merged	3316000	mərʤd
13020	auditors	3315685	ˈɑdətərz
13021	grandchildren	3315507	
13023	desks	3315227	dɛsks
13024	capsule	3315216	ˈkæpsəl
13025	aided	3314916	ˈeɪdɪd
13026	relied	3314378	
13027	suspend	3312160	səˈspɛnd
13028	eternity	3311935	
13029	mesothelioma	3311875	ˌmɛsəˌθiliˈoʊmə
13030	trafficking	3311336	ˈtræfɪkɪŋ
13031	introductions	3310245	
13032	weighing	3308921	weɪɪŋ
13034	currents	3308147	kərənts
13036	michele	3307174	mɪˈʃɛl
13038	aide	3306173	eɪd
13039	kindly	3305856	ˈkaɪndli
13041	nes	3304394	nɛs
13042	protests	3303934	
13043	sharks	3302757	ʃɑrks
13044	notch	3302495	nɑʧ
13045	minors	3302424	ˈmaɪnərz
13046	dances	3302142	
13047	revealing	3301575	
13048	reprinted	3301241	riˈprɪntɪd
13049	fernando	3301199	
13050	mapped	3300807	mæpt
13051	resurrection	3299623	ˌrɛzərˈɛkʃən
13052	lieu	3299455	
13053	decree	3299438	dɪˈkri
13054	tor	3299295	tɔr
13056	seoul	3297895	soʊl
13058	columnist	3297677	ˈkɑləmnəst
13059	discovering	3297298	dɪˈskəvərɪŋ
13060	tuberculosis	3296585	
13061	lacks	3296569	læks
13062	horizons	3296016	hərˈaɪzənz
13063	transplantation	3295832	ˌtrænzplænˈteɪʃən
13064	jerome	3295724	ʤəroʊm
13065	daytime	3295549	ˈdeɪˌtaɪm
13066	elaborate	3295319	
13067	contour	3295002	ˈkɑnˌtʊr
13068	gamble	3294887	ˈgæmbəl
13070	descent	3294727	dɪˈsɛnt
13072	gravel	3294483	ˈgrævəl
13075	disturbing	3293698	dɪˈstərbɪŋ
13076	judged	3293503	ʤəʤd
13077	shutter	3293238	ˈʃətər
13078	illusion	3293217	ˌɪˈluʒən
13079	ambitious	3292680	æmˈbɪʃəs
13081	ole	3291808	
13082	notorious	3291283	noʊˈtɔriəs
13084	residue	3290600	ˈrɛzəˌdu
13085	reds	3290269	rɛdz
13086	enlarged	3290258	ˌɛnˈlɑrʤd
13087	stephens	3290133	
13088	transforming	3289682	trænsˈfɔrmɪŋ
13089	sequential	3289630	səkˈwɛnʃəl
13090	stripping	3288705	ˈstrɪpɪŋ
13091	uniquely	3288566	juˈnikli
13092	bart	3288348	bɑrt
13093	assert	3288118	əˈsərt
13094	goodies	3287939	ˈgʊdiz
13095	fluctuations	3287469	ˌfləkʧuˈeɪʃənz
13096	bowie	3287191	boʊi
13097	auth	3287162	ɔθ
13098	archaeological	3287086	ˌɑrkiəˈlɑʤɪkəl
13099	inspect	3284994	ˌɪnˈspɛkt
13100	thrice	3284790	θraɪs
13101	babylon	3284724	ˈbæbəˌlɑn
13102	gina	3284599	ˈʤinə
13104	edison	3284245	ˈɛdɪsən
13105	casualty	3283712	
13108	musings	3282717	mˈjuzɪŋz
13109	whistler	3281414	
13110	poses	3280246	
13111	airfares	3279986	ˈɛrˌfɛrz
13112	huntsville	3279816	ˈhəntsvɪl
13114	noir	3279201	nɔɪr
13115	eli	3278540	ˈilaɪ
13116	layouts	3278061	leɪaʊts
13117	evan	3277930	ˈɛvən
13119	mushroom	3277331	ˈməʃrum
13120	designate	3277319	
13121	scent	3277212	sɛnt
13122	sequel	3276371	ˈsikwəl
13123	gymnastics	3275891	ʤɪmˈnæstɪks
13124	titanic	3275555	taɪˈtænɪk
13125	knob	3275315	nɑb
13126	wolves	3274152	wʊlvz
13127	exquisite	3274003	ˈɛkskwəzət
13128	herpes	3273130	ˈhərpiz
13129	upward	3273084	ˈəpwərd
13130	sentenced	3273030	ˈsɛntənst
13131	dundee	3273007	dənˈdi
13133	principe	3272843	prinˈʧipi
13134	contractual	3272527	kənˈtrækʧuəl
13135	acquiring	3272383	
13136	judging	3271774	ˈʤəʤɪŋ
13137	unchanged	3271637	ənˈʧeɪnʤd
13138	kicking	3271617	ˈkɪkɪŋ
13139	meg	3271056	mɛg
13140	akron	3270629	ˈækrən
13141	fines	3270544	faɪnz
13142	grasp	3270025	græsp
13143	streak	3268695	strik
13144	ounce	3268355	aʊns
13145	thirteen	3267766	ˈθərˈtin
13147	tragic	3266929	ˈtræʤɪk
13148	theodore	3266501	ˈθiəˌdɔr
13149	buena	3265206	ˈbunə
13150	irrelevant	3264954	ˌɪˈrɛləvənt
13151	professionally	3264665	prəˈfɛʃənəli
13152	liberties	3264524	ˈlɪbərˌtiz
13153	sounding	3264254	ˈsaʊndɪŋ
13154	rebounds	3263664	ˈriˌbaʊndz
13155	milano	3263654	miˈlɑnoʊ
13156	compressor	3262761	kəmˈprɛsər
13157	toast	3262695	toʊst
13158	happily	3261766	ˈhæpəli
13159	hooked	3261622	hʊkt
13160	samantha	3261314	səˈmænθə
13161	shrink	3261118	ʃrɪŋk
13162	knox	3259677	nɑks
13165	carcinoma	3259218	ˌkɑrsəˈnoʊmə
13166	taipei	3259202	ˈtaɪˌpeɪ
13167	unesco	3259063	juˈnɛˌskoʊ
13168	mutually	3259036	mˈjuʧuəli
13169	stance	3257959	stæns
13171	kumar	3256818	kuˈmɑr
13172	beaded	3255817	ˈbidɪd
13173	remembering	3255801	
13174	boca	3255540	ˈboʊkə
13175	exodus	3254740	ˈɛksədəs
13176	compartment	3254390	kəmˈpɑrtmənt
13177	gemini	3254338	
13178	kinky	3254161	ˈkɪŋki
13179	brittany	3254116	ˈbrɪtəni
13180	dove	3253560	
13181	testified	3253479	ˈtɛstɪˌfaɪd
13183	cunningham	3253219	ˈkənɪŋˌhæm
13184	derive	3253144	dəraɪv
13185	affinity	3253001	əˈfɪnɪti
13186	presbyterian	3252804	
13187	supervisory	3252742	ˌsupərˈvaɪzəri
13188	pretend	3251001	priˈtɛnd
13190	buddhism	3249137	ˈbudɪzəm
13192	amnesty	3248491	ˈæmnəsti
13193	chiropractic	3248344	ˌkaɪroʊˈpræktɪk
13194	borrower	3247946	ˈbɑroʊər
13195	gloucester	3247086	ˈglɔstər
13196	warrants	3246362	ˈwɔrənts
13197	owens	3246277	oʊənz
13198	fairness	3245961	ˈfɛrnəs
13199	needles	3245880	ˈnidəlz
13200	coll	3245811	kɑl
13201	throughput	3245653	θˈruˌpʊt
13202	quota	3245515	kˈwoʊtə
13204	discreet	3245038	dɪˈskrit
13205	misplace	3244755	mɪˈspleɪs
13206	versa	3244429	ˈvərsə
13207	imp	3243955	ɪmp
13209	serviced	3243448	ˈsərvɪst
13210	mack	3243085	mæk
13212	sung	3242040	səŋ
13213	lowell	3240910	loʊəl
13214	whichever	3240093	
13215	starr	3240045	stɑr
13216	elliot	3239891	ˈɛliət
13217	opener	3239644	ˈoʊpənər
13219	vaccines	3238310	ˌvækˈsinz
13220	chooses	3238011	
13221	tuscany	3237587	ˈtəskəni
13222	jigsaw	3237104	ˈʤɪgˌsɔ
13223	jumbo	3237095	ˈʤəmboʊ
13224	crowded	3236969	
13226	unspecified	3236238	ənˈspɛsəˌfaɪd
13227	wee	3235414	wi
13229	turbine	3235102	ˈtərbaɪn
13230	unreal	3234687	ənˈril
13231	wounds	3234600	wundz
13232	percentages	3234052	
13233	advisers	3233972	ædˈvaɪzərz
13234	manufactures	3233043	ˌmænjəˈfækʧərz
13235	physiological	3232417	ˌfɪziəˈlɑʤɪkəl
13236	lett	3231982	lɛt
13238	addison	3231850	ˈædɪsən
13239	charters	3231105	ˈʧɑrtərz
13240	generalized	3231029	
13241	unprecedented	3231001	ənˈprɛsɪˌdɛntɪd
13242	probes	3231001	proʊbz
13243	frustration	3230941	frəˈstreɪʃən
13244	flint	3230800	flɪnt
13245	dummy	3230609	ˈdəmi
13246	financially	3230511	
13247	awake	3230337	əˈweɪk
13248	sanitation	3230169	
13249	americana	3229614	əˌmɛrɪˈkænə
13250	swivel	3229287	sˈwɪvəl
13251	ally	3228428	
13252	dissolved	3227615	dɪˈzɑlvd
13253	cleanliness	3226595	ˈklɛnlinɪs
13254	complexes	3226152	ˈkɑmplɛksəz
13255	kung	3224761	kəŋ
13256	varsity	3224750	ˈvɑrsɪti
13257	collectively	3224225	kəˈlɛktɪvli
13258	insurer	3224128	ˌɪnˈʃʊrər
13259	croatian	3223891	kroʊˈeɪʃən
13260	inhibition	3222453	
13262	certifications	3221724	ˌsərtəfəˈkeɪʃənz
13263	burnt	3221640	bərnt
13264	solidarity	3221580	ˌsɑləˈdɛrəti
13265	frustrated	3221201	ˈfrəˌstreɪtəd
13266	muhammad	3221098	mʊˈhɑməd
13267	alma	3221079	ˈɑlmə
13268	pradesh	3220502	prəˈdɛʃ
13271	hanover	3219987	ˈhænoʊvər
13272	inverse	3219696	ˌɪnˈvərs
13273	clifton	3219683	ˈklɪftən
13274	holt	3219528	hoʊlt
13275	isis	3218600	ˈaɪsəs
13276	verdict	3218413	ˈvərdɪkt
13277	nominee	3218094	ˌnɑməˈni
13278	medals	3217509	ˈmɛdəlz
13279	proton	3217423	ˈproʊˌtɑn
13280	dickinson	3217324	ˈdɪkɪnsən
13281	christi	3216436	ˈkrɪsti
13282	lister	3216160	ˈlɪstər
13283	recurring	3215675	
13284	studs	3215366	stədz
13285	allegedly	3215144	əˈlɛʤədli
13286	rhetoric	3214428	ˈrɛtərɪk
13287	modifying	3214198	ˈmɑdəˌfaɪɪŋ
13289	kaplan	3213494	ˈkæplən
13290	impulse	3213161	
13291	surveyed	3212637	
13292	creditors	3211591	ˈkrɛdɪtərz
13293	dull	3211484	dəl
13294	tis	3210106	tɪz
13295	cabins	3209582	ˈkæbənz
13296	commenced	3209136	kəˈmɛnst
13297	ballroom	3209064	ˈbɔˌlrum
13298	employing	3208979	
13299	satellites	3208972	ˈsætəˌlaɪts
13300	ignoring	3208542	ˌɪgˈnɔrɪŋ
13301	linens	3207974	ˈlɪnənz
13302	stevenson	3207753	ˈstivənsən
13303	coherent	3207625	koʊˈhɪrənt
13304	beetle	3207549	ˈbitəl
13305	converts	3207544	
13306	majestic	3206714	məˈʤɛstɪk
13307	bicycles	3205685	ˈbaɪsɪkəlz
13308	omni	3205681	ˈɑmni
13309	roast	3205415	roʊst
13310	testers	3205194	ˈtɛstərz
13312	complainant	3204765	kəmˈpleɪnənt
13313	inhibitor	3204409	ˌɪnˈhɪbətər
13314	clifford	3204225	ˈklɪfərd
13315	knowledgeable	3203632	ˈnɑləʤəbəl
13316	critically	3203629	
13318	composers	3202549	kəmˈpoʊzərz
13319	localities	3202521	loʊˈkælɪtiz
13320	owe	3201488	oʊ
13321	jimi	3200916	ˈʤɪmi
13322	hummer	3200769	ˈhəmər
13323	reciprocal	3200550	rɪˈsɪprəkəl
13324	accelerate	3199272	ækˈsɛlərˌeɪt
13325	hatred	3198487	ˈheɪtrəd
13327	questioning	3197874	kˈwɛsʧənɪŋ
13328	putative	3197469	ˈpjutətɪv
13329	manifest	3197151	ˈmænəˌfɛst
13330	indications	3195599	ˌɪndəˈkeɪʃənz
13331	petty	3195594	ˈpɛˌti
13332	permitting	3195480	pərˈmɪtɪŋ
13333	hyperlink	3195160	ˈhaɪpərlɪŋk
13334	presario	3195104	prɪˈsɑriˌoʊ
13336	som	3194242	sɑm
13337	behave	3193930	bɪˈheɪv
13338	getaway	3193911	ˈgɛtəˌweɪ
13339	bees	3193693	biz
13340	robbins	3193148	ˈrɑbɪnz
13341	zeppelin	3192943	ˈzɛpɪlɪn
13342	felix	3192747	ˈfilɪks
13343	shiny	3192674	ˈʃaɪni
13344	carmel	3192500	
13345	encore	3192276	ˈɑnˌkɔr
13346	smash	3192001	smæʃ
13347	angelina	3191704	ænʤɛˈlinə
13348	kimberly	3191587	ˈkɪmbərli
13349	unsure	3191329	ənˈʃʊr
13350	braun	3190846	brɔn
13351	destructive	3190670	dɪˈstrəktɪv
13352	sockets	3189546	ˈsɑkəts
13353	claimant	3189109	ˈkleɪmənt
13354	dinosaur	3188803	ˈdaɪnəˌsɔr
13356	tac	3187998	tæk
13357	ample	3187842	ˈæmpəl
13358	countless	3187500	ˈkaʊntləs
13359	ashland	3187249	ˈæʃlənd
13360	energies	3186813	ˈɛnərʤiz
13362	repealed	3186146	
13363	royce	3185642	rɔɪs
13364	listeners	3184300	
13365	abusive	3183793	əˈbjusɪv
13366	sophomore	3183619	ˈsɑfˌmɔr
13367	antibiotics	3183025	
13368	landfill	3182721	ˈlændˌfɪl
13369	warehousing	3181734	ˈwɛˌrhaʊzɪŋ
13371	merits	3181319	
13372	scarf	3181107	skɑrf
13373	strangers	3180865	ˈstreɪnʤərz
13374	garland	3180361	ˈgɑrlənd
13378	riviera	3178598	ˌrɪviˈɛrə
13379	apprentice	3177886	
13380	obscure	3177425	əbˈskjʊr
13381	napoleon	3177380	
13382	registrations	3177147	ˌrɛʤɪˈstreɪʃənz
13383	wavelength	3176899	ˈweɪvˌlɛŋθ
13384	glamour	3176022	ˈglæmər
13386	transvestites	3174082	trænzˈvɛstaɪts
13387	hated	3173792	
13388	cheerleaders	3173652	ˈʧɪˌrlidərz
13389	sigh	3173217	saɪ
13390	trolley	3173186	ˈtrɑli
13391	principals	3172781	ˈprɪnsəpəlz
13392	sidney	3171598	ˈsɪdni
13393	friedman	3171449	ˈfridmən
13395	spicy	3170817	ˈspaɪsi
13396	blocker	3170178	ˈblɑkər
13398	frankly	3169461	ˈfræŋkli
13399	hud	3169273	həd
13400	chronological	3169265	ˌkrɑnəˈlɑʤɪkəl
13402	entrepreneurship	3168511	ˌɑntrəprəˈnərʃɪp
13403	itinerary	3168360	aɪˈtɪnərˌɛri
13404	fools	3167945	fulz
13405	beard	3166516	bɪrd
13406	discoveries	3166453	dɪˈskəvəriz
13407	percentile	3165695	pərˈsɛnˌtaɪl
13408	linkage	3165266	
13409	economical	3163608	
13410	miniatures	3163219	
13411	wedge	3162851	wɛʤ
13412	adjusting	3162584	əˈʤəstɪŋ
13413	mock	3161760	mɑk
13414	peggy	3160922	ˈpɛgi
13415	bats	3160196	bæts
13416	patriots	3160132	ˈpeɪtriəts
13417	ruins	3159891	
13419	sheila	3159681	ˈʃilə
13420	ripper	3159169	ˈrɪpər
13421	dependencies	3158474	dɪˈpɛndənsiz
13425	benton	3155858	ˈbɛntən
13426	mcafee	3155707	
13427	chateau	3155646	ʃæˈtoʊ
13428	denis	3155542	ˈdɛnɪs
13429	counselors	3155221	ˈkaʊnsələrz
13430	homestead	3155033	ˈhoʊmˌstɛd
13431	competitiveness	3154751	kəmˈpɛtɪtɪvnɪs
13432	burger	3154636	ˈbərgər
13433	microscopy	3154576	maɪˈkrəskəpi
13434	changer	3154404	ˈʧeɪnʤər
13435	sergeant	3154308	ˈsɑrʤənt
13436	melt	3153948	mɛlt
13437	syrian	3153914	ˈsɪriən
13438	hyper	3153749	ˈhaɪpər
13442	ned	3152758	nɛd
13443	cypress	3152294	
13444	courtney	3151865	ˈkɔrtni
13445	cites	3151464	saɪts
13447	scooters	3150357	ˈskutərz
13450	prospectus	3149682	prəˈspɛktəs
13452	protectors	3148657	prəˈtɛktərz
13453	reactive	3147821	riˈæktɪv
13454	interiors	3146686	ˌɪnˈtɪriərz
13455	encouragement	3146451	ɛnˈkərɪʤmənt
13456	clipboard	3146336	ˈklɪpˌbɔrd
13457	disadvantages	3146043	
13458	gamer	3144985	ˈgeɪmər
13459	alexa	3144869	əˈlɛksə
13460	abbott	3143893	ˈæbət
13461	tailor	3143833	ˈteɪlər
13462	pollutants	3142553	pəˈlutənts
13463	directorate	3142117	
13464	chocolates	3141854	ˈʧɔkləts
13465	faux	3141781	foʊ
13466	supervised	3141620	ˈsupərˌvaɪzd
13467	interpreting	3140617	ˈɪntərˌprɛtɪŋ
13468	savvy	3140230	ˈsævi
13469	pascal	3140118	pæˈskæl
13471	serenity	3139273	sərˈɛnəti
13473	ore	3138666	ɔr
13474	pant	3138558	pænt
13475	sheridan	3138542	ˈʃɛrɪdən
13476	gallons	3138226	ˈgælənz
13477	attainment	3138108	əˈteɪnmənt
13478	sanitary	3137434	ˈsænɪˌtɛri
13479	terri	3137162	ˈtɛri
13480	cooperate	3136641	
13481	dreaming	3136420	ˈdrimɪŋ
13482	norms	3135997	nɔrmz
13483	implants	3135842	
13484	fortunate	3135403	
13486	mushrooms	3134851	ˈməʃrumz
13487	hormones	3134544	ˈhɔrˌmoʊnz
13488	hype	3134220	haɪp
13489	interpretations	3134178	ˌɪnˌtərprɪˈteɪʃənz
13490	geoffrey	3133782	ˈʤɛfri
13491	faults	3133646	fɔlts
13494	silva	3132617	
13495	grease	3132154	gris
13496	diablo	3131983	
13497	urinary	3131792	ˈjərəˌnɛri
13498	cairns	3131719	kɛrnz
13499	institut	3131705	ˈɪnstɪtut
13500	premise	3131689	ˈprɛmɪs
13501	epidemic	3131684	
13502	prima	3131523	ˈprimə
13503	condoms	3131405	ˈkɑndəmz
13504	rite	3131222	raɪt
13505	directives	3130916	
13506	cinnamon	3130642	ˈsɪnəmən
13507	zelda	3130046	ˈzɛldə
13508	lac	3129942	læk
13509	discharged	3129577	
13510	alba	3128968	ˈælbə
13511	underworld	3128412	ˈəndərˌwərld
13512	variants	3128173	ˈvɛriənts
13513	fetal	3127968	ˈfitəl
13514	palms	3127466	
13515	lawsuits	3127389	ˈlɔˌsuts
13516	seated	3127196	
13517	lattice	3126448	ˈlætəs
13518	dong	3126204	
13519	realization	3125978	ˈriləˈzeɪʃən
13520	reportedly	3125324	
13521	absorbed	3125006	əbˈzɔrbd
13523	chord	3123447	kɔrd
13524	edi	3122823	ˈidi
13526	vous	3122142	vu
13527	turf	3121984	tərf
13528	asphalt	3121584	ˈæsˌfɔlt
13529	replay	3121356	riˈpleɪ
13530	improper	3121296	ˌɪmˈprɑpər
13531	flavors	3121207	ˈfleɪvərz
13532	dilemma	3121080	dɪˈlɛmə
13534	rebuilding	3120389	riˈbɪldɪŋ
13535	livingston	3120230	ˈlɪvɪŋstən
13537	commenting	3119037	ˈkɑmɛntɪŋ
13538	shifted	3118000	
13539	tangible	3117941	ˈtænʤəbəl
13540	smoked	3117683	smoʊkt
13541	hawks	3117529	hɔks
13542	ziff	3117162	zɪf
13543	placebo	3116281	pləˈsiboʊ
13544	irons	3116159	aɪərnz
13545	comet	3116034	ˈkɑmət
13546	berg	3115373	bərg
13547	baltic	3115246	ˈbɔltɪk
13548	corrective	3115244	kərˈɛktɪv
13549	competency	3115221	ˈkɑmpətɪnsi
13550	muse	3114242	mjuz
13551	probing	3113887	ˈproʊbɪŋ
13552	teachings	3113457	ˈtiʧɪŋz
13553	tyne	3113078	taɪn
13554	lotto	3112797	
13555	fowler	3112607	ˈfaʊlər
13557	youngest	3111198	ˈjəŋgəst
13558	contingent	3110534	kənˈtɪnʤənt
13559	refreshing	3110131	rɪˈfrɛʃɪŋ
13560	textures	3108758	ˈtɛksʧərz
13562	syrup	3108136	
13564	warmth	3107429	wɔrmθ
13565	hawkins	3107146	ˈhɔkɪnz
13566	dep	3107120	dɛp
13567	lust	3106979	ləst
13568	correlated	3106557	ˈkɔrəˌleɪtəd
13569	augustine	3106191	
13570	dominion	3106048	dəˈmɪnjən
13571	verses	3104329	ˈvərsɪz
13572	seagate	3103598	ˈsiˌgeɪt
13573	nanotechnology	3103490	ˌnænoʊˌtɛkˈnɑləˌʤi
13574	astronomical	3103128	ˌæstrəˈnɑmɪkəl
13575	solvent	3101965	ˈsɑlvənt
13576	toggle	3101854	ˈtɑgəl
13577	luna	3101673	ˈlunə
13578	amplitude	3100838	ˈæmpləˌtud
13579	aesthetic	3100660	ɛsˈθɛtɪk
13580	commercially	3100614	kəˈmərʃəli
13582	dion	3100513	
13583	wolfgang	3100401	ˈwʊlfˌgæŋ
13584	spacing	3099202	ˈspeɪsɪŋ
13585	frameworks	3098142	ˈfreɪmˌwərks
13586	completeness	3098125	kəmˈplitnəs
13587	irregular	3097883	ˌɪˈrɛgjələr
13588	barker	3096553	ˈbɑrkər
13589	solids	3096318	ˈsɑlədz
13590	mergers	3096122	ˈmərʤərz
13591	capturing	3096013	ˈkæpʧərɪŋ
13592	filtration	3095699	fɪlˈtreɪʃən
13593	certify	3095645	ˈsərtəˌfaɪ
13595	consulted	3094839	
13596	realised	3094838	ˈriəˌlaɪzd
13598	jude	3094127	ʤud
13599	eighteen	3094087	
13600	singular	3093829	ˈsɪŋgjələr
13601	incremental	3093421	ˌɪnkrəˈmɛntəl
13602	jennings	3093291	ˈʤɛnɪŋz
13603	demons	3092729	ˈdimənz
13604	unacceptable	3092460	ˌənækˈsɛptəbəl
13605	redistribute	3092057	ˌridɪˈstrɪbjut
13606	coping	3091883	ˈkoʊpɪŋ
13607	corr	3090405	kɔr
13608	baxter	3090221	ˈbækstər
13609	outbreak	3090168	ˈaʊtˌbreɪk
13610	abdominal	3090148	
13612	deficiencies	3087091	dɪˈfɪʃənsiz
13613	curved	3086969	kərvd
13614	milestone	3086751	ˈmaɪlˌstoʊn
13615	erase	3086642	
13616	lien	3086579	lin
13617	nip	3086133	nɪp
13618	bites	3086130	baɪts
13619	prose	3085898	proʊz
13620	marx	3085665	mɑrks
13621	incidental	3084963	ˌɪnsɪˈdɛntəl
13622	toni	3084744	ˈtoʊni
13623	arguing	3084735	ˈɑrgjuɪŋ
13624	vein	3084240	veɪn
13625	scalable	3084063	ˈskeɪləbəl
13626	hale	3083225	heɪl
13628	swear	3082372	swɛr
13629	intra	3081776	ˈɪntrə
13630	bel	3081561	bɛl
13631	clown	3081501	klaʊn
13632	spontaneous	3080831	spɑnˈteɪniəs
13633	summers	3080503	ˈsəmərz
13634	taboo	3079923	tæˈbu
13635	equestrian	3079864	ɪkˈwɛstriən
13636	wetland	3078212	ˈwɛˌtlænd
13637	olson	3078156	ˈoʊlsən
13638	methodologies	3078109	ˌmɛθoʊˈdɑləʤiz
13639	malicious	3077492	məˈlɪʃəs
13640	consume	3077450	kənˈsum
13641	amazed	3077159	əˈmeɪzd
13642	fourteen	3076740	
13643	legislators	3076549	ˈlɛʤəsˌleɪtərz
13644	volcano	3076134	vɑlˈkeɪnoʊ
13645	capacities	3076004	
13646	fremont	3075952	ˈfrimɑnt
13647	skeleton	3075011	ˈskɛlətən
13648	someday	3074927	ˈsəmˌdeɪ
13650	sha	3073678	ʃɑ
13651	suspects	3073379	
13652	displaced	3072839	dɪˈspleɪst
13653	sounded	3072513	ˈsaʊndɪd
13654	exporter	3072252	ɪkˈspɔrtər
13655	honesty	3072193	ˈɑnəsti
13656	dwarf	3072068	dwɔrf
13658	hum	3070763	həm
13659	bis	3068458	bɪs
13660	northeastern	3068125	ˌnɔrˈθistərn
13662	shocks	3067296	ʃɑks
13663	rewarding	3066813	
13664	killers	3066658	ˈkɪlərz
13665	battalion	3066598	bəˈtæljən
13666	multicultural	3066342	ˌməltiˈkəlʧərəl
13667	lasers	3066286	ˈleɪzərz
13668	candid	3066199	
13669	schooling	3065877	ˈskulɪŋ
13670	dataset	3064674	ˈdeɪtəˌsɛt
13671	thornton	3063787	ˈθɔrntən
13672	schoolgirl	3063313	ˈskulˌgərl
13673	caesar	3063233	ˈsizər
13674	savers	3063213	ˈseɪvərz
13675	powerpc	3063041	ˈpaʊərˈpiˈsi
13676	pines	3062800	paɪnz
13677	steelers	3062232	ˈstilərz
13678	stellar	3062189	ˈstɛlər
13679	davenport	3061454	ˈdævənˌpɔrt
13680	locating	3061095	ˈloʊˌkeɪtɪŋ
13681	monogram	3060555	ˈmɑnəˌgræm
13682	philippe	3060476	fɪˈlipeɪ
13683	enhances	3059890	ɛnˈhænsɪz
13684	aix	3058682	
13685	fucks	3058134	fəks
13686	relational	3057616	riˈleɪʃənəl
13687	ornament	3057576	ˈɔrnəmənt
13688	graffiti	3056453	grəˈfiti
13689	cassettes	3055743	kəˈsɛts
13690	pussies	3055728	ˈpʊsiz
13691	urges	3054809	
13692	sophie	3054739	ˈsoʊfi
13694	tiff	3054216	tɪf
13696	refrigeration	3053488	rɪˌfrɪʤərˈeɪʃən
13697	attacking	3052252	əˈtækɪŋ
13698	microscope	3052163	ˈmaɪkrəˌskoʊp
13699	houghton	3050558	
13700	countdown	3050522	ˈkaʊntˌdaʊn
13701	threaten	3050485	θˈrɛtən
13702	decker	3050142	ˈdɛkər
13704	bait	3049271	beɪt
13706	badges	3048651	ˈbæʤɪz
13707	enron	3048638	ˈɛnrɑn
13708	kitten	3048546	ˈkɪtən
13710	broadcasts	3047788	ˈbrɔdˌkæsts
13711	brides	3047745	braɪdz
13712	dent	3046809	dɛnt
13714	stealing	3046130	ˈstilɪŋ
13715	bullets	3045974	ˈbʊləts
13716	emphasized	3045963	ˈɛmfəˌsaɪzd
13717	glossy	3045309	ˈglɔsi
13718	informations	3044128	ˌɪnˈfɔrˈmeɪʃənz
13719	haired	3043626	hɛrd
13720	directional	3043168	
13721	breeders	3042337	ˈbridərz
13722	alterations	3042306	ˌɔltərˈeɪʃənz
13723	pablo	3042285	ˈpɑbloʊ
13724	lethal	3040987	ˈliθəl
13725	biographical	3038522	ˌbaɪəˈgræfɪkəl
13726	confirms	3037668	kənˈfərmz
13727	cavity	3037278	ˈkævəti
13728	molded	3035204	
13729	vladimir	3034603	vˈlædəmɪr
13730	ida	3034017	ˈaɪdə
13731	probate	3033985	ˈproʊˌbeɪt
13732	terrestrial	3033276	tərˈɛstriəl
13733	decals	3033263	ˈdiˌkælz
13734	completes	3032972	kəmˈplits
13735	beams	3032813	bimz
13736	props	3032812	prɑps
13737	incense	3032805	
13738	formulated	3032757	
13739	dough	3032657	doʊ
13740	stool	3031945	stul
13741	macs	3031589	mæks
13742	towing	3031539	toʊɪŋ
13743	welch	3031408	wɛlʧ
13744	rosemary	3030760	ˈroʊzˌmɛri
13745	millionaire	3029469	ˌmɪljəˈnɛr
13746	turquoise	3029244	ˈtərkwɔɪz
13747	archival	3028510	ɑrˈkaɪvəl
13748	seismic	3028135	ˈsaɪzmɪk
13749	exposures	3027680	ɪkˈspoʊʒərz
13750	baccarat	3027417	ˌbɑkərˈɑ
13751	boone	3027314	bun
13752	substituted	3027233	ˈsəbstəˌtutəd
13753	horde	3026646	hɔrd
13754	paperwork	3026360	ˈpeɪpərˌwərk
13755	mommy	3025970	ˈmɑmi
13756	teenager	3025962	ˈtiˌneɪʤər
13757	nanny	3025474	ˈnæni
13758	suburb	3025325	ˈsəbərb
13759	hutchinson	3025245	ˈhəʧɪnsən
13760	smokers	3024584	sˈmoʊkərz
13761	cohort	3024028	ˈkoʊhɔrt
13762	succession	3023429	səkˈsɛʃən
13763	declining	3023427	dɪˈklaɪnɪŋ
13764	alliances	3023330	əˈlaɪənsɪz
13765	sums	3022843	səmz
13766	lineup	3022552	ˈlaɪˌnəp
13767	averaged	3021741	ˈævrɪʤd
13768	hotspot	3021698	ˈhɑtˌspɑt
13769	bellevue	3021562	ˈbɛlvˌju
13770	glacier	3021561	ˈgleɪʃər
13771	pueblo	3021546	pˈwɛbloʊ
13774	rigorous	3020634	ˈrɪgərəs
13776	worksheet	3019301	ˈwərkˌʃit
13777	allocate	3019079	ˈæləˌkeɪt
13778	relieve	3018810	
13779	aftermath	3018203	ˈæftərˌmæθ
13780	roach	3017586	roʊʧ
13781	clarion	3017281	ˈklɛriən
13782	override	3017162	ˈoʊvərˌraɪd
13783	angus	3016497	ˈæŋgəs
13784	enthusiastic	3015772	ɪnˌθuziˈæstɪk
13785	lame	3015528	leɪm
13786	continuum	3015510	kənˈtɪnjuəm
13787	squeeze	3015480	skwiz
13788	feng	3014892	fɛŋ
13789	sar	3014777	sɑr
13790	burgundy	3013476	ˈbərgəndi
13791	struggles	3012492	ˈstrəgəlz
13792	pep	3012344	pɛp
13793	farewell	3012087	ˌfɛrˈwɛl
13794	soho	3012062	ˈsoʊhoʊ
13795	ashes	3011008	ˈæʃɪz
13796	vanguard	3010646	ˈvænˌgɑrd
13797	nylons	3010458	ˈnaɪˌlɑnz
13799	natal	3010028	
13800	locus	3009222	ˈloʊkəs
13802	hillary	3009034	ˈhɪləri
13803	evenings	3008865	ˈivnɪŋz
13804	misses	3008606	ˈmɪsɪz
13805	troubles	3008382	ˈtrəbəlz
13806	factual	3008091	ˈfækʧuəl
13808	tutoring	3007595	ˈtutərɪŋ
13809	spectroscopy	3007586	spɛkˈtrɑskəpi
13810	gemstone	3006848	ˈʤɛmˌstoʊn
13813	elton	3006085	ˈɛltən
13814	purity	3005735	
13815	shaking	3005624	ˈʃeɪkɪŋ
13816	unregistered	3004589	ənˈrɛʤɪstərd
13817	witnessed	3002335	ˈwɪtnəst
13818	cellar	3002258	ˈsɛlər
13819	moto	3001796	ˈmoʊtoʊ
13820	gonzalez	3001256	gɑnˈzɑləz
13821	friction	3001167	ˈfrɪkʃən
13822	prone	3001079	proʊn
13823	valerie	3000946	ˈvæləri
13824	enclosures	3000848	ɪnˈkloʊʒərz
13825	dior	3000770	diɔr
13826	mer	3000228	
13827	equitable	3000227	
13828	fuse	2999474	fjuz
13829	lobster	2997879	ˈlɑbstər
13830	pops	2997678	pɑps
13831	osha	2997648	ˈoʊʃə
13832	judaism	2997425	
13833	goldberg	2996717	ˈgoʊldbərg
13834	atlantis	2996210	
13835	amid	2994953	əˈmɪd
13836	onions	2994892	ˈənjənz
13837	preteen	2993232	ˌpriˈtin
13838	bonding	2991787	ˈbɑndɪŋ
13839	insurers	2991634	ˌɪnˈʃʊrərz
13840	prototypes	2991340	ˈproʊtoʊˌtaɪps
13842	crosses	2991145	ˈkrɔsɪz
13843	proactive	2990726	ˌproʊˈæktɪv
13844	issuer	2990187	ˈɪʃuər
13845	uncomfortable	2989842	ənˈkəmfərtəbəl
13846	sylvia	2989758	ˈsɪlviə
13847	furnace	2989498	ˈfərnəs
13848	sponsoring	2989475	ˈspɑnsərɪŋ
13849	poisoning	2989025	ˈpɔɪzənɪŋ
13850	doubled	2988769	ˈdəbəld
13851	malaysian	2988561	məˈleɪʒən
13852	clues	2988321	kluz
13853	inflammation	2988315	ˌɪnfləˈmeɪʃən
13854	rabbits	2987721	ˈræbəts
13856	transported	2986479	trænˈspɔrtəd
13857	crews	2986282	kruz
13858	easton	2986073	ˈistən
13859	goodwill	2985605	ˈgʊdˈwɪl
13860	sentencing	2985420	ˈsɛntənsɪŋ
13861	bulldogs	2985164	ˈbʊlˌdɔgz
13862	worthwhile	2984982	ˈwərθˈwaɪl
13863	ideology	2984596	ˌaɪdiˈɑləʤi
13864	anxious	2984563	
13865	tariffs	2983891	ˈtɛrəfs
13866	norris	2983782	ˈnɔrɪs
13868	cervical	2982755	
13869	baptism	2982668	ˈbæptɪzəm
13870	cutlery	2982254	ˈkətləri
13871	overlooking	2981818	ˈoʊvərˌlʊkɪŋ
13872	tallahassee	2981773	ˌtæləˈhæsi
13874	knot	2980542	nɑt
13875	attribution	2980395	ˌætrɪˈbjuʃən
13876	rad	2980258	ræd
13877	gut	2979963	gət
13878	staffordshire	2979491	
13879	factories	2979486	ˈfæktəriz
13881	swords	2979433	sɔrdz
13882	advancing	2978593	ədˈvænsɪŋ
13883	yep	2978207	jɛp
13884	timed	2978189	taɪmd
13885	evolve	2978181	
13886	yuan	2977890	juɑn
13888	differs	2977596	ˈdɪfərz
13890	suspicious	2975648	səˈspɪʃəs
13891	leased	2975373	list
13892	subscribed	2975066	səbˈskraɪbd
13893	tate	2974811	teɪt
13894	starters	2974525	ˈstɑrtərz
13895	dartmouth	2974387	ˈdɑrtməθ
13896	brewing	2974086	bruɪŋ
13897	coop	2973997	kup
13899	bur	2973485	bər
13900	blossom	2972811	ˈblɑsəm
13901	scare	2972708	skɛr
13902	confessions	2971262	kənˈfɛʃənz
13903	bergen	2971198	ˈbərgən
13904	lowered	2971192	loʊərd
13905	kris	2970945	krɪs
13906	thief	2970770	θif
13907	prisons	2970138	ˈprɪzənz
13908	pictured	2969267	ˈpɪkʧərd
13909	feminine	2969201	ˈfɛmənən
13911	grabbed	2968771	græbd
13912	rocking	2968423	ˈrɑkɪŋ
13914	nichols	2967481	ˈnɪkəlz
13915	regs	2967064	rɛgz
13916	blackwell	2966857	ˈblækˌwɛl
13917	fulfilled	2964755	fʊlˈfɪld
13918	sweets	2964693	swits
13919	nautical	2964256	ˈnɔtəkəl
13920	imprisonment	2964248	ˌɪmˈprɪzənmənt
13921	employs	2964062	
13922	gutenberg	2963922	ˈgutənbərg
13923	bubbles	2963701	ˈbəbəlz
13924	ashton	2963563	ˈæʃtən
13925	pitcher	2963438	ˈpɪʧər
13927	standby	2963191	ˈstændˈbaɪ
13928	judgments	2961977	ˈʤəʤmənts
13929	muscular	2961759	ˈməskjələr
13930	motif	2961524	moʊˈtif
13931	illnesses	2961377	ˈɪlnəsɪz
13932	plum	2961363	pləm
13933	saloon	2961006	səˈlun
13934	prophecy	2960788	ˈprɑfəsi
13935	loft	2959995	lɔft
13937	unisex	2959687	ˈjunɪˌsɛks
13938	historian	2958034	hɪˈstɔriən
13939	wallets	2957696	ˈwɔləts
13940	identifiable	2957577	aɪˈdɛntəˌfaɪəbəl
13941	elm	2957553	ɛlm
13942	facsimile	2956598	fækˈsɪməli
13943	hurts	2956264	hərts
13944	ethanol	2955612	ˈɛθəˌnɔl
13945	cannabis	2954641	ˈkænəbəs
13946	folded	2954459	
13948	sofia	2954155	soʊˈfiə
13950	comprise	2953455	kəmˈpraɪz
13952	lump	2952774	ləmp
13954	disposed	2952327	dɪˈspoʊzd
13955	subtitle	2951333	ˈsəbˌtaɪtəl
13956	chestnut	2951306	
13957	librarians	2950852	laɪˈbrɛˌriənz
13958	engraved	2950835	ɪnˈgreɪvd
13959	halt	2950571	hɔlt
13960	alta	2950434	ˈɑltə
13961	manson	2950031	ˈmænsən
13963	pastoral	2946809	ˈpæstərəl
13964	unpaid	2946577	ənˈpeɪd
13965	ghosts	2946325	goʊsts
13966	powerbook	2946152	ˈpaʊərˌbʊk
13967	doubts	2945460	daʊts
13968	locality	2945277	loʊˈkæləti
13969	substantive	2944502	ˈsəbstəntɪv
13970	bulletins	2943858	ˈbʊlətənz
13971	worries	2943471	ˈwəriz
13972	hug	2943073	həg
13973	rejects	2942672	
13974	spear	2942538	spɪr
13975	nigel	2942111	ˈnaɪʤəl
13976	referee	2941934	ˌrɛfərˈi
13977	transporter	2941706	trænˈspɔrtər
13978	jolie	2941614	ˌʤoʊˈli
13979	swinger	2941608	sˈwɪŋər
13980	broadly	2941435	ˈbrɔdli
13981	ethereal	2941063	ɪˈθɪriəl
13982	crossroads	2940390	ˈkrɔsˌroʊdz
13983	aero	2940313	ˈɛroʊ
13984	constructing	2940002	kənˈstrəktɪŋ
13985	smoothly	2939650	sˈmuðli
13986	parsons	2939565	ˈpɑrsənz
13987	bury	2938393	ˈbɛri
13988	infiniti	2938202	ˌɪnˈfɪnɪti
13989	blanc	2937810	blæŋk
13990	autonomy	2937673	
13991	bounded	2936998	
13993	williamsburg	2936607	ˈwɪljəmzbərg
13994	insist	2936535	ˌɪnˈsɪst
13995	birch	2936180	bərʧ
13997	slash	2935535	slæʃ
13998	snyder	2935183	sˈnaɪdər
13999	budgeting	2935069	ˈbəʤɪtɪŋ
14000	exercised	2935026	ˈɛksərˌsaɪzd
14001	backpacks	2934944	ˈbækˌpæks
14002	detecting	2934762	dɪˈtɛktɪŋ
14003	resale	2934694	ˈriˌseɪl
14004	mikes	2933878	maɪks
14005	howell	2933861	haʊəl
14006	digestive	2933689	daɪˈʤɛstɪv
14007	scalar	2933537	ˈskeɪlər
14008	entertain	2933389	
14009	cinderella	2932912	ˌsɪndərˈɛlə
14010	unresolved	2932746	ənrɪˈzɑlvd
14011	sesame	2932722	ˈsɛsəmi
14012	hep	2932339	hɛp
14013	duct	2931962	dəkt
14014	touches	2931504	
14015	seiko	2930676	ˈseɪkoʊ
14016	electromagnetic	2930287	ˌɪˌlɛktroʊmægˈnɛtɪk
14019	joanne	2928609	ʤoʊæn
14020	housewife	2928414	ˈhaʊsˌwaɪf
14023	pursued	2927218	pərˈsud
14024	validated	2926787	ˈvælədeɪtəd
14025	lend	2926360	lɛnd
14027	corvette	2925839	kɔrˈvɛt
14028	yachts	2925303	jɑts
14029	stacy	2924335	ˈsteɪsi
14030	christie	2923926	ˈkrɪsti
14031	unrelated	2923407	
14032	lois	2923305	loʊəs
14033	levi	2923262	ˈlivaɪ
14034	annotate	2923120	ˈænəˌteɪt
14035	stimulating	2923056	ˈstɪmjəˌleɪtɪŋ
14036	mont	2922608	mɑnt
14038	misuse	2922159	
14039	helix	2921411	ˈhilɪks
14040	cosmos	2921384	ˈkɑzmoʊs
14041	speculation	2921087	ˌspɛkjəˈleɪʃən
14043	dixie	2920964	ˈdɪksi
14044	pans	2920624	pænz
14045	enforced	2920500	ɛnˈfɔrst
14046	legion	2920122	ˈliʤən
14048	fulfillment	2919654	fʊlˈfɪlmənt
14049	biomass	2918738	ˈbaɪəmæs
14050	assertion	2917932	əˈsərʃən
14052	hierarchical	2917623	ˌhaɪˈrɑrkəkəl
14053	lesions	2917531	ˈliʒənz
14054	shook	2917411	ʃʊk
14055	lincolnshire	2916799	ˈlɪŋkənˌʃɪr
14056	financed	2915964	
14057	dismissal	2915030	dɪsˈmɪsəl
14058	surnames	2914992	ˈsərˌneɪmz
14059	mah	2914980	mɑ
14060	reconditioned	2914457	ˌrikənˈdɪʃənd
14061	shocking	2913791	ˈʃɑkɪŋ
14062	allergic	2913453	əˈlərʤɪk
14063	overland	2913342	
14064	prolonged	2913107	prəˈlɔŋd
14065	isaiah	2912696	ˌaɪˈzeɪə
14066	backbone	2912486	ˈbækˌboʊn
14069	unanimously	2911356	juˈnænəməsli
14070	eliminates	2910830	ɪˈlɪməˌneɪts
14071	sausage	2910814	
14072	addict	2910117	
14073	matte	2909215	mæt
14074	neighboring	2909095	ˈneɪbərɪŋ
14075	uncommon	2909018	ənˈkɑmən
14076	centralized	2908996	ˈsɛntrəˌlaɪzd
14077	stratford	2908792	ˈstrætfərd
14078	heidi	2908650	ˈhaɪdi
14079	melanie	2907466	ˈmɛləni
14080	objections	2906693	əˈbʤɛkʃənz
14081	unpublished	2905962	ənˈpəblɪʃt
14082	ames	2905532	eɪmz
14083	slaughter	2905481	sˈlɔtər
14084	enlightenment	2905016	ˌɛnˈlaɪtənmənt
14085	pistol	2904815	ˈpɪstəl
14086	juniors	2904014	ˈʤunjərz
14087	rockets	2903678	ˈrɑkəts
14089	metering	2903055	ˈmitərɪŋ
14090	seymour	2902995	ˈsimɔr
14091	genetically	2902834	ʤəˈnɛtɪkli
14092	zebra	2902469	ˈzibrə
14093	runway	2901389	ˈrənˌweɪ
14094	arithmetic	2900993	
14095	supposedly	2900944	səˈpoʊzədli
14096	admits	2899936	ədˈmɪts
14097	bombay	2899642	bɑmˈbeɪ
14098	originals	2899525	ərˈɪʤənəlz
14099	enrichment	2898868	
14100	chennai	2898235	ˈʧɛˌnaɪ
14101	milford	2898231	ˈmɪlfərd
14102	buckle	2898037	ˈbəkəl
14103	bartlett	2897791	ˈbɑrtlɪt
14104	fetch	2897593	fɛʧ
14105	kitchens	2897588	ˈkɪʧənz
14106	ions	2896976	aɪɑnz
14107	asshole	2896770	ˈæshoʊl
14108	wat	2896705	wɔt
14109	rey	2896655	reɪ
14110	divers	2896551	ˈdaɪvərz
14112	townsend	2896222	ˈtaʊnzənd
14113	blackburn	2896209	ˈblækbərn
14114	glendale	2896150	ˈglɛnˌdeɪl
14115	speedway	2896052	ˈspidˌweɪ
14116	founders	2895564	ˈfaʊndərz
14117	sweatshirts	2895332	sˈwɛtˌʃərts
14118	sundays	2895322	
14119	upside	2894930	ˈəpˈsaɪd
14120	admiral	2894800	ˈædmərəl
14121	yay	2893326	jeɪ
14122	patron	2892996	ˈpeɪtrən
14123	sandwiches	2892868	
14124	sinclair	2892753	
14125	boiler	2892727	ˈbɔɪlər
14126	anticipate	2892087	ænˈtɪsəˌpeɪt
14129	induce	2891148	ˌɪnˈdus
14130	annapolis	2890978	əˈnæpəlɪs
14131	padding	2890936	ˈpædɪŋ
14132	recruiter	2890675	rɪˈkrutər
14133	popcorn	2889969	ˈpɑpˌkɔrn
14134	espanol	2889841	ˌɛspɑnˈjoʊl
14135	disadvantaged	2889348	
14137	diagonal	2888910	daɪˈægənəl
14138	unite	2888724	ˈjuˌnaɪt
14139	cracked	2888206	krækt
14140	debtor	2887944	ˈdɛtər
14141	polk	2887648	
14142	mets	2887566	mɛts
14145	shear	2886210	ʃɪr
14146	mortal	2886162	ˈmɔrtəl
14147	sovereignty	2885932	ˈsɑvrənti
14148	supermarket	2885844	ˈsupərˌmɑrkɪt
14149	franchises	2884783	ˈfrænˌʧaɪzɪz
14150	rams	2884604	ræmz
14151	cleansing	2884249	ˈklɛnzɪŋ
14153	boo	2884230	bu
14156	gown	2882930	gaʊn
14158	ponds	2882178	pɑndz
14159	archery	2882154	ˈɑrʧəri
14160	refuses	2881547	
14161	excludes	2880324	ɪkˈskludz
14163	sabbath	2879663	ˈsæbəθ
14164	ruin	2879219	
14165	trump	2879094	trəmp
14166	nate	2878913	neɪt
14167	escaped	2878893	ɪˈskeɪpt
14168	precursor	2878856	priˈkərsər
14169	mates	2878121	meɪts
14171	avian	2877167	ˈeɪviən
14173	stella	2876513	ˈstɛlə
14174	visas	2876354	ˈvizəz
14175	matrices	2875818	ˈmeɪtrɪsɪz
14176	anyways	2874936	ˈɛniˌweɪz
14178	passages	2874522	
14179	etiology	2874131	
14181	cereal	2871293	ˈsɪriəl
14182	comprehension	2870530	ˌkɑmpriˈhɛnʃən
14185	tow	2869301	toʊ
14186	resolving	2869298	riˈzɑlvɪŋ
14187	mellon	2868835	ˈmɛlən
14188	drills	2868306	drɪlz
14190	alexandra	2867867	
14191	champ	2867858	ʧæmp
14193	hospice	2867761	ˈhɑspəs
14195	agreeing	2867051	əˈgriɪŋ
14197	exhibitor	2866316	ɪgˈzɪbətər
14198	rented	2865890	
14199	deductions	2865841	dɪˈdəkʃənz
14200	harrisburg	2865598	
14201	brushed	2865016	brəʃt
14202	augmentation	2864943	ˌɑgmɛnˈteɪʃən
14203	otto	2864525	ˈɑˌtoʊ
14204	annuity	2864316	
14205	assortment	2863593	əˈsɔrtmənt
14206	credible	2863534	ˈkrɛdəbəl
14207	sportswear	2862863	ˈspɔrtsˌwɛr
14209	cultured	2862362	ˈkəlʧərd
14210	importing	2862094	ˌɪmˈpɔrtɪŋ
14211	deliberately	2862093	
14212	recap	2861982	
14213	openly	2861856	ˈoʊpənli
14214	toddlers	2861828	ˈtɑdlərz
14215	astro	2860399	ˈæstroʊ
14216	crawl	2859784	krɔl
14217	chanel	2859297	ʃəˈnɛl
14218	theo	2859183	ˈθioʊ
14219	sparkling	2859116	
14221	hgh	2857258	ˈeɪˈʧʤiˈeɪʧ
14222	bindings	2857186	ˈbaɪndɪŋz
14224	convincing	2856694	kənˈvɪnsɪŋ
14225	rotate	2856677	ˈroʊˌteɪt
14226	flaws	2856172	flɔz
14227	este	2855667	ˈɛsteɪ
14228	tracing	2855401	ˈtreɪsɪŋ
14229	deviations	2855243	diviˈeɪʃənz
14230	incomes	2854711	ˈɪnˌkəmz
14231	fema	2854244	ˈfimə
14233	amortization	2853615	ˌæmərtɪˈzeɪʃən
14234	neurology	2853302	nʊˈrɑləʤi
14235	ack	2852879	æk
14236	fragile	2852127	ˈfræʤəl
14237	jeremiah	2852079	ˌʤɛrəˈmaɪə
14238	sapiens	2852012	ˈseɪpiənz
14240	olsen	2851762	ˈoʊlsən
14241	serbian	2850762	ˈsərbiən
14242	radiator	2850529	ˈreɪdiˌeɪtər
14244	competencies	2849437	ˈkɑmpətɪnsiz
14245	restoring	2847991	rɪˈstɔrɪŋ
14246	sanchez	2847729	ˈsænʧɛz
14247	rushing	2847595	ˈrəʃɪŋ
14248	behold	2847118	bɪˈhoʊld
14249	amherst	2846723	ˈæmərst
14250	alteration	2846655	ˌɔltərˈeɪʃən
14252	trainee	2844915	ˈtreɪˈni
14253	nielsen	2844826	ˈnilsən
14254	podcasting	2844136	ˈpɔdˌkæstɪŋ
14255	murdered	2843529	ˈmərdərd
14256	centennial	2843140	sɛnˈtɛniəl
14257	tuna	2842548	ˈtunə
14258	bluegrass	2842501	ˈbluˌgræs
14259	hazel	2841268	ˈheɪzəl
14260	wipe	2841184	waɪp
14261	ledger	2840827	ˈlɛʤər
14262	scarlet	2840266	ˈskɑrlət
14263	crushed	2840208	krəʃt
14264	acronyms	2840173	ˈækrənɪmz
14265	laughs	2839804	læfs
14266	connie	2838668	ˈkɔni
14267	autographed	2838531	ˈɔtəˌgræft
14268	referendum	2838258	ˌrɛfərˈɛndəm
14269	modulation	2837610	ˌmɑʤəˈleɪʃən
14270	statues	2837498	ˈstæˌʧuz
14271	depths	2836629	dɛpθs
14272	spices	2836609	
14273	communion	2836584	kəmˈjunjən
14274	loader	2836507	ˈloʊdər
14275	uncertainties	2835124	ənˈsərtəntiz
14276	colonies	2835074	ˈkɑləniz
14277	followers	2834316	ˈfɑloʊərz
14278	caldwell	2833760	ˈkɔldwɛl
14279	latency	2833462	ˈleɪtənsi
14280	themed	2833049	θimd
14281	messy	2833021	ˈmɛsi
14282	squadron	2833002	skˈwɑdrən
14285	rupee	2831536	ruˈpi
14287	subsidy	2830929	ˈsəbsɪdi
14288	demolition	2830701	ˌdɛməˈlɪʃən
14289	irene	2830387	aɪˈrin
14290	empowerment	2829471	ɪmˈpaʊərmənt
14291	felony	2828329	ˈfɛləni
14292	lungs	2828099	ləŋz
14293	monuments	2827606	
14294	veronica	2827245	vərˈɑnɪkə
14295	filtered	2826739	ˈfɪltərd
14296	replacements	2826285	riˈpleɪsmənts
14297	growers	2826087	groʊərz
14298	vinci	2825779	
14299	subtitles	2825488	ˈsəbˌtaɪtəlz
14302	haul	2825285	hɔl
14303	acupuncture	2825171	ˈækjuˌpəŋkʧər
14304	workload	2824856	ˈwərˌkloʊd
14305	acknowledgement	2823891	ækˈnɑlɪʤmənt
14306	highlighting	2823564	ˈhaɪˌlaɪtɪŋ
14307	duly	2823211	ˈduli
14308	roasted	2822882	
14309	tenders	2822708	ˈtɛndərz
14310	inviting	2822014	ˌɪnˈvaɪtɪŋ
14311	rig	2821809	rɪg
14313	grassroots	2821246	ˈgræsˈruts
14314	mick	2821071	mɪk
14316	redevelopment	2820529	ˌridɪˈvɛləpmənt
14317	mustard	2820441	ˈməstərd
14318	strait	2820437	streɪt
14319	masterpiece	2820342	ˈmæstərˌpis
14320	obey	2820117	oʊˈbeɪ
14321	cellphone	2819831	ˈsɛlfoʊn
14322	donkey	2819753	
14323	sax	2819089	sæks
14324	jacks	2818856	ʤæks
14325	conceived	2818126	kənˈsivd
14326	triggered	2818102	ˈtrɪgərd
14327	boasts	2817353	boʊsts
14328	praying	2816625	preɪɪŋ
14329	oss	2816145	ɔs
14330	multiply	2815756	ˈməltəˌplaɪ
14331	intercourse	2815487	
14333	radial	2815296	ˈreɪdiəl
14334	mare	2814699	mɛr
14335	routinely	2814368	ruˈtinli
14336	instructed	2814313	
14337	stole	2814273	stoʊl
14338	kirby	2813914	ˈkərbi
14339	armour	2813708	ˈɑrmər
14340	summarized	2813586	ˈsəmərˌaɪzd
14341	avalanche	2813307	ˈævəˌlænʧ
14343	northampton	2812978	ˌnɔrˈθæmptən
14344	uploading	2812451	ˈəˌploʊdɪŋ
14345	manuscripts	2812288	ˈmænjəˌskrɪpts
14346	managerial	2811433	ˌmænɪˈʤɪriəl
14348	cary	2811065	ˈkɛri
14349	celine	2810464	səˈlin
14350	exhibited	2810420	ɪgˈzɪbətəd
14351	disciples	2810173	dɪˈsaɪpəlz
14352	shaving	2809902	ˈʃeɪvɪŋ
14355	bishops	2808778	ˈbɪʃəps
14356	kite	2808067	kaɪt
14357	destroying	2808051	dɪˈstrɔɪɪŋ
14358	humorous	2807909	ˈhjumərəs
14359	tonnes	2807733	tənz
14361	thunderbird	2806892	ˈθəndərˌbərd
14363	corona	2806095	kərˈoʊnə
14364	heap	2806006	hip
14365	griffith	2805409	
14366	investigative	2805050	ˌɪnˈvɛstəˌgeɪtɪv
14368	bylaws	2804626	ˈbaɪˌlɔz
14369	erection	2804128	ɪˈrɛkʃən
14370	quasi	2804115	kˈwɑsi
14372	lao	2803492	laʊ
14373	energetic	2803159	ˌɛnərˈʤɛtɪk
14374	disturbance	2802921	dɪˈstərbəns
14375	saunders	2802643	ˈsɔndərz
14376	ribbons	2802552	ˈrɪbənz
14377	jew	2802302	ʤu
14379	exile	2801261	
14380	breastfeeding	2799335	ˈbrɛstfidɪŋ
14382	reside	2798670	
14383	mccartney	2798463	məˈkɑrtni
14384	anglo	2798286	ˈæŋgloʊ
14385	cashier	2797992	kæˈʃɪr
14386	kathryn	2797666	ˈkæθrɪn
14387	jaw	2797270	ʤɔ
14388	butterflies	2796791	ˈbətərˌflaɪz
14389	eats	2796682	its
14390	randomized	2796621	ˈrændəˌmaɪzd
14391	knots	2796342	nɑts
14392	flea	2796116	fli
14393	motivational	2795731	ˌmoʊtəˈveɪʃənəl
14395	anton	2794807	ˈænˌtɔn
14396	pals	2794625	pælz
14398	gerry	2794486	ˈʤɛri
14399	celebrates	2794271	ˈsɛləˌbreɪts
14400	hail	2794165	heɪl
14401	armenian	2794097	ɑrˈminiən
14402	longitudinal	2794093	ˌlɑnʤəˈtudənəl
14403	historians	2793972	hɪˈstɔriənz
14404	realities	2793717	ˌriˈæləˌtiz
14405	kappa	2793667	ˈkæpə
14406	mentions	2793520	ˈmɛnʃənz
14407	samson	2793475	ˈsæmsən
14408	neuroscience	2793239	nˈjʊroʊˌsaɪəns
14409	blender	2793188	ˈblɛndər
14410	jumps	2793122	ʤəmps
14411	fleming	2792888	ˈflɛmɪŋ
14412	blaster	2791850	ˈblæstər
14413	optimistic	2791411	ˌɑptɪˈmɪstɪk
14414	remediation	2791251	rɪˌmidiˈeɪʃən
14415	wasting	2791022	ˈweɪstɪŋ
14416	decoder	2790984	dɪˈkoʊdər
14417	genocide	2790711	ˈʤɛnəˌsaɪd
14418	acclaimed	2790613	əˈkleɪmd
14419	seldom	2790565	ˈsɛldəm
14420	heathrow	2790489	ˈhiθroʊ
14421	indy	2790185	ˈɪndi
14422	morrow	2789797	
14424	glitter	2788928	ˈglɪtər
14425	giovanni	2788040	
14426	sidebar	2787591	ˈsaɪdˌbɑr
14427	authored	2787390	ˈɔθərd
14428	lasted	2787384	
14429	snoop	2787168	snup
14430	awhile	2787111	əˈwaɪl
14431	winery	2786992	ˈwaɪnəri
14433	scaled	2786253	skeɪld
14434	contingency	2784609	kənˈtɪnʤənsi
14435	photon	2784392	ˈfoʊˌtɑn
14436	wiltshire	2784041	ˈwɪˌlʧaɪr
14437	vague	2783775	veɪg
14438	overlay	2783154	ˈoʊvərˌleɪ
14439	wraps	2781569	ræps
14440	constituents	2780907	kənˈstɪʧuənts
14441	rusty	2780895	ˈrəsti
14442	pharma	2779510	ˈfɑrmə
14443	herd	2779216	hərd
14444	handicapped	2779103	ˈhændiˌkæpt
14445	exported	2777294	ɪkˈspɔrtəd
14446	fayetteville	2777073	ˈfeɪˌɛtˌvɪl
14447	lag	2776554	læg
14448	champaign	2776028	ʧæmˈpeɪn
14449	warns	2775722	wɔrnz
14450	fyi	2775670	ˌɛfˈwaɪˌaɪ
14452	pakistani	2774987	ˌpækɪˈstæni
14453	harmless	2774838	ˈhɑrmləs
14456	bitches	2773319	ˈbɪʧɪz
14457	sting	2773263	stɪŋ
14458	urbana	2772517	ərˈbænə
14459	bravo	2772503	ˈbrɑvoʊ
14460	believers	2772258	bɪˈlivərz
14461	diagnose	2771883	ˌdaɪəgˈnoʊs
14463	franco	2771503	ˈfræŋkoʊ
14464	announcing	2771344	əˈnaʊnsɪŋ
14465	dispersion	2770698	dɪˈspərʒən
14466	curiosity	2770499	ˌkjʊriˈɑsəti
14469	showroom	2770234	
14471	swarovski	2769609	swɑˈrɑvski
14472	resting	2769187	ˈrɛstɪŋ
14473	missiles	2769108	ˈmɪsəlz
14474	persistence	2768946	pərˈsɪstəns
14475	coarse	2768915	kɔrs
14476	continents	2768845	ˈkɑntənənts
14477	liter	2768775	ˈlitər
14478	carpets	2768582	ˈkɑrpəts
14479	recovering	2767124	
14480	submarine	2766790	
14482	blessings	2765987	ˈblɛsɪŋz
14483	brendan	2765110	ˈbrɛndən
14484	prevailing	2764943	
14485	originated	2764536	
14486	axe	2764176	æks
14488	sculptures	2763471	ˈskəlpʧərz
14489	amex	2763227	ˈæˌmɛks
14490	intrinsic	2763192	ˌɪnˈtrɪnsɪk
14492	blackpool	2762857	ˈblækˌpul
14493	thoughtful	2762623	ˈθɔtfəl
14495	archer	2762538	ˈɑrʧər
14499	nominees	2760637	ˌnɑməˈniz
14500	warmer	2759111	ˈwɔrmər
14503	dryers	2758434	draɪərz
14504	calf	2757705	kæf
14506	basil	2757419	ˈbæzəl
14507	ams	2756672	æmz
14508	hallmark	2755712	ˈhɑlˌmɑrk
14509	counterparts	2755697	ˈkaʊntərˌpɑrts
14510	paced	2755521	peɪst
14512	grouped	2754870	grupt
14513	dominate	2754313	ˈdɑməˌneɪt
14514	asians	2753857	ˈeɪʒənz
14515	orient	2753211	ˈɔriˌɛnt
14516	contra	2753017	ˈkɑntrə
14517	damaging	2752172	ˈdæmɪʤɪŋ
14518	populated	2751529	ˈpɑpjəˌleɪtəd
14520	renee	2751273	rəˈneɪ
14521	boiling	2751209	ˈbɔɪlɪŋ
14522	journeys	2751143	ˈʤərniz
14523	milestones	2750959	ˈmaɪlˌstoʊnz
14524	parkinson	2750688	ˈpɑrkɪnsən
14525	parsing	2750227	ˈpɑrsɪŋ
14526	splitting	2749527	ˈsplɪtɪŋ
14527	mclean	2748981	
14528	derbyshire	2748810	ˈdərbiˌʃər
14530	abandon	2747961	əˈbændən
14531	lobbying	2747618	ˈlɑbiɪŋ
14532	rave	2747392	reɪv
14535	mgm	2746316	ˈɛmˈgiˈɛm
14536	cigars	2745974	sɪˈgɑrz
14537	cinemas	2745910	ˈsɪnəməz
14538	islander	2745637	ˈaɪləndər
14540	nicolas	2744970	ˈnɪkɔləs
14541	inference	2743455	ˈɪnfərəns
14542	ras	2743346	ræs
14543	recalled	2743113	rɪˈkɔld
14544	importers	2742839	ˌɪmˈpɔrtərz
14546	transformer	2742550	trænsˈfɔrmər
14547	weiss	2742473	waɪs
14548	declarations	2742226	ˌdɛklərˈeɪʃənz
14549	rib	2741585	rɪb
14551	chattanooga	2741057	ˌʧætəˈnugə
14552	giles	2741044	ʤaɪlz
14553	maroon	2740904	mərun
14554	drafts	2740861	dræfts
14555	excursions	2740415	ɪkˈskərʒənz
14556	jerk	2740304	ʤərk
14558	shack	2739743	ʃæk
14559	ers	2739646	
14560	marrow	2739298	ˈmɛroʊ
14561	kawasaki	2739125	ˌkɑwɑˈsɑki
14562	licences	2738920	ˈlaɪsənsɪz
14563	bose	2738637	boʊz
14564	tavern	2738490	ˈtævərn
14565	bathing	2738196	ˈbeɪðɪŋ
14566	lambert	2738171	ˈlæmbərt
14567	epilepsy	2737962	ˈɛpɪˌlɛpsi
14568	allowances	2737962	əˈlaʊənsɪz
14569	fountains	2737006	ˈfaʊntənz
14570	goggles	2736816	ˈgɑgəlz
14572	unhappy	2736179	ənˈhæpi
14573	clones	2736145	kloʊnz
14574	foregoing	2736053	fɔrˈgoʊɪŋ
14575	crossover	2735826	ˈkrɔˌsoʊvər
14577	specificity	2735235	ˌspɛsəˈfɪsəti
14578	certainty	2735156	ˈsərtənti
14579	sleek	2734565	slik
14580	gerard	2734359	ʤərɑrd
14581	runoff	2733855	ˈrəˌnɔf
14582	osteoporosis	2733610	ˌɔstiˌɑpərˈoʊsɪs
14583	approvals	2733320	əˈpruvəlz
14584	antarctic	2733306	
14585	ord	2733054	ɔrd
14586	successive	2732616	səkˈsɛsɪv
14587	neglected	2732095	
14588	ariel	2731662	ˈɛriəl
14589	bea	2730891	bi
14590	monty	2730888	ˈmɔnti
14591	cafes	2730706	ˌkæˈfeɪz
14592	jukebox	2730547	ˈʤukˌbɑks
14593	classmates	2730039	ˈklæsˌmeɪts
14594	hitch	2730000	hɪʧ
14595	fracture	2729151	
14597	nexus	2728391	ˈnɛksəs
14598	cancers	2728264	ˈkænsərz
14599	foremost	2728130	ˈfɔrˌmoʊst
14600	nineteenth	2727465	ˈnaɪnˈtinθ
14601	chesapeake	2727317	ˈʧɛsəˌpik
14602	tango	2727306	ˈtæŋgoʊ
14603	melting	2727230	ˈmɛltɪŋ
14604	mahogany	2727168	məˈhɑgəni
14605	actresses	2726567	ˈæktrəsɪz
14606	clarence	2726479	ˈklɛrəns
14607	ernst	2726438	ərnst
14608	garner	2725663	ˈgɑrnər
14609	buster	2725610	ˈbəstər
14610	moderated	2725531	ˈmɑdərˌeɪtɪd
14611	mal	2725422	mæl
14612	nassau	2725369	ˈnæsɔ
14613	flap	2725137	flæp
14614	ignorant	2724458	ˈɪgnərənt
14615	aba	2724411	ˌeɪˌbiˈeɪ
14616	allowable	2724327	əˈlaʊəbəl
14617	karate	2723996	kərˈɑti
14618	compositions	2723773	ˌkɑmpəˈzɪʃənz
14619	sings	2723225	sɪŋz
14620	marcos	2722672	ˈmɑrkoʊs
14621	sorrow	2722640	ˈsɑroʊ
14622	carte	2722336	kɑrt
14624	canned	2721212	kænd
14625	collects	2721169	kəˈlɛkts
14626	treaties	2720856	ˈtritiz
14627	endurance	2720719	ˈɛndərəns
14629	teaspoon	2720378	ˈtiˌspun
14632	insulated	2719889	
14633	dupont	2719327	ˈdupɑnt
14634	harriet	2719241	ˈhɛriət
14635	philosopher	2718992	fəˈlɑsəfər
14636	rectangle	2718237	ˈrɛktæŋgəl
14637	woo	2718146	wu
14638	queer	2717979	kwɪr
14639	pains	2717960	peɪnz
14641	decatur	2716515	dɪˈkeɪtər
14642	wrapper	2716461	ˈræpər
14644	ahmed	2715850	
14646	buchanan	2715369	bjuˈkænən
14647	drummer	2715351	ˈdrəmər
14650	guitarist	2713559	ˌgɪˈtɑrɪst
14652	ceremonies	2712791	ˈsɛrəˌmoʊniz
14653	satisfies	2712485	ˈsætɪsˌfaɪz
14654	kuala	2712455	kˈwɑlə
14655	appellate	2711762	
14656	comma	2711522	ˈkɑmə
14658	geeks	2710575	giks
14659	conformity	2710447	kənˈfɔrməti
14661	avant	2710283	əˈvɑnt
14663	insightful	2709708	ˈɪnˌsaɪtfəl
14664	supper	2709558	ˈsəpər
14665	fulfilling	2709097	fʊlˈfɪlɪŋ
14666	hooded	2708823	ˈhʊdɪd
14667	unrated	2708138	ənˈreɪtɪd
14668	diva	2707438	ˈdivə
14670	instability	2706582	ˌɪnstəˈbɪlɪti
14671	seminary	2706256	ˈsɛməˌnɛri
14672	exemptions	2706075	ɪgˈzɛmpʃənz
14673	integrates	2706006	
14674	presenter	2705776	
14676	offenses	2704205	əˈfɛnsɪz
14677	emulation	2703342	ˌɛmjəˈleɪʃən
14678	lengthy	2703064	ˈlɛŋθi
14679	sonata	2702959	səˈnɑtə
14680	fortress	2702252	ˈfɔrtrəs
14681	contiguous	2702054	kənˈtɪgjuəs
14682	bookstores	2701598	ˈbʊkˌstɔrz
14683	perez	2700670	ˈpɛrɛz
14685	inaccurate	2700555	ˌɪˈnækjərət
14687	explanatory	2699888	ɪkˈsplænəˌtɔri
14689	settlers	2699538	
14690	stools	2699087	stulz
14691	ministerial	2699016	ˌmɪnɪˈstiriəl
14692	xavier	2698960	ˈzeɪvjər
14693	agendas	2698779	əˈʤɛndəz
14694	torah	2698722	ˈtɔrə
14695	fao	2698710	faʊ
14696	publishes	2698494	
14697	stacks	2698224	stæks
14698	owning	2696984	ˈoʊnɪŋ
14700	andersen	2695657	ˈændərsən
14701	busch	2695340	bʊʃ
14702	armani	2693801	ˌɑrˈmɑni
14703	bipolar	2693672	baɪˈpoʊlər
14704	sermon	2693657	ˈsərmən
14705	facilitating	2692085	fəˈsɪləˌteɪtɪŋ
14706	complained	2691906	kəmˈpleɪnd
14707	ferdinand	2691440	
14708	taps	2690265	tæps
14709	thrill	2690034	θrɪl
14710	lagoon	2689624	ləˈgun
14711	undoubtedly	2688694	ənˈdaʊtɪdli
14712	menopause	2688514	ˈmɛnəˌpaʊz
14713	inbound	2688161	
14714	withheld	2688086	wɪθˈhɛld
14715	insisted	2687888	
14717	gainesville	2687091	ˈgeɪnzˌvɪl
14719	eclectic	2686740	ɪˈklɛktɪk
14720	reluctant	2686458	
14721	headphone	2686393	ˈhɛdˌfoʊn
14722	regimes	2686142	
14723	headaches	2685626	ˈhɛˌdeɪks
14724	ramsey	2684676	ˈræmzi
14725	oath	2684269	oʊθ
14727	pigeon	2683567	
14728	rivals	2683343	ˈraɪvəlz
14729	freed	2683280	frid
14730	binder	2683280	ˈbaɪndər
14732	constrained	2683009	kənˈstreɪnd
14733	parrot	2682859	ˈpɛrət
14734	magnum	2682846	ˈmægnəm
14735	invoked	2682551	ˌɪnˈvoʊkt
14736	invaluable	2682391	ˌɪnˈvæljəbəl
14737	helicopters	2682275	ˈhɛlɪˌkɑptərz
14738	keystone	2681530	ˈkiˌstoʊn
14739	inclined	2681483	ˌɪnˈklaɪnd
14741	gala	2681393	
14742	intercontinental	2681202	ˌɪntərˌkɑntəˈnɛntəl
14743	cheek	2681029	ʧik
14744	traction	2679735	ˈtrækʃən
14745	utterly	2679629	ˈətərli
14749	gavin	2679261	ˈgævɪn
14750	illuminated	2678843	ˌɪˈluməˌneɪtəd
14751	realtime	2678762	ˈriəlˌtaɪm
14752	lasts	2678667	læsts
14754	electrons	2678335	ˌɪˈlɛktrɑnz
14755	psychologist	2678215	saɪˈkɑləʤəst
14756	dane	2678063	deɪn
14757	claudia	2677904	ˈklɔdiə
14758	perpetual	2677645	pərˈpɛʧuəl
14759	subsystem	2677252	ˈsəbˌsɪstəm
14761	kinetic	2676623	
14762	caffeine	2676572	kæˈfin
14763	solicitor	2675862	səˈlɪsətər
14764	clustering	2675781	ˈkləstərɪŋ
14766	glimpse	2674351	glɪmps
14767	nib	2673739	nɪb
14768	verbatim	2673628	vərˈbeɪtəm
14769	innocence	2673527	ˈɪnəsəns
14771	quicker	2673094	kˈwɪkər
14772	grandparents	2672819	ˈgrændˌpɛrənts
14773	cardboard	2671585	ˈkɑrdˌbɔrd
14774	attributable	2671225	əˈtrɪbjətəbəl
14775	sketches	2670925	
14776	angelo	2669901	ˈænʤəˌloʊ
14777	tertiary	2669822	
14778	exhausted	2669693	ɪgˈzɔstɪd
14779	smarter	2669654	sˈmɑrtər
14781	shelters	2668745	ˈʃɛltərz
14782	attain	2668275	əˈteɪn
14783	dora	2668011	ˈdɔrə
14784	calorie	2667892	ˈkælɔˌri
14785	inconvenience	2667872	ˌɪnkənˈvinjəns
14786	tang	2667228	
14787	graphite	2667183	ˈgræˌfaɪt
14788	vaccination	2666877	væksəˈneɪʃən
14789	stroller	2666858	ˈstroʊlər
14790	farther	2666579	ˈfɑrðər
14791	bowel	2666510	baʊəl
14792	sweaters	2666509	sˈwɛtərz
14793	chats	2666432	ʧæts
14794	mafia	2666020	ˈmɑfiə
14795	riot	2665813	raɪət
14796	fats	2665577	fæts
14798	mandarin	2665497	ˈmændərən
14799	dungeon	2665461	ˈdənʤən
14800	predictable	2665444	
14801	germans	2665198	ˈʤərmənz
14802	lilly	2665191	ˈlɪli
14803	shire	2665081	ʃaɪr
14804	susceptible	2664824	səˈsɛptəbəl
14805	mosquito	2664788	məˈskitoʊ
14806	kashmir	2663508	
14808	lyons	2662817	laɪənz
14809	skyline	2662797	ˈskaɪˌlaɪn
14810	sulfur	2662699	ˈsəlfər
14811	scams	2662588	skæmz
14812	lipid	2662396	ˈlaɪpəd
14813	putnam	2662037	ˈpətnəm
14814	corpse	2662009	kɔrps
14815	speedy	2661996	ˈspiˌdi
14816	ming	2661961	mɪŋ
14817	tao	2661916	
14819	ritz	2660002	rɪts
14820	networked	2659983	ˈnɛtˌwərkt
14822	lush	2659754	ləʃ
14823	barrels	2659639	
14824	transformations	2659594	ˌtrænsfərˈmeɪʃənz
14826	analogue	2659278	ˈænəˌlɔg
14827	werner	2659154	ˈwərnər
14828	clyde	2658680	klaɪd
14829	stills	2657985	stɪlz
14830	perimeter	2657896	pərˈɪmətər
14831	biased	2657852	baɪəst
14832	cardiology	2657671	ˌkɑrdiˈɑləʤi
14833	playoff	2657613	pleɪɔf
14834	honorary	2657255	ˈɑnərˌɛri
14836	irwin	2657053	
14837	brewer	2656856	bruər
14838	chiang	2656794	ʧæŋ
14839	exchanged	2656702	ɪksˈʧeɪnʤd
14840	payload	2655807	ˈpeɪˌloʊd
14841	adhere	2655276	əˈdhɪr
14842	fran	2654919	fræn
14843	merrill	2654737	ˈmɛrəl
14844	oldsmobile	2654673	ˈoʊldzmoʊˌbil
14845	grilled	2654595	grɪld
14846	rafael	2653922	ˌrɑfaɪˈɛl
14848	enquire	2652802	ɪnkˈwaɪər
14849	toilets	2652273	ˈtɔɪləts
14850	mains	2652029	meɪnz
14851	whales	2651996	
14852	misty	2651773	ˈmɪsti
14853	lindsey	2651640	ˈlɪndzi
14854	parity	2651048	ˈpɛrəti
14855	partitions	2650751	pɑrˈtɪʃənz
14856	grim	2650255	grɪm
14857	conserved	2649468	kənˈsərvd
14859	hubbard	2649059	ˈhəbərd
14860	rewrite	2648549	
14861	vending	2648129	ˈvɛndɪŋ
14862	prism	2648058	ˈprɪzəm
14863	chasing	2647727	ˈʧeɪsɪŋ
14865	janeiro	2647268	
14866	flop	2647107	flɑp
14867	aggregation	2646711	ˌægrəˈgeɪʃən
14868	shelley	2646479	ˈʃɛli
14869	batting	2646319	ˈbætɪŋ
14870	borrowed	2646232	ˈbɑˌroʊd
14871	heh	2645768	hɛ
14873	rests	2645136	rɛsts
14874	toss	2644752	tɔs
14875	prentice	2644181	ˈprɛntɪs
14876	depicted	2644070	
14877	grapes	2643584	greɪps
14878	proposing	2643557	prəˈpoʊzɪŋ
14880	winding	2642869	ˈwaɪndɪŋ
14881	diaz	2642759	
14882	ripped	2642534	rɪpt
14883	vegan	2642418	ˈvɛgən
14884	congressman	2642212	ˈkɑŋgrəsmən
14885	cobalt	2642090	ˈkoʊˌbɔlt
14886	pity	2642047	ˈpɪti
14887	recombinant	2641689	rɪˈkɑmbɪnənt
14888	ubuntu	2641656	ˌuˈbuˌtu
14889	downward	2641434	ˈdaʊnwərd
14890	superstar	2641229	ˌsupərˈstɑr
14892	corel	2640276	ˌkɔˈrɛl
14893	kayaking	2639983	ˈkaɪˌækɪŋ
14894	synergy	2639929	ˈsɪnərʤi
14896	catalogues	2639071	ˈkætəˌlɔgz
14897	aspire	2638953	əˈspaɪr
14898	harvesting	2638260	ˈhɑrvəstɪŋ
14899	garfield	2638077	ˈgɑrˌfild
14900	groom	2637912	grum
14901	jewels	2637876	
14902	saturated	2637689	
14903	georges	2637465	
14904	backpacking	2637272	ˈbækˌpækɪŋ
14905	quincy	2636485	kˈwɪnsi
14906	accidentally	2636203	
14907	doughty	2636162	ˈdɔti
14908	bonded	2635939	
14909	sticking	2635839	ˈstɪkɪŋ
14910	dudley	2635816	ˈdədli
14911	osama	2635647	oʊˈsɑmə
14912	weeds	2634421	widz
14913	stripped	2634414	strɪpt
14914	oprah	2634267	ˈoʊprə
14915	inflatable	2633718	ɪnˈfleɪtəbəl
14916	beers	2633610	bɪrz
14917	clive	2633530	klaɪv
14918	fixture	2633227	ˈfɪksʧər
14919	glassware	2633110	ˈglæsˌwɛr
14920	canary	2632425	kəˈnɛri
14921	steadily	2632187	ˈstɛdəli
14922	amc	2631713	ˈeɪˌɛmˈsi
14923	imagined	2631487	ˌɪˈmæʤənd
14924	darby	2631164	ˈdɑrbi
14925	woke	2630503	woʊk
14926	kos	2630462	kɑs
14927	fills	2630389	fɪlz
14928	proportions	2630142	prəˈpɔrʃənz
14929	grips	2629556	grɪps
14930	clergy	2629414	ˈklərʤi
14932	solicitors	2629165	səˈlɪsətərz
14933	kayak	2628993	kaɪæk
14934	moderately	2628951	ˈmɑdərətli
14935	mayotte	2628024	meɪɔt
14936	altar	2627835	ˈɔltər
14937	salvage	2627328	
14938	repetitive	2627063	rɪˈpɛtɪtɪv
14939	stanton	2627052	ˈstæntən
14940	creators	2627052	kriˈeɪtərz
14941	gears	2626927	gɪrz
14942	orbital	2626863	ˈɔrbətəl
14943	musicals	2626767	mˈjuzɪkəlz
14944	kilometres	2626210	
14945	cuff	2625819	kəf
14946	lithuanian	2625728	ˌlɪθəˈweɪniən
14948	repeating	2625374	
14949	empires	2624661	ˈɛmpaɪərz
14950	profiling	2623798	ˈproʊˌfaɪlɪŋ
14951	reps	2623595	rɛps
14953	oyster	2621847	ˈɔɪstər
14954	sturdy	2621713	ˈstərdi
14955	sequencing	2621506	ˈsikwənsɪŋ
14956	massacre	2620731	ˈmæsəkər
14957	undergo	2620082	ˌəndərˈgoʊ
14958	panoramic	2619902	ˌpænərˈæmɪk
14959	risen	2619862	ˈrɪzən
14960	blended	2619659	ˈblɛndɪd
14961	deskjet	2619205	ˈdɛˌskʤɛt
14962	rhino	2619135	ˈraɪˌnoʊ
14963	polynomial	2619081	ˌpɑˌliˈnoʊmiəl
14966	imperative	2618155	ˌɪmˈpɛrətɪv
14967	stakeholder	2617739	ˈsteɪˌkhoʊldər
14968	beg	2616794	bɛg
14969	digging	2616671	ˈdɪgɪŋ
14970	lantern	2615989	ˈlæntərn
14971	catches	2615877	ˈkæʧɪz
14972	evangelical	2615781	ˌivænˈʤɛlɪkəl
14973	eaton	2615601	ˈitən
14974	ruler	2615554	ˈrulər
14975	signifies	2615219	ˈsɪgnəˌfaɪz
14976	henri	2615040	
14977	stochastic	2614305	stoʊˈkæstɪk
14979	tokens	2613416	ˈtoʊkənz
14980	santana	2613405	sænˈtænə
14981	kidding	2613375	ˈkɪdɪŋ
14982	piping	2612878	ˈpaɪpɪŋ
14983	swept	2612095	swɛpt
14985	airmail	2611913	ˈɛrˌmeɪl
14986	staring	2611893	ˈstɛrɪŋ
14987	seventy	2611424	ˈsɛvənti
14988	problematic	2610150	ˌprɑbləˈmætɪk
14989	troop	2609404	trup
14990	arose	2609029	əroʊz
14991	decomposition	2608915	
14992	chatham	2608695	ˈʧætəm
14994	ogg	2607373	ɑg
14995	becky	2606971	ˈbɛki
14997	farrell	2606302	ˈfɛrɪl
14998	elders	2606118	ˈɛldərz
14999	interpreters	2605617	ˌɪnˈtərprətərz
15000	supporter	2605475	səˈpɔrtər
15001	acknowledgements	2605073	ækˈnɑlɪʤmənts
15002	klaus	2604818	klaʊs
15005	conquest	2602471	ˈkɑŋkwɛst
15006	heroin	2601620	ˈhɛroʊən
15007	repairing	2601383	
15008	mandated	2601015	ˈmænˌdeɪtɪd
15010	assemble	2600945	əˈsɛmbəl
15012	hogan	2600534	
15014	whistle	2599728	
15015	sulfate	2599508	ˈsəlˌfeɪt
15016	dresden	2599154	ˈdrɛzdɪn
15017	timeshare	2598791	ˈtaɪmˌʃɛr
15018	diversified	2598662	
15019	oldies	2597950	ˈoʊldiz
15020	fertilizer	2596909	ˈfərtəˌlaɪzər
15021	complaining	2596505	kəmˈpleɪnɪŋ
15022	analytic	2596154	ˌænəˈlɪtɪk
15023	predominantly	2594198	ˌprɪˈdɑmənənˌtli
15024	amethyst	2594139	ˈæmɪθɪst
15025	debra	2594075	ˈdɛbrə
15026	woodward	2593977	
15027	rewritten	2593936	riˈrɪtən
15028	cdrom	2593779	ˈsiˈdiˈrɑm
15029	concerto	2593024	kənˈʧɛrtoʊ
15030	adorable	2592855	əˈdɔrəbəl
15031	ambition	2592749	æmˈbɪʃən
15032	torres	2592076	ˈtɔˌrɛz
15033	apologize	2591938	əˈpɑləˌʤaɪz
15035	restraint	2590802	
15036	thrillers	2590282	θˈrɪlərz
15038	eddy	2589078	ˈɛdi
15039	condemned	2588714	kənˈdɛmd
15040	berger	2588684	ˈbərgər
15041	timeless	2588461	ˈtaɪmləs
15042	parole	2588422	pəroʊl
15043	corey	2588392	ˈkɔri
15044	kendall	2588076	ˈkɛndəl
15045	spouses	2587875	
15046	slips	2587498	slɪps
15048	ninety	2587226	ˈnaɪnti
15050	trays	2586701	treɪz
15051	stewardship	2586490	ˈstuərdˌʃɪp
15052	cues	2586257	kjuz
15055	kisses	2585515	
15056	kerr	2585290	kər
15057	regulating	2585246	ˈrɛgjəˌleɪtɪŋ
15058	flock	2585098	flɑk
15059	exporting	2584899	ɪkˈspɔrtɪŋ
15060	arabian	2584206	əˈreɪbiən
15061	chung	2584176	ʧəŋ
15063	scheduler	2583608	
15064	bending	2583558	ˈbɛndɪŋ
15065	boris	2582954	ˈbɔrɪs
15066	hypnosis	2582627	hɪpˈnoʊsəs
15067	kat	2581765	kæt
15068	ammunition	2581750	ˌæmjəˈnɪʃən
15069	vega	2581698	ˈveɪgə
15070	pleasures	2581560	ˈplɛʒərz
15071	shortest	2581476	ˈʃɔrtɪst
15072	denying	2581389	dɪˈnaɪɪŋ
15073	cornerstone	2580946	ˈkɔrnərˌstoʊn
15074	recycle	2580318	riˈsaɪkəl
15075	shave	2580057	ʃeɪv
15076	sos	2579597	ɛoʊɛs
15079	disruption	2578410	dɪsˈrəpʃən
15080	galway	2578132	ˈgɑlweɪ
15081	colt	2577919	koʊlt
15082	artillery	2577825	ɑrˈtɪləri
15083	furnish	2577787	ˈfərnɪʃ
15084	precedence	2577705	ˈprɛsədəns
15086	applicability	2577161	ˌæpləkəˈbɪləti
15087	volatility	2576975	ˌvɑləˈtɪləti
15088	grinding	2576703	ˈgraɪndɪŋ
15089	rubbish	2576642	ˈrəbɪʃ
15090	missionary	2576312	ˈmɪʃəˌnɛri
15091	knocked	2576160	nɑkt
15092	swamp	2575587	
15094	pitching	2575364	ˈpɪʧɪŋ
15097	bordeaux	2574008	bɔrˈdoʊ
15098	manifold	2573995	
15100	tornado	2573937	tɔrˈneɪˌdoʊ
15101	disneyland	2573713	ˈdɪzniˌlænd
15104	possessed	2573290	pəˈzɛst
15105	upstairs	2573007	əpˈstɛrz
15106	bro	2572817	broʊ
15107	turtles	2572647	ˈtərtəlz
15108	offs	2572459	ɔfs
15110	fab	2572142	fæb
15111	vauxhall	2571879	ˈvɑksˌhɔl
15113	welcoming	2571306	ˈwɛlkəmɪŋ
15114	learns	2570984	lərnz
15115	manipulate	2570342	məˈnɪpjəˌleɪt
15116	dividing	2569996	dɪˈvaɪdɪŋ
15117	hickory	2569948	
15118	renovated	2569941	ˈrɛnəˌveɪtɪd
15119	inmates	2569921	ˈɪnˌmeɪts
15121	conformance	2569642	kənˈfɔrməns
15122	slices	2569411	
15125	cody	2568563	ˈkoʊdi
15126	frankie	2568555	ˈfræŋki
15128	lawson	2567894	ˈlɔsən
15129	quo	2567723	kwoʊ
15133	damned	2566720	dæmd
15134	beethoven	2565877	ˈbeɪtoʊvən
15135	faint	2565744	feɪnt
15136	rebuilt	2565168	riˈbɪlt
15137	proceeded	2564696	
15138	collaborate	2564383	kəˈlæbərˌeɪt
15139	lei	2563419	leɪ
15140	tentative	2562953	ˈtɛntətɪv
15141	peterborough	2562698	ˈpitərbəroʊ
15142	fierce	2562384	fɪrs
15143	jars	2562160	ʤɑrz
15144	authenticity	2562043	ˌɔθənˈtɪsɪti
15145	hips	2561970	hɪps
15146	rene	2561960	rəˈneɪ
15147	gland	2561362	glænd
15148	positives	2561224	ˈpɑzətɪvz
15149	wigs	2561086	wɪgz
15150	resignation	2560942	
15151	striped	2560923	straɪpt
15152	zion	2560270	zaɪən
15153	blends	2560019	blɛndz
15154	garments	2559975	ˈgɑrmənts
15155	fraternity	2559869	
15156	hunk	2559594	həŋk
15157	allocations	2559346	ˌæləˈkeɪʃənz
15158	lymphoma	2559160	lɪmˈfoʊmə
15159	tapestry	2559102	ˈtæpəstri
15160	originating	2558537	ərˈɪʤəˌneɪtɪŋ
15161	stu	2557663	stu
15162	chap	2557160	ʧæp
15163	blows	2556663	bloʊz
15164	inevitably	2556652	ˌɪˈnɛvətəbli
15166	freebies	2555646	ˈfribiz
15167	converse	2554939	
15168	frontline	2554440	ˈfrənˌtlaɪn
15170	tele	2553983	
15171	gardener	2553839	ˈgɑrdənər
15174	winnie	2553592	ˈwɪni
15175	ita	2553088	
15176	higgins	2552864	ˈhɪgɪnz
15177	stoke	2552684	stoʊk
15180	polymers	2550216	ˈpɑlɪmərz
15181	penguins	2550142	ˈpɛŋgwənz
15182	attracting	2549806	əˈtræktɪŋ
15183	grills	2549512	grɪlz
15184	jeeves	2549456	ʤivz
15185	harp	2548850	hɑrp
15188	escrow	2548489	
15189	lumpur	2548208	ˌləmˈpʊr
15190	wes	2548030	wɛs
15192	denton	2547717	ˈdɛntən
15193	anthem	2547657	ˈænθəm
15194	tack	2547602	tæk
15195	whitman	2547585	
15196	nowadays	2547379	ˈnaʊəˌdeɪz
15197	woodstock	2547116	ˈwʊdˌstɑk
15199	sack	2546938	sæk
15200	inferior	2546617	ˌɪnˈfɪriər
15201	surfers	2546274	ˈsərfərz
15202	abuses	2546094	
15203	inspected	2545315	ˌɪnˈspɛktɪd
15204	deb	2545057	dɛb
15205	jockey	2544228	ˈʤɑki
15206	kauai	2544183	kaʊaɪ
15208	indicative	2542684	ˌɪnˈdɪkətɪv
15210	stresses	2541443	
15211	incumbent	2541291	ˌɪnˈkəmbənt
15212	ithaca	2541098	ˈɪθəkə
15214	edmund	2540430	ˈɛdmənd
15215	peoria	2540360	piˈɔriə
15216	upholstery	2540113	əˈpoʊlstəri
15217	aggression	2539892	əˈgrɛʃən
15218	peek	2539766	pik
15220	practiced	2539452	ˈpræktɪst
15221	ella	2539360	ˈɛlə
15222	casualties	2539213	
15226	monarch	2537590	ˈmɑˌnɑrk
15228	housed	2537223	haʊzd
15229	administering	2536998	ædˈmɪnɪˌstərɪŋ
15230	temptation	2536564	tɛmˈteɪʃən
15231	havana	2536543	həˈvænə
15232	roe	2536469	roʊ
15233	campground	2536233	ˈkæmpˌgraʊnd
15234	nasal	2536094	ˈneɪzəl
15235	sars	2536062	sɑrz
15236	restrictive	2535342	riˈstrɪktɪv
15237	costing	2535149	ˈkɔstɪŋ
15238	ranged	2534995	reɪnʤd
15240	predictive	2534917	
15242	aquaculture	2534664	ˈækwəˌkəlʧər
15243	hier	2534499	haɪər
15244	spruce	2534428	sprus
15245	paradox	2534135	ˈpɛrəˌdɑks
15247	redesign	2533719	ˌridɪˈzaɪn
15248	billings	2533397	ˈbɪlɪŋz
15249	jeanne	2533177	ʤin
15250	nitro	2533124	ˈnɪtroʊ
15251	oxidation	2533059	ˌɑksəˈdeɪʃən
15252	jackpot	2532985	ˈʤækˌpɑt
15253	marin	2532915	ˈmɛrɪn
15254	halfway	2532364	ˈhæfˈweɪ
15255	cortex	2530902	ˈkɔrtɛks
15256	entitlement	2530866	ɛnˈtaɪtəlmənt
15257	amending	2530752	əˈmɛndɪŋ
15258	conflicting	2530282	kənˈflɪktɪŋ
15259	georgian	2530176	ˈʤɔrʤən
15260	compensate	2529651	ˈkɑmpənˌseɪt
15262	loser	2529180	ˈluzər
15264	mixers	2528887	ˈmɪksərz
15265	accountancy	2528048	əˈkaʊntəntˌsi
15266	claus	2528018	klɔz
15267	policing	2527931	pəˈlisɪŋ
15268	braves	2527914	breɪvz
15269	cracking	2527515	ˈkrækɪŋ
15270	sued	2526428	sud
15271	shoots	2526359	ʃuts
15272	michaels	2526005	ˈmaɪkəlz
15273	interrupted	2525933	ˌɪntərˈəptɪd
15274	hemisphere	2525439	ˈhɛmɪsˌfɪr
15275	miranda	2525275	mərˈændə
15276	clover	2525179	ˈkloʊvər
15279	kindness	2524494	ˈkaɪndnəs
15280	similarities	2524194	ˌsɪməˈlɛrətiz
15283	porto	2522999	ˈpɔrtoʊ
15284	neutron	2522790	ˈnuˌtrɑn
15285	duluth	2522476	dəˈluθ
15286	directs	2522324	
15287	jolly	2522092	ˈʤɑli
15288	snakes	2521893	sneɪks
15289	swelling	2521718	sˈwɛlɪŋ
15290	spanning	2521710	ˈspænɪŋ
15291	politician	2521169	ˌpɑləˈtɪʃən
15292	femme	2521124	fɛm
15293	unanimous	2520971	juˈnænəməs
15294	railways	2520743	ˈreɪlˌweɪz
15295	approves	2520685	əˈpruvz
15296	scriptures	2520617	ˈskrɪpʧərz
15297	misconduct	2520545	mɪˈskɑndəkt
15298	lester	2520530	ˈlɛstər
15300	folklore	2520236	ˈfoʊˌklɔr
15301	resides	2520118	
15302	wording	2519992	ˈwərdɪŋ
15303	obliged	2519826	əˈblaɪʤd
15304	perceive	2519370	pərˈsiv
15305	rockies	2518528	ˈrɑkiz
15306	siege	2518421	siʤ
15308	exercising	2517892	ˈɛksərˌsaɪzɪŋ
15309	acoustics	2517859	əˈkustɪks
15310	voluntarily	2517597	ˌvɑlənˈtɛrəli
15311	pensacola	2517454	ˌpɛnsəˈkoʊlə
15312	atkinson	2517359	
15314	condominium	2516255	ˌkɑndəˈmɪniəm
15315	wildcats	2516157	ˈwaɪldˌkæts
15316	nord	2515571	nɔrd
15317	exhibitors	2514814	ɪgˈzɪbətərz
15318	truths	2514470	truθs
15320	grouping	2513076	ˈgrupɪŋ
15321	wolfe	2512558	wʊlf
15322	redwood	2511836	ˈrɛdˌwʊd
15324	invoices	2511057	ˈɪnvɔɪsɪz
15325	tyres	2510350	taɪərz
15326	westwood	2510249	ˈwɛstˌwʊd
15327	authorizing	2510231	ˈɔθərˌaɪzɪŋ
15328	enamel	2509986	ɪˈnæməl
15329	toby	2508904	ˈtoʊbi
15331	radiant	2506757	ˈreɪˌdiənt
15332	estonian	2506680	ɛˈstoʊniən
15333	virgins	2506557	ˈvərʤənz
15334	firstly	2506379	ˈfərstli
15335	martini	2505907	mɑrˈtini
15336	butte	2505600	bjut
15337	bomber	2505585	ˈbɑmər
15338	reeves	2505496	rivz
15339	songwriter	2505462	ˈsɔŋˌraɪtər
15340	suspicion	2504621	səˈspɪʃən
15341	disadvantage	2504267	
15342	bastard	2504042	ˈbæstərd
15344	coaster	2503539	ˈkoʊstər
15345	spends	2503434	
15346	hicks	2503430	hɪks
15348	pratt	2503054	præt
15349	pedigree	2502866	ˈpɛdəgri
15350	strippers	2502249	ˈstrɪpərz
15351	macmillan	2502140	məkˈmɪlən
15352	fraudulent	2501991	ˈfrɔʤələnt
15354	woodworking	2501856	ˈwʊdˌwərkɪŋ
15355	sherwood	2501437	ˈʃərˌwʊd
15356	forgiveness	2501286	
15358	almond	2500565	ˈɑmənd
15361	catalytic	2500336	ˌkætəˈlɪtɪk
15362	har	2500142	hɑr
15363	petitions	2500009	pəˈtɪʃənz
15364	francais	2499888	frɑnˈseɪ
15365	trenton	2499535	ˈtrɛntən
15366	chalk	2498505	
15367	omar	2498343	ˈoʊmɑr
15368	alexis	2497825	əˈlɛksɪs
15369	bethesda	2497387	bəˈθɛzdə
15370	privatization	2497240	ˈpraɪvətəˈzeɪʃən
15372	sanford	2496806	ˈsænfərd
15373	axle	2496464	ˈæksəl
15374	membranes	2496460	ˈmɛmˌbreɪnz
15375	puppet	2495374	
15376	testosterone	2495063	ˌtɛˈstɑstərˌoʊn
15377	cultivation	2494830	ˌkəltɪˈveɪʃən
15379	surveying	2494534	
15380	grazing	2493989	ˈgreɪzɪŋ
15381	biochemical	2493892	ˌbaɪoʊˈkɛmɪkəl
15382	pillar	2493688	ˈpɪlər
15383	mirage	2493561	mərɑʒ
15384	lennon	2493144	ˈlɛnən
15385	questionable	2492735	kˈwɛsʧənəbəl
15386	seaside	2492674	ˈsiˌsaɪd
15387	suitability	2491867	ˌsutəˈbɪlɪti
15388	precinct	2491806	
15389	renamed	2491675	riˈneɪmd
15390	cobb	2491637	kɑb
15391	lara	2491478	ˈlɑrə
15392	unbelievable	2491299	ˌənbəˈlivəbəl
15393	soluble	2491148	ˈsɑljəbəl
15394	piracy	2490728	ˈpaɪrəsi
15395	rowing	2490271	roʊɪŋ
15396	siding	2490194	ˈsaɪdɪŋ
15398	hardest	2489739	ˈhɑrdəst
15399	forrest	2489703	ˈfɔrəst
15400	invitational	2489659	ˌɪnvəˈteɪʃənəl
15401	reminders	2489508	riˈmaɪndərz
15402	negro	2489080	ˈnigroʊ
15403	blanca	2489053	ˈblɑŋkə
15404	equivalents	2488782	ɪkˈwɪvələnts
15405	johann	2488289	ˈjoʊhɑn
15406	handcrafted	2488264	ˈhændˌkræftɪd
15407	aftermarket	2487971	ˈæftərˌmɑrkɪt
15408	pineapple	2487823	ˈpaɪˌnæpəl
15409	fellowships	2487618	ˈfɛloʊˌʃɪps
15410	freeway	2486934	ˈfriˌweɪ
15411	wrath	2486700	ræθ
15412	opal	2486653	ˈoʊpəl
15413	simplest	2486239	ˈsɪmpləst
15414	patrons	2485842	ˈpeɪtrənz
15415	peculiar	2485776	
15416	toon	2485460	tun
15417	europeans	2485431	ˌjʊrəˈpiənz
15418	commence	2484874	kəˈmɛns
15419	descendants	2484559	
15420	redmond	2484388	ˈrɛdmənd
15421	safeguard	2484174	ˈseɪfˌgɑrd
15422	digitally	2484117	ˈdɪʤətəli
15423	lars	2483751	lɑrz
15424	hatchback	2483111	ˈhæʧˌbæk
15426	obsession	2482377	əbˈsɛʃən
15427	grind	2482307	graɪnd
15428	albeit	2482233	ɔlˈbiɪt
15429	billiards	2482114	ˈbɪljərdz
15431	clint	2481872	klɪnt
15432	bankers	2481750	ˈbæŋkərz
15433	righteous	2481713	ˈraɪʧəs
15435	redistribution	2480798	ˌridɪstrəˈbjuʃən
15436	freaks	2480531	friks
15438	rutgers	2477755	ˈrətgərz
15440	sampled	2477135	ˈsæmpəld
15441	sincere	2476939	sɪnˈsɪr
15442	deploying	2476652	dɪˈplɔɪɪŋ
15443	interacting	2476373	
15444	roanoke	2476369	ˈroʊəˌnoʊk
15445	intentionally	2476029	ˌɪnˈtɛnʃənəli
15446	blitz	2476009	blɪts
15447	tended	2475387	
15448	censorship	2475227	ˈsɛnsərˌʃɪp
15449	cactus	2475082	ˈkæktəs
15450	viva	2474832	ˈvivə
15451	treadmill	2474781	ˈtrɛdˌmɪl
15452	fiberglass	2474100	ˈfaɪbərˌglæs
15453	attained	2473688	əˈteɪnd
15454	blew	2473343	blu
15455	howe	2473217	haʊ
15456	nap	2473014	næp
15457	osaka	2472838	oʊˈsɑkə
15458	splendid	2472698	ˈsplɛndɪd
15459	janice	2472481	
15460	personalize	2472227	ˈpərsənəˌlaɪz
15461	lava	2471986	ˈlɑvə
15462	leonardo	2471930	ˌliəˈnɑrdoʊ
15463	sucked	2471917	səkt
15464	scissors	2471613	ˈsɪzərz
15465	broncos	2471504	ˈbrɑŋkoʊz
15466	jorge	2471105	ˈhɔrheɪ
15467	cooks	2470395	kʊks
15468	sharply	2470344	ˈʃɑrpli
15469	granada	2470148	grəˈnɑdə
15470	laurence	2470052	ˈlɔrəns
15471	rebellion	2469106	rɪˈbɛljən
15472	rainy	2469088	ˈreɪni
15473	tho	2468927	ðoʊ
15474	regent	2468483	ˈriʤənt
15475	evelyn	2468215	
15476	vinegar	2467712	ˈvɪnəgər
15477	vie	2467637	vaɪ
15478	classifications	2467504	ˌklæsəfəˈkeɪʃənz
15479	diggs	2467168	dɪgz
15480	rafting	2466959	ˈræftɪŋ
15481	pluto	2466856	ˈplutoʊ
15482	gil	2466786	gɪl
15484	vail	2465727	veɪl
15486	fisherman	2464823	
15487	misery	2464795	ˈmɪzəri
15488	undergoing	2464782	ˌəndərˈgoʊɪŋ
15489	limerick	2464711	ˈlɪmərɪk
15490	safaris	2464644	səˈfɑriz
15491	contaminants	2464458	kənˈtæmənənts
15492	envy	2464445	ˈɛnvi
15494	mitch	2464162	mɪʧ
15495	sweeping	2463965	sˈwipɪŋ
15496	healthier	2463491	ˈhɛlθiər
15498	mailer	2461916	ˈmeɪlər
15499	preface	2461709	ˈprɛfəs
15500	jameson	2461558	ˈʤeɪmsən
15501	grievance	2461503	ˈgrivəns
15502	liners	2461442	ˈlaɪnərz
15503	asheville	2461302	ˈæʃˌvɪl
15504	unread	2460260	ənˈrɛd
15505	sentiment	2460011	
15506	pencils	2459655	ˈpɛnsəlz
15507	galloway	2459471	ˈgæloʊˌweɪ
15508	quinta	2459399	kˈwɪntə
15509	kristin	2458841	ˈkrɪstɪn
15510	forged	2458824	fɔrʤd
15511	bistro	2458804	ˈbɪstroʊ
15512	viola	2458792	
15514	voodoo	2457448	ˈvuˌdu
15515	disclosures	2456864	dɪˈskloʊʒərz
15516	provence	2456582	ˈproʊvəns
15517	caching	2455792	ˈkæʃɪŋ
15518	computerized	2455700	kəmˈpjutərˌaɪzd
15519	rustic	2455629	ˈrəstɪk
15520	rumor	2455494	ˈrumər
15521	dillon	2455083	ˈdɪlən
15522	shah	2455068	ʃɑ
15523	eleanor	2454556	
15524	deception	2454433	dɪˈsɛpʃən
15525	volts	2454421	voʊlts
15526	conducts	2454368	kənˈdəkts
15527	divorced	2454344	dɪˈvɔrst
15528	rushed	2454043	rəʃt
15529	excalibur	2453959	ˌɛkˈskæləbər
15531	weighs	2453498	weɪz
15532	sinatra	2452608	səˈnɑtrə
15533	magnolia	2452451	mægˈnoʊljə
15534	diver	2452406	ˈdaɪvər
15535	disappointment	2452388	ˌdɪsəˈpɔɪntmənt
15536	castles	2452078	ˈkæsəlz
15537	notions	2451904	ˈnoʊʃənz
15538	plateau	2451261	plæˈtoʊ
15539	interpersonal	2451102	ˌɪntərˈpərsənəl
15540	dexter	2451049	ˈdɛkstər
15541	traumatic	2450877	trɔˈmætɪk
15542	ringer	2450825	ˈrɪŋər
15543	zipper	2450000	ˈzɪpər
15545	palette	2448716	ˈpælət
15546	blaze	2448412	bleɪz
15547	wreck	2447935	rɛk
15548	threatens	2447772	θˈrɛtənz
15549	strengthened	2447673	ˈstrɛŋθənd
15550	sammy	2447628	ˈsæmi
15551	briefings	2447057	ˈbrifɪŋz
15552	siblings	2446697	ˈsɪblɪŋz
15553	wakefield	2446527	ˈweɪkˌfild
15554	adversely	2446151	ædˈvərsli
15555	devastating	2446064	ˈdɛvəˌsteɪtɪŋ
15557	centro	2445696	ˈsɛntroʊ
15559	arabs	2444955	
15560	bild	2443822	bɪld
15561	onboard	2443494	ˈɑnˌbɔrd
15562	robbery	2443257	ˈrɑbəri
15564	nucleic	2442798	nuˈkleɪɪk
15565	telecoms	2442762	ˈtɛləkɑmz
15566	jasmine	2441948	
15567	crochet	2441543	kroʊˈʃeɪ
15568	brock	2441409	brɑk
15569	crowds	2439262	kraʊdz
15570	hoops	2438525	hups
15572	macon	2437697	ˈmeɪkən
15573	celeron	2437590	ˈsɛlərɑn
15574	lynne	2437544	lɪn
15575	invariant	2436965	ˌɪnˈvɛriənt
15576	stamped	2436087	stæmpt
15577	challenger	2435511	
15578	increment	2435396	ˈɪnkrəmənt
15579	redistributed	2435259	
15581	uptake	2434566	ˈəpˌteɪk
15582	newsweek	2434397	ˈnuzˌwik
15583	geared	2434240	gɪrd
15584	ideals	2434179	aɪˈdilz
15585	chloe	2434045	kloʊi
15586	ape	2433746	eɪp
15588	gee	2433166	ʤi
15589	apologies	2433010	əˈpɑləˌʤiz
15590	prada	2432946	ˈprɑdə
15591	tycoon	2432605	taɪˈkun
15592	malignant	2431848	məˈlɪgnənt
15593	maxtor	2431537	ˈmækstər
15596	dismiss	2431006	dɪsˈmɪs
15597	preceded	2429747	
15598	lawful	2429707	ˈlɔfəl
15599	stag	2429332	stæg
15600	crosby	2429109	ˈkrɔzbi
15601	biochem	2428879	ˈbaɪoʊˌkɛm
15603	rash	2428545	ræʃ
15605	gateways	2428314	ˈgeɪtˌweɪz
15607	collapsed	2427732	kəˈlæpst
15608	antibiotic	2427497	
15609	horns	2427037	hɔrnz
15610	vanderbilt	2427020	ˈvændərbɪlt
15611	cps	2426767	ˈsiˌpiˈɛs
15612	diversion	2426724	
15613	overweight	2426520	ˌoʊvərˈweɪt
15614	fantasies	2426377	
15616	taliban	2426052	ˈtælɪˌbæn
15617	maureen	2425925	mɔˈrin
15618	trekking	2425674	ˈtrɛkɪŋ
15619	coordinators	2425563	koʊˈɔrdəˌneɪtərz
15620	beginnings	2425503	bɪˈgɪnɪŋz
15621	reversal	2425317	
15623	lex	2424291	lɛks
15624	shoreline	2423748	ˈʃɔˌrlaɪn
15625	presses	2423685	
15626	ordination	2423296	ˌɔrdəˈneɪʃən
15627	westin	2423249	ˈwɛstɪn
15629	yves	2423108	iv
15630	tandem	2422935	ˈtændəm
15632	mips	2422380	mɪps
15633	boil	2422265	bɔɪl
15634	deliberate	2422264	
15635	gagged	2422197	gægd
15636	roundtable	2421921	ˈraʊndˌteɪbəl
15637	surprises	2421702	
15638	abe	2420884	eɪb
15639	roc	2420867	rɑk
15640	dementia	2420741	dɪˈmɛnʃiə
15641	barley	2420348	ˈbɑrli
15642	potent	2419930	ˈpoʊtənt
15644	amusing	2419640	əmˈjuzɪŋ
15645	mastering	2419592	ˈmæstərɪŋ
15646	levine	2418895	
15647	nerves	2418478	nərvz
15651	retains	2417263	
15652	pow	2417177	paʊ
15653	docking	2416176	ˈdɑkɪŋ
15654	guidebook	2415999	ˈgaɪdˌbʊk
15656	kylie	2415779	ˈkaɪˌli
15657	pilates	2415579	pɪˈlɑˌtis
15658	chimney	2415182	ˈʧɪmni
15660	packers	2414244	ˈpækərz
15661	localized	2414106	ˈloʊkəˌlaɪzd
15662	naomi	2413747	neɪˈoʊmi
15663	proverbs	2413062	ˈprɑvərbz
15665	risky	2412508	ˈrɪski
15666	mistaken	2411938	mɪˈsteɪkən
15667	carving	2411889	ˈkɑrvɪŋ
15668	miracles	2411472	ˈmɪrəkəlz
15671	clair	2410656	klɛr
15673	slipped	2410446	slɪpt
15674	realism	2410398	ˈriəlɪzm
15676	crete	2409700	krit
15677	fractions	2409312	ˈfrækʃənz
15680	disconnect	2407528	dɪskəˈnɛkt
15681	bloodhound	2407510	ˈblədhaʊnd
15682	multilingual	2407472	
15683	sherry	2407286	ˈʃɛri
15684	desperately	2407133	
15686	indies	2406907	ˈɪndiz
15687	tulip	2406691	ˈtulɪp
15688	madame	2406665	
15689	remedial	2406614	rɪˈmidiəl
15690	vain	2406302	veɪn
15691	bert	2406294	bərt
15692	immunization	2406054	ˌɪmjunəˈzeɪʃən
15693	dalton	2406005	ˈdɔltən
15694	bologna	2405514	
15695	departing	2404892	dɪˈpɑrtɪŋ
15697	maze	2404306	meɪz
15698	cumming	2403813	ˈkəmɪŋ
15699	barefoot	2402711	ˈbɛrˌfʊt
15700	remuneration	2402572	rɪmˌjunərˈeɪʃən
15701	bohemian	2402466	boʊˈhimiən
15702	interviewing	2402367	ˈɪntərvˌjuɪŋ
15703	categorized	2402134	ˈkætəgərˌaɪzd
15704	imposing	2401482	ˌɪmˈpoʊzɪŋ
15705	damon	2401346	ˈdeɪmən
15706	tivoli	2401149	ˈtɪvəli
15707	cmos	2401045	
15708	transmissions	2400730	trænzˈmɪʃənz
15709	receivable	2400318	rɪˈsivəbəl
15710	rode	2400161	roʊd
15711	amen	2400153	
15712	marching	2400087	ˈmɑrʧɪŋ
15713	ronnie	2399954	ˈrɑni
15714	evacuation	2399397	
15715	owing	2399321	oʊɪŋ
15716	warp	2399276	wɔrp
15717	implant	2399127	
15719	thematic	2398885	θiˈmætɪk
15720	brentwood	2398745	ˈbrɛntˌwʊd
15721	catholics	2398661	ˈkæθlɪks
15722	imo	2398408	
15723	correctional	2397855	kərˈɛkʃənəl
15724	faculties	2397454	ˈfækəltiz
15725	katz	2397439	kæts
15726	denies	2397434	dɪˈnaɪz
15728	buffers	2396823	ˈbəfərz
15729	talkback	2396655	ˈtɔkˌbæk
15730	servings	2396089	ˈsərvɪŋz
15731	reinforce	2394921	ˌriɪnˈfɔrs
15732	kobe	2394793	ˈkoʊbeɪ
15733	inception	2394773	ˌɪnˈsɛpʃən
15734	draper	2394747	ˈdreɪpər
15735	baylor	2394416	ˈbeɪlər
15737	bowman	2394377	ˈboʊmən
15738	frustrating	2394252	ˈfrəˌstreɪtɪŋ
15739	subversion	2394175	səbˈvərʒən
15741	zeta	2394047	ˈzeɪtə
15742	benny	2393928	ˈbɛni
15743	spires	2393880	spaɪrz
15744	barney	2393754	ˈbɑrni
15745	dinnerware	2393648	ˈdɪnərˌwɛr
15746	sclerosis	2392826	sklərˈoʊsəs
15747	homosexuality	2392550	ˌhoʊmoʊˌsɛkʃuˈæləˌti
15748	declares	2392411	dɪˈklɛrz
15749	emotionally	2391987	
15750	masonry	2391921	ˈmeɪsənri
15751	carbohydrate	2391830	
15752	medicinal	2391733	məˈdɪsənəl
15753	estrogen	2391686	ˈɛstrəʤən
15755	ipods	2391403	ˈaɪˌpɔdz
15756	accrued	2391008	əˈkrud
15757	temples	2390437	ˈtɛmpəlz
15758	realizing	2390433	ˈriəˌlaɪzɪŋ
15759	annum	2390404	ˈænəm
15761	cemeteries	2389792	ˈsɛməˌtɛriz
15762	indoors	2389570	ˈɪnˌdɔrz
15763	telescopes	2389085	ˈtɛləˌskoʊps
15764	magellan	2388447	məˈʤɛlən
15765	champs	2388179	ʧæmps
15766	federated	2387686	ˈfɛdərˌeɪtɪd
15767	averaging	2387410	ˈævrɪʤɪŋ
15768	salads	2387032	ˈsælədz
15769	addicted	2386786	əˈdɪktɪd
15770	shui	2386686	ʃui
15771	flashlight	2386453	ˈflæʃˌlaɪt
15772	disappointing	2386364	
15773	rockford	2386241	ˈrɑkfərd
15774	eighty	2385976	ˈeɪti
15775	staging	2385972	ˈsteɪʤɪŋ
15776	unlocked	2385296	ənˈlɑkt
15777	scarce	2385219	skɛrs
15778	statistic	2384948	stəˈtɪstɪk
15779	roche	2384778	
15780	ropes	2384639	roʊps
15781	torino	2384619	tɔˈrinoʊ
15782	spiders	2384288	ˈspaɪdərz
15783	obedience	2384233	oʊˈbidiəns
15784	plague	2383845	pleɪg
15785	diluted	2383641	
15786	canine	2383411	ˈkeɪˌnaɪn
15787	gladly	2383400	ˈglædli
15788	schizophrenia	2383269	ˌskɪtsəˈfriniə
15789	brewery	2383143	ˈbruəri
15790	lineage	2382912	ˈlɪniəʤ
15791	mehr	2382662	mɛr
15792	brew	2382584	bru
15793	vaughan	2382571	vɔn
15794	kern	2382522	kərn
15795	julius	2382296	ˈʤuljəs
15796	coup	2382274	ku
15797	cannes	2382265	
15798	morse	2382036	mɔrs
15799	dominance	2381788	ˈdɑmənəns
15800	predators	2381273	ˈprɛdətərz
15801	piston	2381202	ˈpɪstən
15803	cords	2380982	kɔrdz
15805	revisited	2380826	riˈvɪzətɪd
15806	cass	2380671	kæs
15807	sealing	2380108	ˈsilɪŋ
15808	topped	2379955	tɑpt
15809	adhesives	2379922	
15810	rag	2379816	ræg
15811	despair	2379553	dɪˈspɛr
15812	inventories	2379122	ˌɪnvənˈtɔriz
15813	fore	2378954	fɔr
15816	absorb	2378096	əbˈzɔrb
15817	injected	2378069	
15818	alps	2377380	ælps
15819	commodore	2377211	ˈkɑməˌdɔr
15820	dumping	2377175	ˈdəmpɪŋ
15821	enlisted	2376750	ˌɛnˈlɪstɪd
15822	prophets	2376749	ˈprɑfəts
15824	econ	2376255	ˈiˌkɑn
15827	supernatural	2374979	ˌsupərˈnæʧərəl
15828	overlooked	2374946	ˈoʊvərˌlʊkt
15829	magenta	2374461	məˈʤɛntə
15830	tagging	2374392	ˈtægɪŋ
15831	ditch	2373753	dɪʧ
15832	feared	2373625	fɪrd
15833	prelude	2373600	ˈpreɪˌlud
15834	rowe	2372780	roʊ
15835	slick	2372634	slɪk
15836	overly	2372522	ˈoʊvərli
15837	limestone	2372437	ˈlaɪmˌstoʊn
15838	triggers	2372243	ˈtrɪgərz
15839	commentaries	2372211	ˈkɑmənˌtɛriz
15840	constructs	2372108	
15841	impedance	2372086	ˌɪmˈpidəns
15843	manpower	2371829	ˈmænˌpaʊər
15846	chunk	2371231	ʧəŋk
15847	reels	2371017	rilz
15848	lob	2370806	lɑb
15849	slept	2370802	slɛpt
15850	gregg	2370023	grɛg
15851	refundable	2370011	rɪˈfəndəbəl
15852	hbo	2369976	ˈeɪʧbiˈoʊ
15853	billboard	2369545	ˈbɪlˌbɔrd
15854	drafted	2369018	ˈdræftɪd
15855	chalet	2368986	
15856	huang	2368880	
15858	layered	2368440	leɪərd
15859	hopper	2367920	ˈhɑpər
15860	sus	2367695	səs
15861	neurological	2367615	ˌnʊrəˈlɑʤɪkəl
15862	subs	2367299	səbz
15863	specialization	2367296	ˌspɛʃələˈzeɪʃən
15864	abstraction	2366467	æbˈstrækʃən
15865	ludwig	2365101	ˈlədwɪg
15866	watchdog	2365031	ˈwɑʧˌdɔg
15867	scandinavian	2364674	ˌskændɪˈneɪviən
15868	starbucks	2364470	ˈstɑrˌbəks
15870	viability	2364054	vaɪəˈbɪləti
15872	detained	2363691	dɪˈteɪnd
15873	luncheon	2363638	ˈlənʧən
15874	filler	2363583	ˈfɪlər
15875	smiley	2363430	sˈmaɪli
15876	zenith	2363349	ˈzinɪθ
15877	genomics	2363286	ˌʤiˈnoʊmɪks
15879	yum	2362952	jəm
15880	browns	2362811	braʊnz
15881	researched	2362534	riˈsərʧt
15882	waits	2362199	weɪts
15883	tenor	2361385	ˈtɛnər
15884	copiers	2360987	ˈkɑpiərz
15885	ovarian	2360849	oʊˈvɛˌriən
15886	softly	2360826	
15887	plenary	2360816	
15888	scrub	2360299	skrəb
15889	airplanes	2359533	ˈɛrpleɪnz
15890	wilkinson	2359481	
15891	limb	2359067	lɪm
15892	intestinal	2358994	ˌɪnˈtɛstɪnəl
15893	cello	2358848	ˈʧɛloʊ
15894	poe	2358805	poʊ
15896	refusing	2357765	
15897	suffers	2357684	ˈsəfərz
15898	sweepstakes	2357635	sˈwipˌsteɪks
15899	occupy	2357306	ˈɑkjəˌpaɪ
15900	antigens	2356918	ˈæntɪʤənz
15901	gan	2356874	gæn
15902	midtown	2356427	ˈmɪdˌtaʊn
15903	bethlehem	2355564	ˈbɛθlɪˌhɛm
15904	stabilization	2355377	ˌsteɪbələˈzeɪʃən
15905	caves	2355316	keɪvz
15906	authoritative	2355249	əˈθɔrəˌteɪtɪv
15907	celestial	2355105	səˈlɛsʧəl
15908	immense	2354605	ˌɪˈmɛns
15909	audrey	2354566	ˈɔdri
15910	merlin	2354378	ˈmərlɪn
15911	kinetics	2354107	kəˈnɛtɪks
15912	cocos	2354000	ˈkoʊˌkoʊz
15913	aiming	2353915	ˈeɪmɪŋ
15914	seizure	2353392	ˈsiʒər
15915	stuttgart	2353387	
15916	diplomacy	2352610	dɪˈploʊməsi
15917	differing	2352534	
15918	impacted	2352224	
15919	foreigners	2351944	
15920	limp	2351899	lɪmp
15921	capitalist	2351271	ˈkæpətəlɪst
15922	rumsfeld	2351158	ˈrəmzˌfɛld
15923	mute	2351105	mjut
15925	prescott	2350984	ˈprɛskɑt
15926	protestant	2350938	ˈprɑtəstənt
15927	metre	2350745	ˈmitər
15928	tricky	2350431	ˈtrɪki
15929	ordinances	2350341	ˈɔrdənənsɪz
15931	spaced	2349680	speɪst
15932	koch	2349132	
15934	topaz	2348935	ˈtoʊˌpæz
15936	segmentation	2348439	ˌsɛgmənˈteɪʃən
15937	imaginary	2348396	ˌɪˈmæʤəˌnɛri
15938	albion	2348149	ˈælbiən
15939	soaps	2347810	soʊps
15940	courthouse	2347505	ˈkɔrˌthaʊs
15941	sutherland	2346597	ˈsəðərlənd
15942	entrepreneurial	2346440	ˌɑntrəprəˈnəriəl
15943	dar	2345848	dɑr
15944	dart	2345761	dɑrt
15945	lebanese	2345613	ˈlɛbəˌniz
15946	psycho	2345581	ˈsaɪkoʊ
15947	maharashtra	2345459	ˌmɑhərˈɑʃˌtrə
15948	ricoh	2345322	ˈrikoʊ
15949	wrought	2345069	rɔt
15950	robe	2344642	roʊb
15952	theresa	2343953	
15953	heidelberg	2343859	ˈhaɪdəlbərg
15954	multitude	2343548	
15955	tutors	2342956	ˈtutərz
15956	ezra	2342588	ˈɛzrə
15957	housekeeping	2342524	ˈhaʊˌskipɪŋ
15958	captive	2342128	ˈkæptɪv
15959	kettle	2341770	ˈkɛtəl
15960	visitation	2341736	ˌvɪzɪˈteɪʃən
15962	gibbs	2341301	gɪbz
15963	baggage	2340989	ˈbægɪʤ
15964	chavez	2340951	
15965	dusty	2339959	ˈdəsti
15966	patty	2339693	ˈpæti
15967	serena	2339369	səˈrinə
15969	satire	2338817	ˈsæˌtaɪər
15970	overload	2338735	ˈoʊvərˌloʊd
15971	tortured	2338057	ˈtɔrʧərd
15972	pioneers	2337334	ˌpaɪəˈnɪrz
15973	vikings	2336967	ˈvaɪkɪŋz
15974	crate	2336818	kreɪt
15976	bootstrap	2336609	ˈbutˌstræp
15978	episcopal	2336299	ɪˈpɪskəpəl
15979	humane	2336128	hjuˈmeɪn
15981	moonlight	2334927	ˈmunˌlaɪt
15982	mast	2334829	mæst
15984	unfinished	2333647	ənˈfɪnɪʃt
15986	goth	2333078	gɑθ
15987	cared	2333049	kɛrd
15988	affection	2332707	əˈfɛkʃən
15989	sworn	2332355	swɔrn
15991	bowen	2332324	boʊən
15992	vicious	2331876	ˈvɪʃəs
15993	educating	2331409	
15994	nortel	2331289	ˈnɔrtɛl
15995	kin	2331005	kɪn
15996	koh	2330943	koʊ
15997	affiliations	2330795	əˌfɪliˈeɪʃənz
15998	cozy	2330794	ˈkoʊzi
15999	pussycat	2330623	ˈpʊsiˌkæt
16000	appropriated	2330545	əˈproʊpriˌeɪtɪd
16003	mackenzie	2330106	məˈkɛnzi
16004	reversible	2329713	
16007	slippers	2329284	sˈlɪpərz
16008	unclassified	2329160	ənˈklæsɪˌfaɪd
16009	earthquakes	2329102	ˈərθkˌweɪks
16010	bookshelf	2328590	ˈbʊkˌʃɛlf
16011	hayward	2327841	ˈheɪwərd
16012	wandering	2327786	ˈwɑndərɪŋ
16013	comb	2327626	koʊm
16014	liquids	2327187	
16016	beech	2327119	biʧ
16017	vineyards	2327015	ˈvɪnjərdz
16018	amer	2326748	ˈeɪmər
16020	frogs	2326307	frɑgz
16022	consequential	2325659	ˌkɑnsəkˈwɛnʃəl
16024	unreasonable	2324841	ənˈriznəbəl
16026	osborne	2324488	ˈɔzˌbɔrn
16027	raider	2323603	ˈreɪdər
16028	farmington	2323328	ˈfɑrmɪŋtən
16029	timers	2322877	ˈtaɪmərz
16030	stimulus	2322857	ˈstɪmjələs
16031	economists	2322843	
16032	miners	2322828	ˈmaɪnərz
16033	agnes	2322429	ˈægnɪs
16034	constituency	2322415	kənˈstɪʧuənsi
16035	rocker	2322314	ˈrɑkər
16036	acknowledges	2321868	ækˈnɑlɪʤɪz
16037	alas	2321771	əˈlæs
16040	sawyer	2321394	
16041	maori	2321308	ˈmaʊri
16042	lawmakers	2321236	ˈlɔˌmeɪkərz
16043	tense	2320926	tɛns
16044	predicting	2320903	
16045	filipino	2320723	ˌfɪləˈpinoʊ
16046	cooled	2320309	kuld
16047	prudential	2319748	pruˈdɛnʃəl
16048	basel	2319607	ˈbɑzəl
16049	migrant	2319291	ˈmaɪgrənt
16050	devotion	2319290	dɪˈvoʊʃən
16051	larson	2318809	ˈlɑrsən
16053	invoke	2318419	ˌɪnˈvoʊk
16055	leaning	2318144	ˈlinɪŋ
16056	centrally	2317496	ˈsɛntrəli
16059	paddle	2316636	ˈpædəl
16060	watkins	2316405	ˈwɑtkɪnz
16061	oxley	2316327	ˈɑksli
16062	anterior	2316239	ænˈtɪriər
16063	dealership	2316058	ˈdilərˌʃɪp
16064	chop	2315541	ʧɑp
16065	eyewear	2315532	ˈaɪˌwɛr
16066	rooted	2315294	
16067	onyx	2315135	ˈɑnɪks
16068	benches	2315058	ˈbɛnʧɪz
16069	illumination	2314953	ˌɪˌluməˈneɪʃən
16070	freedoms	2314731	ˈfridəmz
16071	bakersfield	2314616	ˈbeɪkərzˌfild
16072	foolish	2314452	ˈfulɪʃ
16073	finale	2314315	fəˈnæli
16074	weaker	2314182	ˈwikər
16075	foley	2314106	ˈfoʊli
16076	fir	2312692	fər
16077	stirling	2312659	ˈstərlɪŋ
16078	moran	2312457	mɔˈræn
16080	compose	2311784	kəmˈpoʊz
16081	nausea	2311479	ˈnɔziə
16082	comfortably	2310081	ˈkəmfərtəbli
16083	hoop	2310001	hup
16084	addictive	2309956	əˈdɪktɪv
16085	clarinet	2309907	ˌklɛrəˈnɛt
16086	temps	2309859	tɛmps
16087	fiona	2309644	fiˈoʊnə
16088	clearer	2309498	ˈklɪrər
16090	floods	2309318	flədz
16091	gigabyte	2309317	ˈgɪgəˌbaɪt
16092	fritz	2309089	frɪts
16093	mover	2309084	ˈmuvər
16095	modeled	2307095	ˈmɑdəld
16096	erica	2307054	ˈɛrɪkə
16097	malaga	2306599	ˈmæləgə
16098	rainforest	2305867	ˈraɪnˌfɔrəst
16099	federally	2305397	
16100	sustaining	2305240	səˈsteɪnɪŋ
16102	repaired	2304344	
16103	diocese	2304337	
16104	francois	2304303	frɑnsˈwɑ
16105	obituary	2304274	oʊˈbɪʧuˌɛri
16106	multinational	2304039	
16107	painters	2303826	
16108	thistle	2303759	ˈθɪsəl
16111	sleepy	2303460	sˈlipi
16112	nope	2303364	noʊp
16113	footnotes	2303110	ˈfʊtˌnoʊts
16115	rupert	2302587	ˈrupərt
16116	shrine	2302579	ʃraɪn
16117	aspirin	2302297	ˈæsprɪn
16118	purified	2302093	ˈpjʊrəˌfaɪd
16119	striving	2301814	ˈstraɪvɪŋ
16120	dire	2301525	
16121	attendant	2301496	əˈtɛndənt
16122	gull	2301164	gəl
16123	jour	2301146	ʤur
16124	mir	2301062	mɪr
16125	spoilers	2300642	ˈspɔɪlərz
16127	machining	2300268	məˈʃinɪŋ
16128	malibu	2300139	ˈmæləbu
16129	memoir	2299845	ˈmɛmˌwɑr
16130	betsy	2299580	ˈbɛtsi
16131	gatwick	2299263	
16132	shaun	2299131	ʃɔn
16133	redundancy	2299058	rɪˈdəndənsi
16134	meredith	2298941	ˈmɛrɪdɪθ
16135	fauna	2298940	ˈfɔnə
16136	cliffs	2298828	klɪfs
16137	hayden	2298803	ˈheɪdən
16138	emo	2298484	ˈiˌmoʊ
16139	roadside	2298262	ˈroʊdˌsaɪd
16140	smells	2298156	smɛlz
16141	dispose	2298026	dɪˈspoʊz
16142	detox	2297343	ˈdiˌtɑks
16143	waking	2297304	ˈweɪkɪŋ
16144	feathers	2297128	ˈfɛðərz
16145	skateboard	2296744	ˈskeɪtˌbɔrd
16146	reflex	2296477	ˈriflɛks
16147	falcons	2296397	ˈfælkənz
16148	automate	2296259	ˈɔtəˌmeɪt
16150	branson	2295775	ˈbrænsən
16151	spurs	2295629	spərz
16153	ortho	2295530	ˈɔrˌθoʊ
16154	crashed	2295284	kræʃt
16155	appraisals	2294795	əˈpreɪzəlz
16156	travelled	2294125	ˈtrævəld
16157	urgency	2294018	ˈərʤənsi
16158	flashes	2293952	ˈflæʃɪz
16159	lakewood	2293545	ˈleɪkˌwʊd
16160	gould	2293519	guld
16161	brit	2293348	brɪt
16164	eliza	2292065	ɪˈlaɪzə
16166	kramer	2291542	ˈkreɪmər
16167	graduating	2291215	
16168	rims	2291023	rɪmz
16169	harmonic	2290965	hɑrˈmɑnɪk
16170	usaid	2290937	ˈjuˈɛˈseɪd
16171	darts	2290842	dɑrts
16173	shin	2288964	ʃɪn
16174	intriguing	2288807	ˌɪnˈtrigɪŋ
16175	keypad	2288563	ˈkiˌpæd
16176	flaw	2288130	flɔ
16177	richland	2287832	
16178	tails	2287798	teɪlz
16180	microbial	2287718	maɪˈkroʊbiəl
16181	discarded	2287290	dɪˈskɑrdɪd
16182	bibles	2287235	ˈbaɪbəlz
16183	hangs	2287111	hæŋz
16185	caregivers	2286636	ˈkɛrˌgɪvərz
16186	joanna	2286620	ʤoʊˈænə
16187	quark	2286617	kwɑrk
16191	stranded	2285325	
16193	horton	2284621	ˈhɔrtən
16194	dolce	2283881	ˈdoʊˌlʧeɪ
16195	hercules	2283618	ˈhərkjəˌliz
16196	pane	2282782	peɪn
16197	browning	2282546	ˈbraʊnɪŋ
16198	angular	2282356	ˈæŋgjələr
16199	veins	2282346	veɪnz
16200	folds	2282227	foʊldz
16201	grinder	2281990	ˈgraɪndər
16202	angie	2281695	ˈænʤi
16203	sneak	2280877	snik
16204	octet	2280607	ɑkˈtɛt
16206	incorrectly	2280414	ˌɪnkərˈɛktli
16207	avoidance	2280365	əˈvɔɪdəns
16209	dinosaurs	2279772	ˈdaɪnəˌsɔrz
16210	sauces	2279536	
16211	conquer	2279399	ˈkɑŋkər
16212	mccoy	2278977	məˈkɔɪ
16213	probabilities	2278966	ˌprɑbəˈbɪləˌtiz
16214	vibe	2278741	vaɪb
16215	immortal	2278011	ˌɪˈmɔrtəl
16216	mariners	2278010	ˈmɛrənərz
16217	snapshots	2278001	sˈnæpˌʃɑts
16219	endeavor	2277610	ɪnˈdɛvər
16220	creole	2277595	ˈkrioʊl
16221	mateo	2277443	mɑˈteɪoʊ
16222	meth	2277432	mɛθ
16223	trendy	2277368	ˈtrɛndi
16224	teas	2277290	tiz
16225	settling	2277106	
16226	inpatient	2276012	ˈɪnˌpeɪʃənt
16227	filming	2275985	ˈfɪlmɪŋ
16228	badger	2275812	ˈbæʤər
16229	mohammed	2275767	moʊˈhæmɪd
16230	saturdays	2275210	
16231	partisan	2275007	ˈpɑrtəzən
16232	fread	2274959	frɛd
16233	backend	2274904	ˌbæˈkɛnd
16234	pri	2274142	
16235	gratitude	2274093	ˈgrætəˌtud
16236	impress	2274015	
16237	willy	2273954	ˈwɪli
16239	eminent	2273923	ˈɛmənənt
16240	ribs	2273552	rɪbz
16241	communicated	2273387	kəmˈjunəˌkeɪtɪd
16242	exceptionally	2272954	
16243	quilts	2272852	kwɪlts
16244	cartier	2272834	ˈkɑrtiər
16246	splits	2272659	splɪts
16247	subscribing	2272477	səbˈskraɪbɪŋ
16248	companions	2272408	kəmˈpænjənz
16249	cheques	2272318	ʧɛks
16250	containment	2272292	kənˈteɪnmənt
16251	keynes	2272159	keɪnz
16252	protections	2271529	prəˈtɛkʃənz
16253	edith	2271217	ˈidɪθ
16254	aliases	2270764	ˈeɪliəsɪz
16255	maximizing	2270543	ˈmæksəˌmaɪzɪŋ
16256	screwed	2270111	skrud
16258	tomcat	2269978	ˈtɑmˌkæt
16259	magna	2269919	ˈmægnə
16260	walmart	2269839	ˈwɔlˌmɑrt
16261	sectional	2269463	ˈsɛkʃənəl
16262	interestingly	2268970	ˈɪntəˌrɛstɪŋli
16263	fashionable	2268946	
16264	polly	2268880	ˈpɑli
16265	tidal	2268649	ˈtaɪdəl
16266	jules	2268604	ʤulz
16267	ballots	2268477	ˈbæləts
16268	hog	2268262	hɑg
16269	ernie	2268175	ˈərni
16270	testify	2268094	ˈtɛstɪˌfaɪ
16271	poole	2267945	pul
16272	boycott	2267945	ˈbɔɪˌkɑt
16274	vitality	2267737	vaɪˈtæləti
16275	clerks	2267600	klərks
16276	crust	2267452	krəst
16277	bothered	2267322	ˈbɑðərd
16278	traverse	2266937	
16279	vengeance	2266642	ˈvɛnʤəns
16281	dolly	2266400	ˈdɑli
16282	pissed	2266238	pɪst
16283	garrison	2265953	ˈgærɪsən
16284	nite	2265820	naɪt
16285	sal	2265728	sæl
16286	barb	2265716	bɑrb
16287	mckenzie	2265454	məˈkɛnzi
16288	lenox	2265277	ˈlɛnəks
16290	miner	2264812	ˈmaɪnər
16291	fashions	2264509	ˈfæʃənz
16293	genital	2264034	ˈʤɛnətəl
16295	barr	2263617	bɑr
16296	analogy	2263449	əˈnæləʤi
16297	insomnia	2263184	ˌɪnˈsɑmniə
16298	constituent	2263143	kənˈstɪʧuənt
16299	aura	2263012	ˈɔrə
16300	cecil	2262884	ˈsisəl
16301	sponge	2262717	spənʤ
16302	cajun	2262690	ˈkeɪʤən
16304	algebraic	2262216	ˌælʤəˈbreɪɪk
16305	sect	2262094	sɛkt
16307	diner	2261961	ˈdaɪnər
16308	anticipation	2261724	
16309	enduring	2261346	
16310	scarborough	2260919	ˈskɑrˌbəroʊ
16311	kristen	2260739	ˈkrɪstən
16312	regis	2260707	ˈriʤɪs
16314	winters	2260458	ˈwɪntərz
16315	nous	2259869	nus
16316	explosives	2259785	ɪkˈsploʊsɪvz
16317	mound	2259654	maʊnd
16319	backgammon	2259134	ˈbækˌgæmən
16322	chromatography	2258524	kroʊməˈtɑgrəfi
16323	overdose	2258473	ˈoʊvərˌdoʊs
16324	nad	2257673	næd
16325	gallagher	2257606	ˈgæləgər
16326	snatch	2256983	snæʧ
16327	mueller	2256736	mˈjulər
16328	mole	2256537	moʊl
16330	owed	2256361	oʊd
16331	ethan	2256315	ˈiθən
16332	cao	2256157	kaʊ
16334	orgasms	2254938	ˈɔrgæzəmz
16335	plantronics	2254579	ˌplænˈtrɑnɪks
16337	kissed	2254272	kɪst
16338	buff	2254017	bəf
16339	freezers	2253962	ˈfrizərz
16340	butcher	2253885	ˈbʊʧər
16341	psalms	2253800	
16342	rum	2253411	rəm
16344	reese	2252849	ris
16345	chefs	2252629	ʃɛfs
16346	engraving	2252004	ɪnˈgreɪvɪŋ
16348	constituted	2251515	ˈkɑnstəˌtutəd
16349	gastrointestinal	2251383	ˌgæstroʊɪnˈtɛstənəl
16350	hamlet	2251257	
16356	clad	2247938	klæd
16357	excursion	2247674	ɪkˈskərʒən
16360	inverness	2247568	ˈɪnvərˌnɛs
16361	orb	2247433	ɔrb
16362	grange	2247323	greɪnʤ
16363	netware	2247250	ˈnɛtˌwɛr
16366	resigned	2246288	
16367	retriever	2245974	riˈtrivər
16368	fled	2245856	flɛd
16370	enriched	2245731	ɛnˈrɪʧt
16371	harrington	2245726	ˈhɛrɪŋtən
16372	brandy	2245535	ˈbrændi
16373	swings	2245409	swɪŋz
16374	pixar	2245356	ˈpɪksɑr
16375	scion	2245350	saɪən
16376	elle	2245279	ɛl
16377	reptiles	2245176	ˈrɛptaɪlz
16379	vortex	2244809	ˈvɔrtɛks
16380	swallowing	2244613	sˈwɑloʊɪŋ
16382	purses	2244577	ˈpərsɪz
16383	bodily	2243749	ˈbɑdəli
16386	awe	2241800	
16388	beaumont	2241669	ˈboʊmɔnt
16390	australasia	2241262	ˌɔstrəˈleɪʒə
16391	mandy	2240981	ˈmændi
16392	hoods	2240850	hʊdz
16393	antitrust	2240438	ˌæntaɪˈtrəst
16394	equine	2240303	ˈikˌwaɪn
16396	fireplaces	2240184	
16397	proto	2240138	ˈproʊtə
16398	jared	2240128	ˈʤɛrɪd
16399	requisite	2239862	ˈrɛkwəzət
16400	retrospective	2239656	ˌrɛtrəˈspɛktɪv
16401	emphasizes	2238517	ˈɛmfəˌsaɪzɪz
16402	lizard	2238343	ˈlɪzərd
16403	hawthorne	2238309	ˈhɔθɔrn
16404	tehran	2238223	ˌteɪˈrɑn
16405	bouquets	2237840	
16406	dal	2237668	dæl
16407	wears	2237421	wɛrz
16408	anesthesia	2237242	ˌænɪsˈθiˌʒiə
16409	shropshire	2237118	ʃˈrɑpˌʃaɪr
16410	baja	2236983	ˈbɑˌhɑ
16412	regal	2236787	ˈrigəl
16413	safeguards	2236324	ˈseɪfˌgɑrdz
16414	cabbage	2235882	
16415	cub	2235775	kəb
16417	wrongful	2235339	ˈrɔŋfəl
16418	spectator	2235338	ˈspɛkteɪtər
16419	arrests	2235121	ərˈɛsts
16420	circumstance	2235074	ˈsərkəmˌstæns
16421	signage	2234537	ˈsaɪnɪʤ
16422	numbering	2233841	ˈnəmbərɪŋ
16424	encode	2233497	ɛnˈkoʊd
16425	admins	2233477	ˈædmɪnz
16427	dau	2233093	doʊ
16428	alvin	2232995	ˈælvɪn
16429	accolades	2232640	ˈækəˌleɪdz
16430	raton	2232513	rəˈtoʊn
16431	sliced	2232434	slaɪst
16432	reproductions	2232254	ˌriprəˈdəkʃənz
16433	stefani	2231933	ˈstɛfəni
16434	infertility	2231925	ˌɪnfərˈtɪlɪˌti
16435	byrd	2231903	bərd
16436	sidewalk	2231882	ˈsaɪdˌwɔk
16437	prob	2231681	prɑb
16438	breaker	2231387	ˈbreɪkər
16439	curly	2231026	ˈkərli
16441	alberto	2230679	ælˈbərtoʊ
16442	collage	2230355	kəˈlɑʒ
16443	asserted	2230343	əˈsərtəd
16444	aces	2229921	ˈeɪsɪz
16447	jealous	2229501	ˈʤɛləs
16448	refinement	2229226	rəˈfaɪnmənt
16449	durban	2228830	ˈdərbən
16450	learnt	2228719	lərnt
16452	hound	2228633	haʊnd
16453	squirrel	2228308	skwərəl
16455	concealed	2228233	kənˈsild
16456	bankruptcies	2228091	ˈbæŋkrəptsiz
16457	gauges	2227826	
16458	blueprint	2227312	ˈbluˌprɪnt
16459	mccain	2227162	məˈkeɪn
16460	spiderman	2227007	ˈspaɪdərmæn
16461	bridging	2226960	ˈbrɪʤɪŋ
16462	wharf	2226856	
16463	rhythms	2226659	ˈrɪðəmz
16464	departures	2226525	dɪˈpɑrʧərz
16465	flick	2226500	flɪk
16466	datum	2226219	
16467	shotgun	2225854	ˈʃɑtˌgən
16468	stimulated	2225851	
16469	chickens	2225835	ˈʧɪkənz
16470	canceled	2225251	ˈkænsəld
16471	langley	2224871	
16472	briggs	2224709	brɪgz
16473	cheyenne	2224473	ʃaɪɛn
16474	empowering	2224072	ɪmˈpaʊərɪŋ
16475	lug	2223791	ləg
16477	surveyor	2222995	
16478	facilitator	2222990	fəˈsɪləˌteɪtər
16479	bos	2222737	bɑs
16480	macworld	2222694	ˈmækˌwərld
16482	maize	2222076	meɪz
16483	galveston	2222053	ˈgælvəstən
16484	extinction	2221990	
16485	unaware	2221929	ˌənəˈwɛr
16486	rockville	2221708	ˈrɑkˌvɪl
16487	banff	2221531	bænf
16488	discretionary	2221521	dɪˈskrɛʃəˌnɛri
16492	psalm	2220027	
16493	serv	2219850	sərv
16495	tek	2219164	tɛk
16496	scented	2218936	ˈsɛntɪd
16499	musica	2217824	mˈjuzɪkə
16500	bib	2217795	bɪb
16501	gowns	2217657	gaʊnz
16502	stevie	2216763	ˈstivi
16503	spying	2216698	spaɪɪŋ
16504	nicholson	2216571	ˈnɪkəlsən
16505	rivera	2216114	rɪˈvɛrə
16506	dermatology	2215849	ˌdərməˈtɑləʤi
16507	lied	2215843	laɪd
16509	sandbox	2215370	ˈsændˌbɑks
16510	bloc	2215168	blɑk
16514	premiership	2214457	prɛˈmɪrˌʃɪp
16515	luton	2214453	ˈlutən
16516	recurrent	2214373	
16517	talbot	2214323	ˈtælbət
16519	leaks	2214133	liks
16520	tam	2214121	tæm
16522	swell	2213445	swɛl
16523	obstacle	2213426	ˈɑbstəkəl
16524	ville	2213387	vɪl
16526	fluorescence	2212938	ˌflʊˈrɛsəns
16527	kosher	2212803	ˈkoʊʃər
16528	mantle	2212731	ˈmæntəl
16529	additives	2212673	ˈædɪtɪvz
16530	chico	2212526	ˈʧiˌkoʊ
16531	driveway	2212347	ˈdraɪvˌweɪ
16532	irony	2212193	ˈaɪrəni
16533	gesture	2211952	ˈʤɛsʧər
16534	fairbanks	2211487	ˈfɛrbəŋks
16536	marketed	2210881	
16537	armies	2210841	ˈɑrmiz
16539	hugs	2209967	həgz
16540	greenfield	2209164	ˈgrinˌfild
16541	santos	2209111	ˈsæntoʊs
16542	owls	2208765	aʊlz
16543	mandrake	2208765	ˈmænˌdreɪk
16544	cutters	2208709	ˈkətərz
16545	camper	2208353	ˈkæmpər
16546	acquires	2207920	əkˈwaɪərz
16548	ceased	2207677	sist
16549	merging	2207630	ˈmərʤɪŋ
16550	plaques	2207525	plæks
16551	breadth	2207395	brɛdθ
16552	mammoth	2207269	ˈmæməθ
16553	liquidity	2207213	
16554	convictions	2206377	kənˈvɪkʃənz
16555	lasik	2206093	ˈleɪˌsɪk
16556	intentional	2206039	ˌɪnˈtɛnʃənəl
16557	galactic	2205825	gəˈlæktɪk
16558	sophia	2205688	
16559	merchandising	2205545	ˈmərʧənˌdaɪzɪŋ
16560	prohibits	2204849	proʊˈhɪbəts
16561	ombudsman	2204623	ˈɑmbədzmən
16562	innings	2204569	ˈɪnɪŋz
16563	registrant	2204494	ˈrɛʤəstrənt
16564	reorganization	2204091	ˌriɔrgənəˈzeɪʃən
16565	pronunciation	2203941	
16566	firefighters	2203597	ˈfaɪərˌfaɪtərz
16567	placements	2202980	ˈpleɪsmənts
16569	concession	2202890	kənˈsɛʃən
16570	measurable	2202880	ˈmɛʒərəbəl
16572	ami	2202799	ˈɑmi
16573	parcels	2202732	ˈpɑrsəlz
16574	pastry	2202621	ˈpeɪstri
16575	manners	2202352	ˈmænərz
16576	levin	2202321	
16577	academia	2202285	ˌækəˈdimiə
16578	amiga	2201683	əˈmigə
16579	phosphorus	2201635	ˈfɑsfərəs
16580	viper	2201559	ˈvaɪpər
16582	hid	2201472	hɪd
16583	volcanic	2201241	vɑlˈkænɪk
16584	gypsy	2201227	ˈʤɪpsi
16585	thieves	2201031	θivz
16586	preaching	2200846	ˈpriʧɪŋ
16587	pimp	2200611	pɪmp
16588	repeal	2200528	
16590	uncovered	2200137	ənˈkəvərd
16591	hemp	2200098	hɛmp
16592	eileen	2199805	aɪˈlin
16593	proficient	2199374	prɑˈfɪʃənt
16594	pelican	2199254	ˈpɛləkən
16595	cyclic	2199045	ˈsaɪklɪk
16596	swimsuit	2199038	sˈwɪmˌsut
16597	apocalypse	2198730	əˈpɑkəˌlɪps
16598	morphology	2198704	mɔrˈfɑləʤi
16599	versace	2198224	
16601	cousins	2197809	ˈkəzənz
16602	discharges	2197331	
16603	giorgio	2196662	ˈʤɔrʤioʊ
16604	condom	2196416	ˈkɑndəm
16605	admire	2196307	ædˈmaɪr
16606	westerns	2196151	ˈwɛstərnz
16608	dodgers	2195501	ˈdɑʤərz
16610	poured	2195144	pɔrd
16611	usefulness	2194801	ˈjusfəlnəs
16612	unsolicited	2194503	ˌənsəˈlɪsɪtɪd
16613	binds	2193939	baɪndz
16614	unveiled	2193279	ənˈveɪld
16615	correlations	2193131	ˌkɔrəˈleɪʃənz
16616	burt	2193104	bərt
16617	titus	2193051	ˈtaɪtəs
16618	textual	2192863	ˈtɛksˌʧuəl
16619	suffix	2192739	ˈsəfɪks
16620	handsets	2192653	ˈhændˌsɛts
16621	installment	2192474	ˌɪnˈstɔlmənt
16622	gandhi	2192142	ˈgɑndi
16623	spindle	2192023	ˈspɪndəl
16624	heavens	2191944	ˈhɛvənz
16625	inks	2191859	ɪŋks
16626	wink	2191452	wɪŋk
16627	diarrhea	2191254	ˌdaɪərˈiə
16628	seahawks	2191248	ˈsiˌhɔks
16629	mister	2191168	ˈmɪstər
16630	rounding	2191014	ˈraʊndɪŋ
16631	inorganic	2190780	ˌɪnɔrˈgænɪk
16632	flare	2190533	flɛr
16633	scholastic	2190315	skəˈlæstɪk
16634	wight	2190271	waɪt
16635	mondays	2189977	
16636	withholding	2189743	wɪθˈhoʊldɪŋ
16640	couture	2188659	kuˈtʊr
16641	foliage	2188270	
16642	nod	2188223	nɑd
16645	fife	2186988	faɪf
16646	generals	2186641	
16647	crank	2185208	kræŋk
16648	goats	2184919	goʊts
16649	autographs	2184662	ˈɔtəˌgræfs
16650	summarize	2184649	ˈsəmərˌaɪz
16651	stub	2184616	stəb
16652	fundamentally	2184344	
16653	creamy	2184127	ˈkrimi
16654	exposition	2184050	ˌɛkspəˈzɪʃən
16656	rains	2183544	reɪnz
16657	buckley	2183416	ˈbəkli
16658	middleton	2183377	ˈmɪdəltən
16659	laminated	2183151	ˈlæməˌneɪtəd
16662	tort	2182973	tɔrt
16663	brace	2182960	breɪs
16664	backups	2182568	ˈbæˌkəps
16665	novelties	2182172	ˈnɑvəltiz
16666	turismo	2182123	ˈtʊrɪsmoʊ
16667	gigantic	2182100	
16668	abdul	2181993	æbˈdul
16669	sheldon	2181491	ˈʃɛldən
16670	ryder	2181395	ˈraɪdər
16672	mayhem	2180898	ˈmeɪˌhɛm
16673	washers	2180888	ˈwɑʃərz
16676	polymerase	2180425	ˈpɑˌlɪmərˌeɪs
16678	octave	2180280	ˈɑktɪv
16679	struts	2180214	strəts
16683	suppress	2179050	səˈprɛs
16684	harding	2178980	ˈhɑrdɪŋ
16685	dams	2178745	dæmz
16686	deserved	2178581	dɪˈzərvd
16687	violates	2178320	ˈvaɪəleɪts
16688	joplin	2178089	ˈʤɑplɪn
16692	rutherford	2177326	ˈrəθərfərd
16693	afro	2177296	ˈæfroʊ
16694	separates	2177004	
16695	proofs	2176910	prufs
16696	precedent	2176695	ˈprɛsɪdənt
16698	prosecutors	2176534	ˈprɑsɪˌkjutərz
16699	confirming	2176371	kənˈfərmɪŋ
16700	garth	2176273	gɑrθ
16701	nolan	2175918	ˈnoʊlən
16702	alloys	2175171	ˈæˌlɔɪz
16703	mach	2174764	mɑk
16704	getaways	2174538	ˈgɛtəˌweɪz
16705	facilitated	2174363	fəˈsɪləˌteɪtɪd
16707	paolo	2174306	ˈpaʊloʊ
16708	metaphor	2174119	ˈmɛtəfɔr
16709	bridget	2174095	
16710	wonderland	2173907	ˈwəndərˌlænd
16711	infusion	2173865	ˌɪnfˈjuʒən
16712	jessie	2173750	ˈʤɛsi
16714	zine	2172576	zaɪn
16715	conn	2172390	kɑn
16716	truman	2172356	ˈtrumən
16717	argus	2172332	ˈɑrgəs
16718	jin	2171963	ʤɪn
16719	mango	2171900	ˈmæŋgoʊ
16720	spur	2171795	spər
16721	jubilee	2171646	
16722	landmarks	2171203	ˈlændˌmɑrks
16723	polite	2171161	pəˈlaɪt
16725	thigh	2171107	θaɪ
16726	asynchronous	2169827	ˈeɪˈsɪŋkrənəs
16727	paving	2169814	ˈpeɪvɪŋ
16728	cyclone	2169364	sɪˈkloʊn
16729	perennial	2169281	pərˈɛniəl
16730	carla	2169262	ˈkɑrlɑ
16731	jacqueline	2169107	
16732	seventeen	2168961	ˈsɛvənˈtin
16734	meats	2168286	mits
16735	clearinghouse	2168182	ˈklɪrɪŋˌhaʊs
16737	dwi	2167694	
16738	bulldog	2167341	ˈbʊlˌdɔg
16739	cleavage	2166872	
16741	uma	2166436	ˈjumə
16742	gradual	2166399	ˈgræʤuəl
16743	brethren	2165812	ˈbrɛðrən
16744	facilitates	2165802	fəˈsɪləˌteɪts
16745	embodiment	2165658	ɛmˈbɑdimənt
16749	violating	2165306	ˈvaɪəleɪtɪŋ
16750	recruited	2164551	
16751	bernstein	2164550	
16752	skis	2164527	skiz
16754	marketers	2164086	ˌmɑrkətərz
16756	trailing	2163754	ˈtreɪlɪŋ
16757	pact	2163660	pækt
16759	lipstick	2163155	ˈlɪpˌstɪk
16760	honourable	2163115	ˈɑnərəbəl
16761	lulu	2162895	ˈluˌlu
16762	windy	2162674	
16763	brennan	2162600	ˈbrɛnən
16765	punished	2162545	ˈpənɪʃt
16766	saturation	2162437	ˌsæʧərˈeɪʃən
16767	stamford	2162402	ˈstæmfərd
16768	alamo	2162395	ˈæləmoʊ
16769	chronology	2161984	krəˈnɑləʤi
16770	mastery	2161704	ˈmæstəri
16771	thermometer	2161420	θərˈmɑmətər
16772	cranberry	2161233	ˈkrænˌbɛri
16773	kan	2160933	kæn
16774	downhill	2160921	ˈdaʊnˈhɪl
16775	vita	2160856	ˈvaɪtə
16776	comcast	2160724	ˈkɑmˌkæst
16777	hyderabad	2160319	
16778	steer	2159937	stɪr
16779	nesting	2159830	ˈnɛstɪŋ
16780	vogue	2159792	voʊg
16781	aired	2159611	ɛrd
16783	spaghetti	2158989	spəˈgɛti
16784	outward	2158902	ˈaʊtwərd
16785	whisper	2158715	
16788	boogie	2157978	
16792	compromised	2156859	ˈkɑmprəˌmaɪzd
16793	utilizes	2156760	ˈjutəˌlaɪzɪz
16794	confession	2156622	kənˈfɛʃən
16795	deprived	2155999	dɪˈpraɪvd
16796	benedict	2155897	ˈbɛnəˌdɪkt
16798	vodka	2155662	ˈvɑdkə
16799	molding	2154964	ˈmoʊldɪŋ
16800	zaire	2154891	zaɪɪr
16801	fasteners	2154203	
16802	bricks	2154059	brɪks
16803	communism	2153825	ˈkɑmjəˌnɪzəm
16804	leopard	2153753	ˈlɛpərd
16805	sakai	2152556	sɑˈkɑi
16807	flowering	2151998	flaʊərɪŋ
16808	wig	2151939	wɪg
16809	jingle	2151886	ˈʤɪŋgəl
16810	bounty	2151873	ˈbaʊnti
16811	arcadia	2151851	ɑrˈkeɪdiə
16812	fishes	2151535	
16813	ringing	2151327	ˈrɪŋɪŋ
16814	knobs	2151258	nɑbz
16815	taurus	2150339	ˈtɔrəs
16817	whiskey	2149429	
16818	absurd	2148981	əbˈsərd
16819	committing	2148886	kəˈmɪtɪŋ
16820	tolerant	2148096	ˈtɑlərənt
16821	stoves	2147560	stoʊvz
16823	enactment	2146865	
16824	laminate	2146858	
16825	earring	2146830	
16828	embryo	2146623	ˈɛmbriˌoʊ
16831	nora	2144854	ˈnɔrə
16832	salts	2144773	sɔlts
16833	marietta	2144747	ˌmɛriˈɛtə
16834	ergonomic	2144410	ˌərgəˈnɑmɪk
16835	furious	2144253	fˈjʊriəs
16837	iteration	2144069	ˌɪtəˈreɪʃən
16838	vida	2143531	ˈvaɪdə
16839	ceilings	2143491	ˈsilɪŋz
16840	dispenser	2143467	dɪˈspɛnsər
16841	respecting	2143341	riˈspɛktɪŋ
16843	approving	2142483	əˈpruvɪŋ
16845	unsafe	2142475	ənˈseɪf
16846	refills	2141889	
16847	ibis	2141847	ˈaɪbəs
16849	separating	2141749	ˈsɛpərˌeɪtɪŋ
16850	soups	2141445	sups
16851	residing	2141368	
16852	unidentified	2141331	ˌənaɪˈdɛntəˌfaɪd
16854	richie	2141057	ˈrɪʧi
16855	markings	2140739	ˈmɑrkɪŋz
16857	moist	2140516	mɔɪst
16858	tractors	2140424	ˈtræktərz
16860	drained	2139571	dreɪnd
16863	coed	2139346	
16865	mule	2138641	mjul
16866	cummings	2138422	ˈkəmɪŋz
16867	sheikh	2138230	ʃik
16869	hernandez	2137755	hərˈnændɛz
16870	kiwi	2137471	ˈkiwi
16871	ohm	2137321	oʊm
16872	cessation	2137188	ˌsɛˈseɪʃən
16874	append	2136979	əˈpɛnd
16875	motive	2136857	ˈmoʊtɪv
16876	pests	2136804	pɛsts
16877	acreage	2136630	
16878	seasoned	2136568	ˈsizənd
16879	sunflower	2136497	ˈsənˌflaʊər
16880	duel	2136368	duəl
16882	fingerprint	2136190	ˈfɪŋgərˌprɪnt
16883	bernardino	2135797	
16884	stocked	2135627	stɑkt
16885	sorority	2135042	sərˈɔrəti
16886	bethel	2134879	
16887	entre	2134677	
16888	audition	2134610	ɑˈdɪʃən
16890	plano	2134185	ˈpleɪnoʊ
16892	sunderland	2133327	ˈsəndərlənd
16893	doris	2132988	
16894	motives	2132803	ˈmoʊtɪvz
16895	reinforcement	2132508	ˌriɪnˈfɔrsmənt
16896	dwight	2132409	dwaɪt
16898	leveraging	2131493	
16899	psychotherapy	2131314	ˌsaɪkoʊˈθɛrəpi
16900	provost	2131303	ˈproʊvoʊst
16902	guessing	2131003	ˈgɛsɪŋ
16904	stokes	2130793	stoʊks
16905	lakers	2130619	ˈleɪkərz
16907	saxophone	2130007	ˈsæksəˌfoʊn
16908	cocktails	2129998	ˈkɑkˌteɪlz
16909	tal	2129892	tɑl
16910	mead	2129480	mid
16911	harlem	2129282	ˈhɑrləm
16912	throttle	2129057	θˈrɑtəl
16913	steroid	2128756	stərɔɪd
16914	gong	2128445	gɔŋ
16916	communicator	2128091	kəmˈjunəˌkeɪtər
16917	horticulture	2128038	ˈhɔrtɪˌkəlʧər
16919	resets	2127923	
16921	sympathetic	2127529	ˌsɪmpəˈθɛtɪk
16922	fridays	2127464	
16924	bono	2127384	ˈboʊnoʊ
16925	isolate	2127204	ˈaɪsəˌleɪt
16926	unconscious	2126950	ˌənˈkɑnʃəs
16927	bays	2126514	beɪz
16928	acronym	2125641	ˈækrənɪm
16930	faulty	2125277	ˈfɔlti
16931	affidavit	2125205	ˌæfəˈdeɪvət
16932	breathtaking	2124735	ˈbrɛθˌteɪkɪŋ
16933	streamline	2124680	ˈstrimˌlaɪn
16934	crowne	2124457	kraʊn
16935	messiah	2124191	məˈsaɪə
16936	brunch	2123970	brənʧ
16937	infamous	2123711	ˈɪnfəməs
16938	pundit	2123572	ˈpəndət
16939	pleasing	2123373	ˈplizɪŋ
16940	seizures	2123353	ˈsiʒərz
16941	appealed	2123326	əˈpild
16942	figurine	2123179	ˌfɪgjərˈin
16943	surveyors	2123090	
16944	mutants	2123025	mˈjutənts
16945	cyberspace	2122840	ˈsaɪbərˌspeɪs
16946	tenacious	2122528	təˈneɪʃəs
16947	expiry	2122063	ˌɛkˈspaɪri
16949	waterfall	2121717	ˈwɔtərˌfɔl
16950	sensual	2121425	ˈsɛnʃəwəl
16951	persecution	2121168	ˌpərsəˈkjuʃən
16952	goldman	2120965	ˈgoʊldmən
16953	petit	2120813	ˈpɛti
16954	burgess	2120777	ˈbərʤəs
16956	inning	2119847	ˈɪnɪŋ
16957	gaze	2119763	geɪz
16958	fries	2119656	fraɪz
16959	chlorine	2119419	ˈklɔrin
16960	freshly	2119331	ˈfrɛʃli
16961	initialize	2119091	ˌɪˈnɪʃəˌlaɪz
16963	saxon	2118651	ˈsæksən
16964	cabo	2118507	
16965	rye	2118455	raɪ
16966	sybase	2118391	ˈsaɪˌbeɪs
16967	isabella	2117892	ˌɪzəˈbɛlə
16968	foundry	2117706	ˈfaʊndri
16969	toxicology	2117705	ˌtɑksɪˈkɑləʤi
16971	monies	2117267	ˈməniz
16974	assassination	2116496	əˌsæsəˈneɪʃən
16975	nostalgia	2115900	nɔˈstælʤə
16976	remarkably	2115679	
16977	acetate	2115668	ˈæsəˌteɪt
16978	pointe	2114811	pɔɪnt
16979	stall	2114252	stɔl
16981	deere	2113985	dɪr
16983	saratoga	2113061	ˌsɛrəˈtoʊgə
16984	entirety	2112980	ɪnˈtaɪərti
16985	destined	2112859	ˈdɛstɪnd
16986	marcel	2112634	mɑrˈsɛl
16987	terminator	2112514	ˈtərməˌneɪtər
16988	lad	2112499	læd
16989	hulk	2112390	həlk
16990	badminton	2111283	ˈbædˌmɪntən
16991	cyan	2111144	saɪæn
16992	ora	2111128	ˈɔrə
16993	cory	2111050	ˈkɔˌri
16994	bal	2110992	bæl
16995	flores	2110181	ˈflɔˌrɛz
16996	olivier	2109998	ˌoʊˈlɪˌviˌeɪ
16997	portage	2109768	
16998	stacey	2109729	ˈsteɪsi
17000	dwellings	2109333	dˈwɛlɪŋz
17001	informing	2108822	ˌɪnˈfɔrmɪŋ
17002	yellowstone	2108731	ˈjɛloʊˌstoʊn
17003	portability	2107820	ˌpɔrtəˈbɪlɪti
17004	characterize	2107717	ˈkɛrɪktərˌaɪz
17005	ricardo	2107700	rɪˈkɑrdoʊ
17006	yourselves	2107575	
17008	yearbook	2106514	ˈjɪrˌbʊk
17009	rotterdam	2106095	ˈrɑtərˌdæm
17010	lubricants	2106029	
17013	alameda	2105485	ˌæləˈmidə
17014	aerosol	2105024	ˈɛrəˌsɑl
17016	clemson	2104654	ˈklɛmsən
17017	hostage	2103928	ˈhɑstɪʤ
17018	cracker	2103875	ˈkrækər
17019	anglican	2103871	ˈæŋglɪkən
17020	monks	2103722	məŋks
17021	compliment	2103716	ˈkɑmpləmɛnt
17022	camino	2103573	kəˈminoʊ
17023	storey	2103431	ˈstɔri
17024	scotch	2103280	skɑʧ
17025	sermons	2103017	ˈsərmənz
17026	goin	2102702	gɔɪn
17027	philly	2102437	ˈfɪli
17028	remembers	2102056	
17029	coolers	2101965	ˈkulərz
17030	multilateral	2101916	
17031	freddie	2101786	ˈfrɛdi
17032	contention	2101748	kənˈtɛnʃən
17033	costello	2101592	ˌkɔˈstɛloʊ
17034	audited	2100803	ˈɔdɪtɪd
17035	juliet	2100455	ˈʤuliˌɛt
17036	adjunct	2100139	ˈæˌʤəŋkt
17037	guernsey	2099491	ˈgərnzi
17038	galore	2099185	gəˈlɔr
17039	aloha	2099181	əˈloʊhɑ
17041	bangor	2098667	
17042	persia	2098507	ˈpərʒə
17045	axes	2097942	
17047	stirring	2097850	stərɪŋ
17049	altavista	2097647	ˌɔltəˈvɪstə
17050	wil	2097363	wɪl
17051	haze	2097119	heɪz
17052	pits	2096761	pɪts
17053	exponential	2096725	ˌɛkspoʊˈnɛnʃəl
17054	utter	2096533	ˈətər
17055	shi	2096174	ʃi
17056	bottled	2095983	ˈbɑtəld
17057	ants	2095946	ænts
17059	gastric	2095401	ˈgæstrɪk
17060	secretarial	2095099	ˌsɛkrəˈtɛriəl
17061	influencing	2094933	ˈɪnˌfluənsɪŋ
17062	rents	2094682	rɛnts
17063	christy	2094560	ˈkrɪsti
17064	theirs	2094103	ðɛrz
17065	mattresses	2093868	
17066	todays	2093247	
17067	donovan	2093243	ˈdɑnəvən
17068	lax	2093131	læks
17069	toaster	2092936	ˈtoʊstər
17070	cater	2092828	ˈkeɪtər
17071	colts	2092808	koʊlts
17073	rehearsal	2092470	
17074	strauss	2092320	straʊs
17075	reputable	2092298	ˈrɛpjətəbəl
17076	wei	2092089	weɪ
17078	tuck	2091789	tək
17080	slab	2091074	slæb
17081	lure	2090646	lʊr
17083	ren	2090330	rɛn
17086	archbishop	2090110	ˈɑrʧˈbɪʃəp
17087	putin	2090056	ˈputɪn
17088	questionnaires	2089908	kˌwɛsʧəˈnɛrz
17089	ling	2089684	lɪŋ
17090	incompatible	2089664	ˌɪnkəmˈpætəbəl
17091	emblem	2089468	ˈɛmbləm
17093	roadway	2088681	ˈroʊdˌweɪ
17094	overlapping	2088603	ˈoʊvərˌlæpɪŋ
17095	serials	2088560	ˈsɪriəlz
17096	walters	2088305	ˈwɔltərz
17097	dunes	2088285	dunz
17098	equivalence	2087946	ɪkˈwɪvələns
17099	murders	2087692	ˈmərdərz
17100	vaughn	2087574	vɔn
17101	aviv	2087465	ɑˈviv
17102	miserable	2087452	
17103	unsuccessful	2087199	ˌənsəkˈsɛsfəl
17104	condominiums	2087162	ˌkɑndəˈmɪniəmz
17105	decorate	2087154	ˈdɛkərˌeɪt
17106	appleton	2087092	ˈæpəltən
17107	bottoms	2086781	ˈbɑtəmz
17108	revocation	2086612	ˌrɛvəˈkeɪʃən
17109	vomiting	2086485	ˈvɑmətɪŋ
17110	chesterfield	2086291	ˈʧɛstərˌfild
17111	exposing	2085985	ɪkˈspoʊzɪŋ
17112	pea	2085825	pi
17113	tubs	2085601	təbz
17114	simulate	2085384	
17115	schematic	2085298	skɪˈmætɪk
17116	liposuction	2085127	
17117	medina	2085061	
17119	apoptosis	2083989	ˌæpɔpˈtoʊsɪz
17120	thankful	2083939	ˈθæŋkfəl
17121	pneumatic	2083855	nuˈmætɪk
17122	alaskan	2083811	əˈlæskən
17123	friedrich	2083416	ˈfridrɪk
17124	sniper	2083413	sˈnaɪpər
17125	vertices	2083014	ˈvərtɪˌsiz
17126	elephants	2082778	ˈɛləfənts
17127	pinch	2082769	pɪnʧ
17128	additive	2081681	ˈædɪtɪv
17129	professionalism	2081396	prəˈfɛʃənəˌlɪzəm
17130	libertarian	2081230	ˌlɪˌbərˈtɛˌriən
17131	rus	2080985	rəs
17132	flynn	2080599	flɪn
17133	washable	2080531	ˈwɑʃəbəl
17134	normalized	2079769	ˈnɔrməˌlaɪzd
17136	scopes	2079413	skoʊps
17137	fundraiser	2079383	ˈfənˌdreɪzər
17138	braces	2079192	
17139	troll	2079165	troʊl
17140	calhoun	2079074	kæˈlhun
17141	teamwork	2078965	ˈtimˌwərk
17142	deficient	2078834	dɪˈfɪʃənt
17143	auditions	2078655	ˌɔˈdɪʃənz
17144	refrigerators	2078580	rɪˈfrɪʤərˌeɪtərz
17145	redirected	2078154	ˌridərˈɛktɪd
17146	annotations	2078019	ˌænəˈteɪʃənz
17147	middletown	2078004	ˈmɪdəlˌtaʊn
17148	filth	2077997	fɪlθ
17149	moderation	2077347	ˌmɑdərˈeɪʃən
17150	widgets	2077257	ˈwɪʤɪts
17151	worrying	2077211	ˈwəriɪŋ
17152	ontology	2077123	ɑnˈtɑləʤi
17153	timberland	2077070	ˈtɪmbərˌlænd
17154	mags	2077030	mægz
17155	outrageous	2077025	aʊˈtreɪʤəs
17156	kraft	2076875	kræft
17158	concluding	2076732	kənˈkludɪŋ
17159	vallarta	2076037	ˌvæˈlɑrtɑ
17160	blackboard	2075979	ˈblækˌbɔrd
17161	chopper	2075817	ˈʧɑpər
17162	nitrate	2075633	ˈnaɪˌtreɪt
17163	pinball	2075051	ˈpɪnˌbɔl
17164	pharmacists	2074882	ˈfɑrməsɪsts
17165	skates	2074563	skeɪts
17166	surcharge	2074485	
17168	comstock	2073640	ˈkɑmˌstɑk
17169	hers	2073030	hərz
17170	grin	2072855	grɪn
17172	latvian	2072711	ˈlætviən
17174	footprint	2072054	ˈfʊtˌprɪnt
17175	installs	2071537	ˌɪnˈstɔlz
17176	malware	2071152	ˈmælˌwɛr
17177	tunnels	2070886	ˈtənəlz
17178	crises	2070725	ˈkraɪsiz
17179	trillion	2070561	ˈtrɪljən
17181	comforter	2070250	ˈkəmfərtər
17182	cashmere	2070228	ˈkæʒmɪr
17183	heavier	2070219	ˈhɛviər
17184	nguyen	2070173	nuˈjɛn
17185	meteorological	2070017	ˌmitiˌɔrəˈlɑʤɪkəl
17186	spit	2069895	spɪt
17187	labelled	2069889	ˈleɪbəld
17188	darker	2069829	ˈdɑrkər
17189	salomon	2069393	ˈsæləmən
17190	horsepower	2068922	ˈhɔrˌspaʊər
17191	globes	2068693	gloʊbz
17192	algae	2068644	ˈælʤi
17193	sarbanes	2068580	ˈsɑrˌbeɪnz
17194	alcoholism	2068409	ˈælkəˌhɔˌlɪzəm
17195	dissent	2068302	dɪˈsɛnt
17198	maximal	2067611	ˈmæksəməl
17199	daly	2067511	ˈdeɪli
17200	prenatal	2067285	priˈneɪtəl
17201	documenting	2067028	
17202	scooby	2066885	ˈskubi
17203	choral	2066632	ˈkɔrəl
17204	unrestricted	2066478	ˌənriˈstrɪktɪd
17205	happenings	2066040	
17206	moby	2065962	ˈmoʊbi
17208	neu	2065780	nɔɪ
17209	contempt	2065319	kənˈtɛmpt
17210	socialism	2065289	ˈsoʊʃəˌlɪzəm
17211	hem	2064628	hɛm
17213	mcbride	2063719	məkˈbraɪd
17214	edible	2063618	ˈɛdəbəl
17215	anarchy	2063597	ˈænərˌki
17216	arden	2063576	ˈɑrdən
17217	clicked	2063357	klɪkt
17218	ineffective	2063276	ˌɪnɪˈfɛktɪv
17219	scorecard	2062533	ˈskɔrˌkɑrd
17221	beirut	2062273	beɪˈrut
17222	drawers	2061328	drɔrz
17223	byrne	2060883	bərn
17224	conditioners	2060563	kənˈdɪʃənərz
17225	acme	2060278	ˈækmi
17226	leakage	2060270	
17227	culturally	2059882	ˈkəlʧərəˌli
17229	shady	2059463	ˈʃeɪdi
17230	chemist	2059417	ˈkɛmɪst
17231	evenly	2059380	ˈivənli
17232	janitorial	2059299	ˌʤænɪˈtɔriəl
17233	reclamation	2058885	ˌrɛkləˈmeɪʃən
17234	rove	2058665	roʊv
17235	propane	2058626	ˈproʊˌpeɪn
17237	collagen	2058332	ˈkɑləgən
17238	lionel	2058317	ˈlaɪənəl
17239	praised	2058171	preɪzd
17240	rhymes	2057587	raɪmz
17241	blizzard	2057566	ˈblɪzərd
17242	erect	2057313	ɪˈrɛkt
17244	nigerian	2057201	naɪˈʤɪriən
17245	refining	2057173	
17246	concessions	2057023	kənˈsɛʃənz
17248	commandments	2056927	kəˈmændmənts
17249	malone	2056804	məˈloʊn
17250	confront	2056392	kənˈfrənt
17252	vests	2056167	vɛsts
17253	lydia	2055299	ˈlɪdiə
17254	coyote	2055263	
17255	makeover	2055242	ˈmæˌkoʊvər
17256	breeder	2055219	ˈbridər
17257	electrode	2054669	ˌɪˈlɛktroʊd
17260	chow	2054077	ʧaʊ
17262	cookbooks	2053703	ˈkʊkˌbʊks
17263	pollen	2053694	ˈpɑlən
17264	drunken	2053197	ˈdrəŋkən
17266	avis	2052817	ˈeɪvɪs
17267	valet	2052690	væˈleɪ
17268	spoiler	2052657	ˈspɔɪlər
17269	cheng	2052211	ʧɛŋ
17270	ari	2051728	ˈɑri
17272	lamborghini	2050914	ˌlæmbərˈgini
17273	polarized	2050842	ˈpoʊlərˌaɪzd
17274	shrubs	2050241	ʃrəbz
17275	watering	2050112	ˈwɔtərɪŋ
17276	baroque	2050077	bəroʊk
17278	barrow	2049454	
17279	eliot	2049290	ˈɛliət
17280	jung	2048884	jʊŋ
17281	jihad	2048833	
17282	transporting	2048610	trænˈspɔrtɪŋ
17284	rifles	2048020	ˈraɪfəlz
17287	posterior	2047718	ˌpɔˈstɪrjər
17288	aria	2047712	ˈɑriə
17289	elgin	2047683	ˈɛlʤɪn
17290	excise	2047155	
17291	poetic	2047062	poʊˈɛtɪk
17292	abnormalities	2046863	ˌæbnɔrˈmælətiz
17293	mortar	2046739	ˈmɔrtər
17295	blamed	2046530	bleɪmd
17296	rae	2046470	reɪ
17297	recommending	2046455	ˌrɛkəˈmɛndɪŋ
17298	inmate	2046395	ˈɪnˌmeɪt
17299	dirk	2045987	dərk
17300	posture	2045913	ˈpɑsʧər
17301	thereon	2045762	ðɛˈrɔn
17302	valleys	2045542	ˈvæliz
17303	declaring	2045168	dɪˈklɛrɪŋ
17306	septic	2044503	ˈsɛptɪk
17307	commencing	2044467	kəˈmɛnsɪŋ
17308	armada	2044394	ɑrˈmɑdə
17309	wrench	2044382	rɛnʧ
17310	thanked	2044216	θæŋkt
17311	citroen	2044109	ˈsɪtroʊn
17312	arranging	2043604	ərˈeɪnʤɪŋ
17313	thrilled	2043399	θrɪld
17316	predicts	2042913	
17317	amelia	2042715	əˈmiljə
17319	jonah	2042513	ˈʤoʊnə
17320	expedited	2042174	ˈɛkspɪˌdaɪtɪd
17321	discomfort	2041894	dɪˈskəmfərt
17322	curricula	2041759	kərˈɪkjəˌlɑ
17323	scar	2041756	skɑr
17324	indictment	2041547	ˌɪnˈdaɪtmənt
17325	apology	2041402	əˈpɑləˌʤi
17328	raped	2040735	reɪpt
17329	collars	2040558	ˈkɑlərz
17331	andover	2040416	ˈændoʊvər
17333	sloan	2040295	sloʊn
17334	pudding	2040237	ˈpʊdɪŋ
17335	flawed	2040094	flɔd
17337	checkpoint	2040010	ˈʧɛkˌpɔɪnt
17338	rosenberg	2039748	ˈroʊzənbərg
17340	plato	2039668	ˈpleɪtoʊ
17341	examiners	2039353	ɪgˈzæmɪnərz
17342	salzburg	2039250	
17344	rot	2038597	rɑt
17345	callaway	2038597	ˈkæləweɪ
17347	possesses	2038087	
17348	dorm	2037885	dɔrm
17349	squared	2037543	skwɛrd
17350	needless	2037409	ˈnidləs
17351	pies	2036827	paɪz
17352	lakeside	2036381	ˈleɪkˌsaɪd
17353	marquette	2036329	mɑrˈkɛt
17354	palma	2035402	ˈpɑlmə
17355	barnett	2035309	bɑrˈnɛt
17356	interconnection	2035162	ˌɪntərkəˈnɛkʃən
17357	gilmore	2034986	ˈgɪlmɔr
17360	heterogeneous	2034451	ˌhɛtərəˈʤinjəs
17361	taxis	2034449	ˈtæksiz
17362	hates	2034161	heɪts
17363	aspirations	2034151	ˌæspərˈeɪʃənz
17365	fences	2033711	ˈfɛnsɪz
17366	excavation	2033197	ˌɛkskəˈveɪʃən
17367	cookers	2032956	ˈkʊkərz
17368	luckily	2032217	ˈləkəli
17369	ultraviolet	2032114	ˌəltrəˈvaɪəlɪt
17370	rutland	2031798	ˈrətlənd
17371	lighted	2031416	
17372	pneumonia	2031182	
17373	monastery	2031139	ˈmɑnəˌstɛri
17375	erected	2030236	
17376	expresses	2030197	
17377	haitian	2029984	ˈheɪʃən
17378	dialing	2029895	
17379	migrate	2029846	ˈmaɪˌgreɪt
17380	unicef	2028697	ˈjunəˌsɛf
17381	carton	2028105	ˈkɑrtən
17382	lorraine	2028082	ləreɪn
17385	hague	2027435	heɪg
17386	mentors	2026897	
17387	transforms	2026401	trænsˈfɔrmz
17388	ammonia	2026351	əˈmoʊnjə
17389	steiner	2026256	ˈstaɪnər
17390	licensure	2026109	ˈlaɪsənʧər
17391	roxy	2026103	ˈrɑksi
17392	outlaw	2025935	ˈaʊˌtlɔ
17393	tammy	2025634	ˈtæmi
17394	saws	2025375	sɔz
17395	bovine	2025195	ˈboʊˌvaɪn
17397	dislike	2025063	dɪsˈlaɪk
17398	systematically	2024800	ˌsɪstəˈmætɪkli
17399	ogden	2024597	ˈɑgdən
17400	interruption	2024412	ˌɪntərˈəpʃən
17401	demi	2024352	ˈdɛmi
17402	imminent	2023614	ˈɪmənənt
17403	madam	2023575	ˈmædəm
17404	tights	2023147	taɪts
17405	compelled	2023097	kəmˈpɛld
17406	criticized	2022870	ˈkrɪtəˌsaɪzd
17407	hypertext	2022676	ˈhaɪpərˌtɛkst
17409	soybean	2022297	ˈsɔɪˌbin
17410	electra	2021948	ɪˈlɛktrə
17411	affirmed	2021161	əˈfərmd
17413	communal	2020689	kəmˈjunəl
17414	landlords	2020341	ˈlænˌdlɔrdz
17415	brewers	2020281	bruərz
17416	emu	2020275	ˈimˌju
17417	libby	2019919	ˈlɪˌbi
17419	dynamite	2019294	ˈdaɪnəˌmaɪt
17420	tease	2019275	tiz
17421	motley	2019182	ˈmɑtli
17423	aroma	2018777	ərˈoʊmə
17424	pierced	2018684	pɪrst
17425	translates	2018620	
17426	mais	2018544	meɪs
17427	retractable	2018290	riˈtræktəbəl
17428	cognition	2018120	kɑgˈnɪʃən
17430	cain	2017996	keɪn
17431	townhouse	2017964	ˈtaʊnˌhaʊs
17432	verona	2017675	vərˈoʊnə
17434	syn	2017477	sɪn
17436	delegated	2017165	ˈdɛləˌgeɪtəd
17437	coco	2016752	ˈkoʊˌkoʊ
17438	chatting	2016434	ˈʧætɪŋ
17439	punish	2016120	ˈpənɪʃ
17440	fishermen	2016086	ˈfɪʃərmɪn
17441	pipelines	2015779	ˈpaɪˌplaɪnz
17442	conforming	2015526	kənˈfɔrmɪŋ
17443	causal	2015266	ˈkɔzəl
17444	rudy	2014882	ˈrudi
17445	stringent	2014881	ˈstrɪnʤənt
17446	rowan	2014844	roʊən
17447	tia	2014530	ˈtiə
17448	assigning	2014457	əˈsaɪnɪŋ
17449	dwell	2014411	dwɛl
17450	hacked	2013975	hækt
17451	inaugural	2013884	
17452	awkward	2013836	ˈɔkwərd
17453	congrats	2013725	kənˈgræts
17455	weaving	2013543	ˈwivɪŋ
17456	metropolis	2013253	məˈtrɑpələs
17457	arafat	2013098	ˈɑrəˌfɑt
17459	psychologists	2012725	saɪˈkɑləʤəsts
17460	diligence	2012672	ˈdɪlɪʤəns
17461	stair	2012524	stɛr
17462	splitter	2012361	ˈsplɪtər
17463	dine	2012279	daɪn
17464	wai	2011508	waɪ
17465	standardization	2011213	stændərdɪˈzeɪʃən
17466	enforcing	2011186	ɛnˈfɔrsɪŋ
17467	lakeland	2011077	ˈleɪklənd
17469	classy	2010936	ˈklæsi
17470	struggled	2010667	ˈstrəgəld
17471	lookout	2010468	ˈlʊˌkaʊt
17472	arterial	2010430	ɑrˈtɪriəl
17473	injustice	2010049	ˌɪnˈʤəstɪs
17474	mystical	2009920	ˈmɪstɪkəl
17476	triathlon	2009762	ˌtraɪˈæθlən
17477	ironing	2009586	
17480	commanded	2008832	kəˈmændɪd
17481	woodlands	2007640	
17482	guardians	2007578	ˈgɑrdiənz
17483	manifesto	2007273	
17484	slap	2007220	slæp
17485	jaws	2007131	ʤɔz
17486	textured	2007120	ˈtɛksʧərd
17487	finn	2007078	fɪn
17488	doppler	2006820	ˈdɑplər
17489	pedestal	2006553	ˈpɛdəstəl
17490	entropy	2006551	ˈɛntrəpi
17491	widening	2006534	ˈwaɪdənɪŋ
17492	snooker	2005679	sˈnʊkər
17493	unleashed	2005394	ənˈliʃt
17494	underwood	2005381	ˈəndərˌwʊd
17495	saline	2005218	səˈlin
17496	sonny	2004845	ˈsəni
17497	longevity	2004715	lɔnˈʤɛvəti
17498	paw	2004599	pɔ
17499	lux	2004493	ləks
17500	isabel	2004448	ˈɪzəˌbɛl
17501	nairobi	2004096	ˌnaɪˈroʊbi
17502	sterile	2004050	ˈstɛrəl
17503	importer	2003477	ˌɪmˈpɔrtər
17505	orioles	2003354	ˈɔriˌoʊlz
17506	botany	2003091	ˈbɑtəni
17507	dissolution	2003049	ˌdɪsəˈluʃən
17508	rotor	2003039	ˈroʊtər
17509	pauline	2003029	pɔˈlin
17510	quart	2002127	kwɔrt
17512	bison	2002028	ˈbaɪsən
17513	suppressed	2002016	səˈprɛst
17514	allegro	2001576	əˈlɛˌgroʊ
17515	materially	2000903	məˈtɪriəli
17517	amor	2000838	ˈæmər
17519	fungi	2000715	ˈfənʤaɪ
17520	phyllis	2000386	ˈfɪlɪs
17522	dreamy	2000147	ˈdrimi
17523	bengal	1999971	ˈbɛŋgəl
17524	backstage	1999908	ˈbækˈsteɪʤ
17525	scrolls	1999835	skroʊlz
17526	awakening	1999637	əˈweɪkənɪŋ
17528	fairies	1998301	ˈfɛriz
17529	prescribe	1998175	
17530	lubbock	1998043	ˈləbək
17531	greed	1997460	grid
17532	nominate	1997305	
17533	sparkle	1997295	ˈspɑrkəl
17534	autograph	1997100	ˈɔtəˌgræf
17535	suvs	1997046	ˌɛsˌjuˈviz
17537	migrating	1996478	ˈmaɪˌgreɪtɪŋ
17538	gasket	1996432	ˈgæskət
17539	refrain	1996424	rɪˈfreɪn
17540	lastly	1996311	ˈlæstli
17541	overcoming	1996216	ˈoʊvərˌkəmɪŋ
17542	wander	1996154	ˈwɑndər
17543	kona	1995840	ˈkoʊnə
17544	relieved	1995685	
17545	firearm	1995529	
17546	dss	1995347	ˈdiˈɛˈsɛs
17547	luc	1995235	luk
17548	elena	1994964	
17549	bam	1994832	bæm
17550	closures	1994806	ˈkloʊʒərz
17551	participatory	1994106	ˌpɑrˈtɪsəpəˌtɔri
17552	intermittent	1994067	ˌɪntərˈmɪtənt
17553	ante	1993948	ˈænti
17554	micron	1993771	ˈmaɪˌkrɑn
17555	budgetary	1993701	ˈbəʤɪˌtɛri
17558	revolving	1993058	riˈvɑlvɪŋ
17560	bundled	1991914	ˈbəndəld
17562	bombers	1991459	ˈbɑmərz
17563	covert	1991310	ˈkoʊvərt
17564	crater	1991071	ˈkreɪtər
17565	leah	1991022	ˈliə
17566	favored	1990643	ˈfeɪvərd
17567	bred	1990553	brɛd
17569	fractional	1990433	ˈfrækʃənəl
17570	markus	1990346	ˈmɑrkəs
17571	ideological	1990291	ˌaɪdiəˈlɑʤɪkəl
17572	fostering	1990009	ˈfɑstərɪŋ
17574	rheumatoid	1989418	ˈruməˌtɔɪd
17575	thence	1989263	ðɛns
17576	birthplace	1989123	ˈbərθˌpleɪs
17577	bleed	1989071	blid
17578	reverend	1988924	
17579	transmitting	1988592	trænsˈmɪtɪŋ
17581	cabernet	1988133	ˌkæbərˈneɪ
17584	neptune	1987289	ˈnɛptun
17586	caucasian	1987029	kɔˈkeɪʒən
17587	understandable	1986952	ˌəndərˈstændəbəl
17588	shea	1986897	ʃeɪ
17589	goblet	1986831	ˈgɑblət
17590	doctorate	1986782	ˈdɑktərət
17591	binaries	1986777	ˈbaɪnəˌriz
17592	inventions	1986727	ˌɪnˈvɛnʃənz
17593	dea	1986635	di
17594	slovenian	1986617	sˌloʊˈviniən
17595	practicable	1986296	ˈpræktəkəbəl
17596	showdown	1986109	ˈʃoʊˌdaʊn
17597	simone	1985976	sɪˈmoʊn
17598	fronts	1985378	frənts
17599	ancestor	1985344	ˈænˌsɛstər
17600	russians	1985132	ˈrəʃənz
17602	potentials	1984611	pəˈtɛnʃəlz
17603	incur	1984112	ˌɪnˈkər
17604	tempe	1984024	ˈtɛmpi
17606	cores	1983675	kɔrz
17607	borrowers	1983348	ˈbɑroʊərz
17609	canonical	1982599	kəˈnɑnəkəl
17610	nodded	1982403	
17611	confronted	1982279	
17612	believer	1982182	bɪˈlivər
17615	australians	1982145	ɔˈstreɪljənz
17616	nifty	1981740	ˈnɪfti
17617	declines	1981620	dɪˈklaɪnz
17618	unveils	1981596	ənˈveɪlz
17619	peacock	1981500	ˈpiˌkɑk
17620	utmost	1981459	ˈətˌmoʊst
17621	skeletal	1981391	ˈskɛlətəl
17623	oahu	1981256	ˌoʊˈɑhu
17624	yates	1980900	jeɪts
17625	leroy	1980645	ˈliˌrɔɪ
17626	rollover	1980601	ˈroʊˌloʊvər
17628	helpers	1979877	ˈhɛlpərz
17630	elapsed	1979609	ɪˈlæpst
17632	anthrax	1979121	ˈænθræks
17633	academies	1979091	əˈkædəmiz
17634	tout	1978808	taʊt
17635	shockwave	1978764	ˈʃɑkˌweɪv
17637	imitation	1978554	ˌɪməˈteɪʃən
17638	harvested	1978518	ˈhɑrvəstɪd
17639	dab	1978263	dæb
17640	hopeful	1978152	ˈhoʊpfəl
17641	furnishing	1977961	ˈfərnɪʃɪŋ
17642	negatively	1977538	ˈnɛgətɪvli
17644	residences	1977445	ˈrɛzɪdənsɪz
17645	spinach	1977356	ˈspɪnəʧ
17647	liquidation	1976877	ˌlɪkwɪˈdeɪʃən
17648	predecessor	1976404	ˈprɛdəˌsɛsər
17650	cheeks	1976189	ʧiks
17651	hare	1976109	hɛr
17652	beasts	1975860	bists
17653	touchdown	1975719	ˈtəʧˌdaʊn
17654	planar	1975442	ˈpleɪnər
17655	philanthropy	1975441	fɪˈlænθrəpi
17656	adequacy	1975306	ˈædəkwəsi
17657	iomega	1974846	ˌaɪoʊˈmeɪgə
17660	peanuts	1974558	
17661	discovers	1974534	dɪˈskəvərz
17662	eastman	1974520	ˈistmən
17663	franchising	1974199	ˈfrænʧaɪzɪŋ
17665	discard	1974132	dɪˈskɑrd
17666	cavalry	1974089	ˈkævəlri
17667	ged	1973444	
17668	breakers	1973331	ˈbreɪkərz
17669	quorum	1973172	kˈwɔrəm
17670	forwards	1973103	ˈfɔrwərdz
17672	prevalent	1972549	ˈprɛvələnt
17674	exploits	1972178	ˈɛkˌsplɔɪts
17677	dukes	1971678	duks
17678	offended	1971454	
17679	trimmed	1971349	trɪmd
17681	ferries	1971054	ˈfɛriz
17682	worcestershire	1970957	ˈwʊstəʃər
17684	bonn	1970357	bɑn
17685	muller	1970236	ˈmələr
17686	prostitution	1970168	ˌprɑstəˈtuʃən
17687	mosque	1969984	
17688	fudge	1969555	fəʤ
17690	horseback	1969441	ˈhɔrsˌbæk
17691	vested	1969347	ˈvɛstɪd
17692	terribly	1969093	ˈtɛrəbli
17693	earnest	1968639	ˈərnɪst
17695	svenska	1968158	sˈvɛnskə
17697	myocardial	1967884	ˌmaɪəˈkɑrdiəl
17698	homme	1967874	hɑm
17699	clancy	1967790	ˈklænsi
17700	everytime	1967786	ˈɛvriˌtaɪm
17702	tory	1967098	ˈtɔri
17703	encompasses	1967049	ɛnˈkəmpəsəz
17704	rossi	1966867	ˈrɔsi
17705	sander	1966734	ˈsændər
17706	oldham	1966565	ˈoʊldəm
17707	gonzales	1966535	gɑnˈzɑləs
17708	conductivity	1966252	ˌkɑnˌdəkˈtɪvəti
17710	confederate	1966184	
17711	presumed	1966005	
17712	annette	1965739	əˈnɛt
17713	climax	1965596	ˈklaɪˌmæks
17714	blending	1965386	ˈblɛndɪŋ
17716	weave	1965230	wiv
17717	vicki	1965107	ˈvɪki
17718	postponed	1964751	poʊstˈpoʊnd
17719	danville	1964566	ˈdænˌvɪl
17720	philosophers	1964528	fəˈlɑsəfərz
17721	speeding	1964427	ˈspidɪŋ
17722	creditor	1963758	
17723	exits	1963047	
17724	pardon	1963040	ˈpɑrdən
17725	sedona	1963002	səˈdoʊnə
17726	oder	1962972	ˈoʊdər
17727	skateboarding	1962882	ˈskeɪtˌbɔrdɪŋ
17729	abby	1962559	ˈæbi
17731	outback	1962517	ˈaʊtˌbæk
17732	teller	1962509	ˈtɛlər
17733	mandates	1962363	ˈmænˌdeɪts
17735	reiki	1962162	ˈreɪki
17736	biopsy	1962155	ˈbaɪɑpsi
17737	peptides	1962139	ˈpɛpˌtaɪdz
17738	veil	1962101	veɪl
17739	peck	1961752	pɛk
17740	custodian	1961690	kəˈstoʊdiən
17741	dante	1961656	ˈdɑnteɪ
17742	lange	1961635	læŋ
17743	quarry	1960848	kˈwɔri
17744	seneca	1960810	ˈsɛnəkə
17745	oceanic	1960760	ˌoʊʃiˈænɪk
17747	helm	1960083	hɛlm
17748	burbank	1959857	ˈbərˌbæŋk
17749	festive	1959678	ˈfɛstɪv
17750	rosen	1959045	ˈroʊzən
17753	alla	1958469	ˈɑlə
17754	preserves	1958403	
17755	sediments	1957228	ˈsɛdəmənts
17756	appraiser	1957049	əˈpreɪzər
17758	ingram	1956959	ˈɪŋgrəm
17759	gaussian	1956833	ˈgaʊsiən
17760	hustler	1956791	
17761	jess	1956764	ʤɛs
17762	tensions	1956635	ˈtɛnʧənz
17763	secretion	1956191	səˈkriʃən
17764	linkages	1956143	ˈlɪŋkɪʤɪz
17766	insult	1955836	
17767	scraps	1955784	skræps
17768	waived	1955721	weɪvd
17769	cured	1955657	kjʊrd
17770	schultz	1955591	ʃʊlts
17771	buggy	1955438	ˈbəgi
17774	recon	1955124	ˈrikɔn
17775	kennel	1954777	ˈkɛnəl
17776	drilled	1954737	drɪld
17778	souvenirs	1954524	ˌsuvəˈnɪrz
17779	royals	1954389	rɔɪəlz
17780	prescribing	1954318	priˈskraɪbɪŋ
17781	slack	1954286	slæk
17783	borland	1953653	ˈbɔrlənd
17784	pastel	1953608	pæˈstɛl
17785	gin	1953412	ʤɪn
17787	differentiate	1952913	
17788	strollers	1952626	ˈstroʊlərz
17789	jays	1952519	ʤeɪz
17790	uninsured	1952489	ˌənɪnˈʃʊrd
17791	picasso	1952319	pɪˈkɑsoʊ
17792	pilgrim	1952294	
17793	vines	1952255	vaɪnz
17794	susceptibility	1951706	səˌsɛptəˈbɪləti
17795	ambiguous	1951514	æmˈbɪgjuəs
17796	mcgill	1951131	məˈgɪl
17797	disputed	1950655	
17798	scouting	1950577	ˈskaʊtɪŋ
17799	royale	1950499	rɔɪæl
17800	instinct	1950318	ˈɪnstɪŋkt
17801	gorge	1950264	gɔrʤ
17802	righteousness	1950164	ˈraɪʧəsnəs
17803	carrot	1949964	
17804	discriminatory	1949265	dɪˈskrɪmənəˌtɔri
17805	opaque	1949046	oʊˈpeɪk
17806	headquartered	1948865	
17807	bullying	1948806	ˈbʊliɪŋ
17808	saul	1948718	sɔl
17809	flaming	1948600	ˈfleɪmɪŋ
17810	travelodge	1948242	ˈtrævəˈlɑʤ
17811	empower	1948139	ɪmˈpaʊər
17813	marian	1947893	ˈmɑriən
17814	liens	1947603	linz
17815	caterpillar	1947305	
17816	hurley	1947191	ˈhərli
17817	remington	1946473	ˈrɛmɪŋtən
17818	pedals	1946063	ˈpɛdəlz
17819	chew	1946052	ʧu
17820	teak	1946014	tik
17821	benefited	1945952	ˈbɛnəˌfɪtɪd
17822	prevail	1945922	
17824	migraine	1945823	ˈmaɪˌgreɪn
17827	undermine	1945083	ˈəndərˌmaɪn
17829	omission	1944930	oʊˈmɪʃən
17830	boyle	1944635	bɔɪl
17831	lamar	1944419	lɑˈmɑr
17833	diminished	1943681	dɪˈmɪnɪʃt
17834	jonas	1943585	ˈʤoʊnəs
17836	locke	1943130	lɑk
17837	cages	1943021	ˈkeɪʤɪz
17838	methane	1942898	ˈmɛˌθeɪn
17839	pager	1942889	ˈpeɪʤər
17841	jolla	1942048	
17843	capitals	1941886	
17844	correctness	1941862	kərˈɛktnəs
17845	westchester	1941725	ˈwɛˌstʧɛstər
17846	implication	1940990	ˌɪmpləˈkeɪʃən
17847	pap	1940941	pæp
17848	banjo	1940675	ˈbænˌʤoʊ
17849	shaker	1940611	ˈʃeɪkər
17850	natives	1940192	ˈneɪtɪvz
17853	quilting	1939935	kˈwɪltɪŋ
17854	campgrounds	1939929	ˈkæmpˌgraʊndz
17856	stout	1939514	staʊt
17857	rewarded	1939508	
17858	densities	1939493	ˈdɛnsətiz
17860	athena	1939395	æˈθinə
17861	deepest	1939355	ˈdipəst
17862	matthias	1939279	məˈθaɪəs
17864	duane	1939079	dweɪn
17865	sane	1938953	seɪn
17866	turnaround	1938787	ˈtərnərˌaʊnd
17867	climbed	1938305	klaɪmd
17868	corrupted	1938248	kərˈəptɪd
17869	relays	1938030	ˈriˌleɪz
17870	navigational	1937987	ˌnævəˈgeɪʃənəl
17871	stargate	1937911	ˈstɑrˌgeɪt
17872	hanna	1937669	ˈhænə
17873	husbands	1937668	ˈhəzbəndz
17874	saskatoon	1937497	ˈsæskəˌtun
17876	fading	1936749	ˈfeɪdɪŋ
17878	minh	1935500	mɪn
17879	fingertips	1935481	ˈfɪŋgərˌtɪps
17881	rockwell	1935237	ˈrɑkˌwɛl
17882	persuade	1934952	pərsˈweɪd
17884	pepsi	1933586	ˈpɛpsi
17885	rea	1933488	reɪ
17886	roaming	1933359	ˈroʊmɪŋ
17887	oversized	1933333	ˈoʊvərˌsaɪzd
17889	sibling	1932847	ˈsɪblɪŋ
17891	determinations	1932467	dɪˌtərmɪˈneɪʃənz
17893	weighed	1932161	weɪd
17894	ashamed	1932143	əˈʃeɪmd
17895	concierge	1932138	ˌkɑnsiˈɛrʒ
17897	gorilla	1931906	gərˈɪlə
17898	gatherings	1931581	ˈgæðərɪŋz
17899	endure	1931473	
17901	inhibit	1931066	ˌɪnˈhɪbət
17902	nom	1931008	nɑm
17905	screenplay	1930533	ˈskrinˌpleɪ
17906	unabridged	1930281	ˌənəˈbrɪʤd
17907	dickens	1930015	ˈdɪkənz
17909	endpoint	1929656	ˈɛndˌpɔɪnt
17910	juniper	1929545	ˈʤunəpər
17911	repetition	1929109	ˌrɛpəˈtɪʃən
17913	siberian	1928755	saɪˈbɪriən
17915	heartland	1928263	ˈhɑrˌtlænd
17916	preparatory	1927941	
17917	cafeteria	1927924	ˌkæfəˈtɪriə
17918	outfitters	1927586	ˈaʊtˌfɪtərz
17919	fielding	1927279	ˈfildɪŋ
17920	dune	1927085	dun
17921	hee	1926997	hi
17922	adler	1926676	ˈædlər
17923	opp	1926557	ɑp
17924	homelessness	1926523	ˈhoʊmləsnəs
17925	yosemite	1926490	joʊˈsɛmɪti
17926	cursed	1926459	kərst
17928	efficiencies	1926128	ɪˈfɪʃənsiz
17929	blowout	1926124	bloʊaʊt
17930	youths	1926116	
17932	migrants	1925933	ˈmaɪgrənts
17933	massey	1925837	ˈmæsi
17934	tumble	1925795	ˈtəmbəl
17935	oversee	1925750	ˈoʊvərˌsi
17936	thresholds	1925637	θˈrɛˌʃoʊldz
17937	stare	1925618	stɛr
17938	unlocking	1925518	ənˈlɑkɪŋ
17939	missy	1925451	ˈmɪsi
17942	deficits	1924803	ˈdɛfɪsɪts
17943	meade	1924752	mid
17944	contradiction	1924222	ˌkɑntrəˈdɪkʃən
17945	flair	1924190	flɛr
17946	helium	1924142	ˈhiliəm
17947	applegate	1923992	ˈæpəlˌgeɪt
17948	wonderfully	1923818	
17949	whitewater	1923559	
17950	tableware	1923538	ˈteɪbəlˌwɛr
17951	bernie	1923481	ˈbərni
17952	dug	1923261	dəg
17953	workgroup	1923165	ˈwərkˌgrup
17954	congenital	1923163	kənˈʤɛnətəl
17955	trojans	1922895	ˈtroʊʤənz
17956	insanity	1922869	
17957	clement	1922807	ˈklɛmənt
17958	embraced	1922457	ɛmˈbreɪst
17960	finely	1922347	ˈfaɪnli
17961	authenticated	1922327	ɔˈθɛntəˌkeɪtəd
17962	reformed	1921880	rɪˈfɔrmd
17963	tolerate	1921707	ˈtɑlərˌeɪt
17964	robotic	1921045	ˌroʊˈbɑtɪk
17965	mana	1920430	ˈmɑnə
17966	lest	1920286	lɛst
17967	adhesion	1920249	æˈdhiʒən
17968	tic	1920206	tɪk
17969	mississauga	1919778	ˌmɪsɪˈsɔgə
17970	dialysis	1919732	
17971	filmed	1919408	fɪlmd
17972	staten	1919387	ˈstætən
17973	carole	1919250	
17974	noticeable	1919027	ˈnoʊtəsəbəl
17976	aesthetics	1918859	ɛsˈθɛtɪks
17977	schwarzenegger	1918820	ʃˈwɔrzəˌneɪgər
17978	smoker	1918369	sˈmoʊkər
17979	benign	1917931	bɪˈnaɪn
17980	hypotheses	1917553	haɪˈpɑθəˌsiz
17981	afforded	1917385	əˈfɔrdəd
17982	aisle	1917319	
17983	dunno	1917052	dəˈnoʊ
17984	blur	1916915	blər
17985	evidently	1916569	ˈɛvədəntli
17986	summarizes	1916533	ˈsəmərˌaɪzɪz
17987	limbs	1916350	lɪmz
17988	unforgettable	1916237	ˌənfərˈgɛtəbəl
17989	punt	1916106	pənt
17990	sludge	1915962	sləʤ
17991	crypto	1915914	ˈkrɪptoʊ
17992	christensen	1915098	ˈkrɪstənsən
17993	tanned	1915011	tænd
17994	altering	1914894	ˈɔltərɪŋ
17995	bunker	1914784	ˈbəŋkər
17996	multiplication	1914709	ˌməltəpləˈkeɪʃən
17997	paved	1914582	peɪvd
17998	heavyweight	1914518	ˈhɛviˌweɪt
18000	fabricated	1914220	
18001	zach	1914201	zæk
18003	pasture	1913652	ˈpæsʧər
18005	richest	1912591	ˈrɪʧəst
18006	cruelty	1912399	
18007	comptroller	1912122	
18010	mormon	1911630	ˈmɔrmən
18012	minimizing	1911489	ˈmɪnəˌmaɪzɪŋ
18013	scots	1911314	skɑts
18014	genuinely	1911150	
18016	neighbouring	1910742	ˈneɪbərɪŋ
18017	plugged	1910661	pləgd
18018	tyson	1910539	ˈtaɪsən
18019	souvenir	1910326	ˌsuvəˈnɪr
18021	mifflin	1910222	ˈmɪflɪn
18022	relativity	1910212	ˌrɛləˈtɪvəti
18023	mojo	1909750	ˈmoʊʤoʊ
18025	cucumber	1909384	ˈkjukəmbər
18026	occurrences	1909310	əˈkərənsɪz
18027	shapiro	1909088	ʃəˈpɪroʊ
18028	marshal	1909071	ˈmɑrʃəl
18029	rituals	1909051	ˈrɪʧuəlz
18030	anders	1909027	ˈændərz
18031	seize	1908868	siz
18032	decisive	1908846	dɪˈsaɪsɪv
18033	spawn	1908837	
18035	blanks	1908523	blæŋks
18037	dungeons	1908328	ˈdənʤənz
18038	epoxy	1908076	ɪˈpɑksi
18039	watercolor	1908061	ˈwɔtərˌkələr
18040	uncensored	1907883	ənˈsɛnsərd
18041	sailors	1907777	ˈseɪlərz
18042	stony	1907651	ˈstoʊni
18043	fayette	1907150	feɪɛt
18044	trainees	1906986	ˈtreɪˈniz
18045	tori	1906911	ˈtɔri
18046	shelving	1906815	ˈʃɛlvɪŋ
18047	effluent	1906762	ˈɛfluənt
18049	annals	1906359	ˈænəlz
18050	storytelling	1906358	ˈstɔriˌtɛlɪŋ
18051	sadness	1906141	ˈsædnəs
18052	periodical	1905817	ˌpɪriˈɑdɪkəl
18053	polarization	1905724	
18054	moe	1905667	moʊ
18055	dime	1905297	daɪm
18056	losers	1905248	ˈluzərz
18057	bombings	1905009	ˈbɑmɪŋz
18058	punta	1904881	ˈpʊntər
18063	crypt	1904607	krɪpt
18064	charlottesville	1904529	ˈʃɑrlətsˌvɪl
18065	accomplishment	1904294	əˈkɑmplɪʃmənt
18067	onwards	1904092	ˈɑnwərdz
18068	bogus	1903710	ˈboʊgəs
18069	carp	1903390	kɑrp
18071	prompts	1903336	
18072	witches	1902655	
18073	barred	1902400	bɑrd
18074	skinner	1902389	ˈskɪnər
18075	equities	1902353	ˈɛkwətiz
18076	dusk	1902302	dəsk
18077	nouveau	1902062	ˌnuˈvoʊ
18078	customary	1902031	ˈkəstəˌmɛri
18079	vertically	1901883	ˈvərtɪkli
18080	crashing	1901462	ˈkræʃɪŋ
18081	cautious	1901221	ˈkɔʃəs
18082	possessions	1901072	pəˈzɛʃənz
18083	feeders	1900900	ˈfidərz
18084	urging	1900469	ˈərʤɪŋ
18086	passions	1899754	ˈpæʃənz
18087	faded	1899648	
18088	mobil	1899550	ˈmoʊbəl
18090	counterpart	1899186	ˈkaʊntərˌpɑrt
18091	utensils	1898846	juˈtɛnsəlz
18092	secretly	1898529	ˈsikrɪtli
18093	tying	1898217	taɪɪŋ
18094	lent	1898154	lɛnt
18095	diode	1897828	daɪoʊd
18096	kaufman	1897768	ˈkɔfmən
18097	magician	1897388	məˈʤɪʃən
18098	indulgence	1897385	ˌɪnˈdəlʤəns
18099	aloe	1897124	ˈæˌloʊ
18100	johan	1896738	joʊˈhɑn
18102	melted	1896489	
18103	lund	1896271	lənd
18104	medford	1896270	ˈmɛdfərd
18106	nel	1895779	nɛl
18107	extremes	1895768	ɪkˈstrimz
18108	puff	1895753	pəf
18109	underlined	1895716	ˈəndərˌlaɪnd
18110	whores	1895702	hɔrz
18111	galileo	1895638	
18112	bloomfield	1895624	ˈblumˌfild
18113	obsessed	1895576	əbˈsɛst
18114	flavored	1895495	ˈfleɪvərd
18115	gemstones	1895376	ˈʤɛmˌstoʊnz
18117	viewpoints	1894699	vˈjuˌpɔɪnts
18118	groceries	1894209	
18119	motto	1894147	ˈmɑtoʊ
18120	exim	1894122	ˈɛksɪm
18121	singled	1894034	ˈsɪŋgəld
18122	alton	1894033	ˈɔltən
18123	appalachian	1893834	
18124	staple	1893759	ˈsteɪpəl
18125	dealings	1892511	ˈdilɪŋz
18126	phillies	1892318	ˈfɪliz
18127	pathetic	1892242	pəˈθɛtɪk
18129	janis	1891851	ˈʤænɪs
18130	craftsman	1891788	
18131	irritation	1891655	ˌɪrɪˈteɪʃən
18132	rulers	1891433	ˈrulərz
18134	collisions	1891241	kəˈlɪʒənz
18135	militia	1891032	
18137	eis	1890885	aɪz
18138	conservatory	1890565	kənˈsərvətɔri
18139	nightclub	1890300	ˈnaɪtˌkləb
18140	bananas	1889918	bəˈnænəz
18141	geophysical	1889900	ˌʤioʊˈfɪzəkəl
18142	fictional	1889711	ˈfɪkʃənəl
18143	adherence	1889709	əˈdhɪrəns
18144	golfing	1889706	
18145	defended	1889545	
18146	rubin	1889443	ˈrubɪn
18147	handlers	1889169	
18148	grille	1888919	grɪl
18149	elisabeth	1888877	ɪˈlɪzəbɪθ
18150	claw	1888837	klɔ
18151	pushes	1888806	
18152	alain	1888792	əˈleɪn
18153	flagship	1888773	ˈflægˌʃɪp
18154	kittens	1888648	ˈkɪtənz
18155	topeka	1888246	
18157	illegally	1887757	ˌɪˈligəli
18159	deter	1887521	dɪˈtər
18160	tyre	1887458	taɪər
18161	furry	1887389	ˈfəri
18162	cubes	1887321	kjubz
18163	transcribed	1887302	trænˈskraɪbd
18164	bouncing	1887098	ˈbaʊnsɪŋ
18165	wand	1887049	wɑnd
18166	linus	1886948	ˈlaɪnəs
18167	taco	1886915	ˈtɑkoʊ
18169	humboldt	1886590	ˈhəmˌboʊlt
18170	scarves	1886581	skɑrvz
18171	cavalier	1886574	
18172	ish	1886194	ɪʃ
18173	rinse	1885846	rɪns
18174	outfits	1885761	ˈaʊtˌfɪts
18176	charlton	1885536	ˈʧɑrltən
18177	repertoire	1885297	ˈrɛpərtˌwɑr
18178	respectfully	1885188	rɪˈspɛktfəli
18179	emeritus	1885157	ɪˈmɛrətəs
18180	ulster	1885001	ˈəlstər
18181	macroeconomic	1884782	
18182	tides	1884762	taɪdz
18183	chu	1884237	ʧu
18184	weld	1883322	wɛld
18185	venom	1883158	ˈvɛnəm
18187	adaptec	1883112	əˈdæpˌtɛk
18188	writ	1883109	rɪt
18189	patagonia	1883102	ˌpætəˈgoʊniə
18190	dispensing	1882818	dɪˈspɛnsɪŋ
18191	tailed	1882619	teɪld
18192	puppets	1882434	
18193	voyer	1882030	vɔɪər
18194	tapping	1881871	ˈtæpɪŋ
18199	typo	1881090	ˈtaɪpoʊ
18200	immersion	1880347	ˌɪˈmərʒən
18201	explode	1880264	ɪkˈsploʊd
18202	toulouse	1880219	tuˈluz
18203	escapes	1879759	ɪˈskeɪps
18204	berries	1879643	ˈbɛriz
18206	happier	1879427	ˈhæpiər
18207	autodesk	1879362	ˈɔtoʊˌdɛsk
18208	mummy	1878933	ˈməmi
18210	punjab	1878616	
18211	stacked	1878493	stækt
18212	winged	1878347	wɪŋd
18213	brighter	1878111	ˈbraɪtər
18214	cries	1878107	kraɪz
18215	speciality	1878029	ˌspɛʃiˈælɪti
18216	warranted	1878011	ˈwɔrəntɪd
18217	attacker	1877889	əˈtækər
18218	ruined	1877804	
18219	catcher	1877712	ˈkæˌʧər
18220	damp	1877710	dæmp
18221	sanity	1877686	ˈsænəti
18222	ether	1877315	ˈiθər
18223	suction	1877189	ˈsəkʃən
18224	haynes	1877095	heɪnz
18225	crusade	1876773	kruˈseɪd
18227	rumble	1876665	ˈrəmbəl
18229	correcting	1876523	kərˈɛktɪŋ
18230	shattered	1876379	ˈʃætərd
18232	heroic	1876003	hɪˈroʊɪk
18233	motivate	1875923	ˈmoʊtəˌveɪt
18234	retreats	1875848	riˈtrits
18235	mackay	1875192	məˈkeɪ
18236	formulate	1875065	ˈfɔrmjəˌleɪt
18237	bridgeport	1874856	ˈbrɪʤˌpɔrt
18238	assessor	1874796	əˈsɛsər
18239	fullerton	1874593	ˈfʊlərtən
18241	sheds	1874143	ʃɛdz
18242	blockbuster	1873840	ˈblɑkˌbəstər
18244	amarillo	1873791	ˌæmərˈɪloʊ
18246	pathfinder	1873650	ˈpæθˌfaɪndər
18247	anomalies	1873581	əˈnɑməliz
18248	homogeneous	1873412	ˌhoʊməˈʤiniəs
18249	bonsai	1873400	bɑnˈsaɪ
18250	windshield	1873343	ˈwɪndˌʃild
18251	humphrey	1872611	ˈhəmfri
18252	spheres	1872539	sfɪrz
18253	belonged	1872474	bɪˈlɔŋd
18256	assigns	1872222	əˈsaɪnz
18258	sofas	1871940	ˈsoʊfəz
18259	croix	1871912	krɔɪ
18260	cushions	1871837	ˈkʊʃənz
18261	fern	1871772	fərn
18262	convection	1871233	kənˈvɛkʃən
18264	defenders	1870924	dɪˈfɛndərz
18267	odessa	1870454	oʊˈdɛsə
18268	lore	1870162	lɔr
18269	ancillary	1869921	ˈænsəˌlɛri
18270	pointless	1869860	ˈpɔɪntləs
18271	whipped	1869632	
18272	vox	1869085	vɑks
18274	dinners	1868829	ˈdɪnərz
18275	rosie	1868709	ˈroʊzi
18276	factoring	1868521	ˈfæktərɪŋ
18278	gyms	1868252	ʤɪmz
18279	inhalation	1868078	ˌɪnhəˈleɪʃən
18280	terre	1868063	
18281	selfish	1867831	ˈsɛlfɪʃ
18282	eventual	1867679	
18283	faucet	1867270	ˈfɔsət
18285	mitigate	1866466	ˈmɪtəˌgeɪt
18287	jamestown	1865726	ˈʤeɪmzˌtaʊn
18288	arguably	1865710	ˈɑrgjuəbli
18289	techs	1865665	tɛks
18290	electives	1865650	ɪˈlɛktɪvz
18291	walkman	1865649	
18292	midget	1865119	ˈmɪʤət
18293	elisa	1864845	
18294	shelton	1864801	ˈʃɛltən
18295	quan	1864487	kwɔn
18296	boiled	1864484	bɔɪld
18297	commissioning	1864475	kəˈmɪʃənɪŋ
18298	neville	1864220	ˈnɛvɪl
18299	experimentation	1864076	ɪkˌspɛrəmənˈteɪʃən
18300	saltwater	1863665	ˌsɔltˈwɑtər
18301	natasha	1863553	
18303	endeavour	1863290	ɪnˈdɛvər
18304	roswell	1863160	ˈrɑswɛl
18305	haute	1863024	
18306	herring	1862420	ˈhɛrɪŋ
18308	unfamiliar	1861916	ˌənfəˈmɪljər
18309	wacky	1861879	ˈwæki
18310	expectancy	1861732	ɪkˈspɛktənsi
18311	deterioration	1861517	dɪˈtɪriərˌeɪʃən
18313	proclaimed	1860861	proʊˈkleɪmd
18314	arid	1860825	
18315	anemia	1860823	əˈnimiə
18316	biting	1860757	ˈbaɪtɪŋ
18317	coincidence	1860675	koʊˈɪnsɪdəns
18318	idiots	1860426	ˈɪˌdiəts
18319	mona	1860383	ˈmoʊnə
18320	reits	1860235	raɪts
18321	muddy	1860188	ˈmədi
18322	nuevo	1860127	nˈweɪvoʊ
18323	savanna	1859935	səˈvænə
18325	hitchcock	1859719	ˈhɪʧˌkɑk
18326	cid	1859604	sɪd
18328	neighbour	1858872	ˈneɪbər
18330	raspberry	1858023	ˈræzˌbɛri
18331	cancellations	1858014	ˌkænsəˈleɪʃənz
18332	paging	1857998	ˈpeɪʤɪŋ
18333	coe	1857824	koʊ
18335	illusions	1857577	ˌɪˈluʒənz
18336	fac	1857488	fæk
18337	spikes	1857418	spaɪks
18338	asean	1857281	
18341	enumeration	1856507	ɪˌnumərˈeɪʃən
18343	keeling	1856424	ˈkilɪŋ
18347	permissible	1856048	pərˈmɪsəbəl
18348	yielded	1855674	
18349	nuisance	1855512	ˈnusəns
18350	jive	1855302	ʤaɪv
18351	siam	1855271	saɪæm
18352	latent	1855269	ˈleɪtənt
18353	marcia	1854936	ˈmɑrʃə
18354	drowning	1854793	ˈdraʊnɪŋ
18355	bullshit	1854495	ˈbʊlˌʃɪt
18356	casper	1854429	ˈkæspər
18357	spun	1854414	spən
18358	shalt	1854326	ʃælt
18360	ric	1854210	rɪk
18361	loch	1853882	lɑk
18362	commanding	1853782	kəˈmændɪŋ
18363	sparrow	1853517	ˈspɛroʊ
18364	poorest	1853484	ˈpurɪst
18365	hector	1853371	ˈhɛktər
18369	nicotine	1853123	ˈnɪkəˌtin
18370	comeback	1852950	ˈkəmˌbæk
18371	brotherhood	1852927	ˈbrəðərˌhʊd
18372	gannett	1852616	ˈgænɪt
18373	milling	1852420	ˈmɪlɪŋ
18374	sinking	1852249	ˈsɪŋkɪŋ
18375	sulphur	1852248	ˈsəlfər
18376	curricular	1852200	kərˈɪkjəˌlər
18377	downtime	1852159	ˈdaʊnˌtaɪm
18378	takeover	1852114	ˈteɪˌkoʊvər
18379	wicker	1851813	ˈwɪkər
18381	balm	1851587	
18383	figs	1851210	fɪgz
18385	browne	1851153	braʊn
18386	nephew	1851122	ˈnɛfju
18387	confess	1851099	kənˈfɛs
18388	joaquin	1851027	ˌwɑˈkin
18389	chit	1850962	ʧɪt
18390	chaotic	1850672	keɪˈɑtɪk
18391	alexandre	1850656	ælɪkˈsɑndər
18392	lays	1850526	leɪz
18393	principally	1850427	ˈprɪnsɪpli
18394	visor	1850201	ˈvaɪzər
18395	mundo	1850133	ˈməndoʊ
18396	transistor	1850114	trænˈzɪstər
18397	jarvis	1849756	
18398	drip	1849747	drɪp
18399	traced	1849483	treɪst
18400	outright	1849385	ˈaʊˈtraɪt
18401	melodies	1849058	ˈmɛlədiz
18402	spotting	1849039	ˈspɑtɪŋ
18403	myriad	1848958	ˈmɪriəd
18404	stains	1848917	steɪnz
18405	sandal	1848638	ˈsændəl
18406	rubbing	1848582	ˈrəbɪŋ
18407	naive	1848489	naɪiv
18408	wien	1848436	win
18409	skeptical	1848184	
18410	wagering	1848032	ˈweɪʤərɪŋ
18411	remembrance	1847909	riˈmɛmbrəns
18412	detects	1847551	dɪˈtɛkts
18413	everest	1846997	
18414	disregard	1846860	ˌdɪsrɪˈgɑrd
18415	hanger	1846538	ˈhæŋər
18417	dragged	1846171	drægd
18419	foreman	1845679	ˈfɔrmən
18421	allegiance	1845566	əˈliʤəns
18422	fairview	1845315	ˈfɛrvˌju
18423	hires	1845244	
18424	conduit	1845238	
18426	dependable	1845100	dɪˈpɛndəbəl
18427	mainframe	1845011	ˈmeɪnˌfreɪm
18428	echoes	1844974	ˈɛkoʊz
18429	indo	1844946	ˈɪndoʊ
18430	compilers	1844894	kəmˈpaɪlərz
18431	ladders	1844710	ˈlædərz
18432	prudent	1844703	ˈprudənt
18433	glowing	1844686	gloʊɪŋ
18434	guinness	1844432	ˈgɪnəs
18435	heartbeat	1844397	ˈhɑrtˌbit
18436	blazer	1843932	ˈbleɪzər
18437	alchemy	1843900	ˈælkəmi
18438	linden	1843791	ˈlɪndən
18440	merck	1843606	mərk
18441	sven	1843315	svɛn
18442	tanya	1843045	ˈtɑnjə
18443	geographically	1842958	
18445	alternating	1842467	ˈɔltərˌneɪtɪŋ
18446	tristan	1842365	ˈtrɪˌstæn
18447	audible	1842341	ˈɑdəbəl
18450	presiding	1841676	
18451	mans	1841660	mænz
18452	colleen	1841565	ˌkɑˈlin
18454	participates	1841017	pɑrˈtɪsəˌpeɪts
18455	waterways	1840825	ˈwɔtərˌweɪz
18456	syndicated	1840789	ˈsɪndɪˌkeɪtɪd
18457	lexicon	1840672	ˈlɛksɪˌkɑn
18459	fractures	1840184	
18460	apprenticeship	1840066	əˈprɛntəsˌʃɪp
18461	childbirth	1840004	ˈʧaɪldˌbərθ
18462	dumped	1839893	dəmpt
18463	integers	1839860	ˈɪntəʤərz
18465	barre	1839524	
18466	shortages	1839326	
18467	plumbers	1839191	ˈpləmərz
18468	rama	1839130	ˈrɑmə
18469	johannes	1838975	ʤoʊˈhænəs
18470	fiery	1838655	ˈfaɪəri
18471	convex	1838604	
18472	jfk	1838580	ˌʤeɪˌɛfˈkeɪ
18473	raf	1838579	ræf
18474	richer	1838539	ˈrɪʧər
18475	igor	1838315	
18476	hama	1838200	ˈhɑmə
18477	mop	1838160	mɑp
18478	urn	1838000	ərn
18479	soleil	1837747	soʊˈleɪl
18480	patton	1837400	ˈpætən
18481	pei	1837362	peɪ
18482	surfer	1837185	ˈsərfər
18483	diapers	1837022	
18485	waco	1836775	ˈweɪkoʊ
18487	connor	1836468	ˈkɑnər
18490	biscuits	1835888	ˈbɪskəts
18491	disclaims	1835501	dɪˈskleɪmz
18493	outbound	1834727	ˈaʊtˌbaʊnd
18494	breakout	1834521	ˈbreɪˌkaʊt
18495	restless	1834422	ˈrɛstləs
18496	unanswered	1833886	ˌəˈnænsərd
18497	paired	1833851	pɛrd
18498	fakes	1833800	feɪks
18502	vaults	1833132	vɔlts
18503	injections	1832851	ˌɪnˈʤɛkʃənz
18504	ahmad	1832364	ˈɑmɑd
18506	yogurt	1832002	ˈjoʊgərt
18507	complies	1831945	kəmˈplaɪz
18508	tossed	1831899	tɔst
18509	caucus	1831830	
18511	cooke	1830939	kʊk
18512	polytechnic	1830938	
18513	pillars	1830785	ˈpɪlərz
18514	katy	1830780	ˈkeɪti
18515	zoe	1830206	zoʊi
18516	uber	1830169	ˈubər
18517	overwhelmed	1830158	
18518	salute	1829803	səˈlut
18519	shoppe	1829764	ʃɑp
18520	parody	1829413	ˈpɛrədi
18523	penthouse	1828709	ˈpɛnˌthaʊs
18524	compensated	1828676	ˈkɑmpənˌseɪtəd
18526	lacked	1828230	lækt
18527	circulated	1828203	
18528	soo	1828088	su
18529	pistons	1827651	ˈpɪstənz
18531	maltese	1826513	mɔlˈtiz
18532	sauvignon	1826243	ˌsɔˈvɪnjɑn
18533	acorn	1825652	ˈeɪkɔrn
18534	bosses	1825578	ˈbɔsɪz
18535	pint	1825570	paɪnt
18536	ascension	1825408	əˈsɛnʃən
18537	bayer	1825243	beɪər
18538	carrera	1825189	kɑˈrɛˌrɑ
18539	ply	1824830	plaɪ
18540	mornings	1824695	ˈmɔrnɪŋz
18543	mentioning	1823902	ˈmɛnʃənɪŋ
18544	scientology	1823503	ˌsaɪənˈtɑləʤi
18546	flagstaff	1823335	ˈflægˌstæf
18547	maxi	1823007	ˈmæksi
18548	pretoria	1822838	priˈtɔriə
18549	thrive	1822797	θraɪv
18552	feminism	1822628	ˈfɛmɪˌnɪzəm
18553	rightly	1822243	ˈraɪtli
18554	paragon	1822146	ˈpɛrəˌgɑn
18555	basal	1821739	ˈbeɪsəl
18556	topps	1821488	tɑps
18558	dewalt	1821351	duəlt
18559	turnout	1821165	ˈtərˌnaʊt
18560	bruins	1821057	bruɪnz
18561	persist	1821030	pərˈsɪst
18562	wilde	1820770	waɪld
18563	indispensable	1820574	ˌɪndɪˈspɛnsəbəl
18564	clamps	1820337	klæmps
18565	illicit	1820204	ˌɪˈlɪsət
18566	firefly	1820064	ˈfaɪərˌflaɪ
18567	liar	1819814	laɪər
18568	tabletop	1819329	ˈteɪbəlˌtɑp
18569	pledged	1818974	plɛʤd
18570	monoclonal	1818772	ˌmɑnəˈkloʊnəl
18571	pictorial	1818744	pɪkˈtɔriəl
18572	curling	1818738	ˈkərlɪŋ
18573	ares	1818295	ɑrz
18574	wholesaler	1818207	ˈhoʊlˌseɪlər
18575	smoky	1818184	sˈmoʊki
18576	opus	1818130	ˈoʊpəs
18578	aromatic	1817946	ˌɛrəˈmætɪk
18579	flirt	1817719	flərt
18580	slang	1817718	slæŋ
18581	emporium	1817716	ˌɛmˈpɔriəm
18582	princes	1817704	
18583	restricting	1817556	riˈstrɪktɪŋ
18584	partnering	1817437	ˈpɑrtnərɪŋ
18585	promoters	1817398	prəˈmoʊtərz
18586	soothing	1817294	ˈsuðɪŋ
18587	freshmen	1817045	ˈfrɛʃmɪn
18589	departed	1816797	dɪˈpɑrtɪd
18591	aristotle	1816527	ˈɛrəˌstɑtəl
18592	israelis	1816120	ˌɪzˈreɪliz
18593	finch	1816047	fɪnʧ
18594	inherently	1815659	ˌɪnˈhɛrəntli
18596	krishna	1815520	
18597	forefront	1815372	ˈfɔrˌfrənt
18598	headlights	1815300	ˈhɛˌdlaɪts
18599	monophonic	1814578	ˌmɑnəˈfɑnɪk
18600	largo	1814464	ˈlɑrgoʊ
18602	amazingly	1814293	əˈmeɪzɪŋli
18603	plural	1814292	ˈplʊrəl
18604	dominic	1814040	ˈdɑmənɪk
18605	sergio	1813840	ˈsərˌʤjoʊ
18606	swapping	1813821	sˈwɑpɪŋ
18607	skipped	1813764	skɪpt
18609	nur	1813601	nʊr
18610	extracting	1813039	ɛkˈstræktɪŋ
18611	analogous	1812873	əˈnæləgəs
18613	hebrews	1812634	ˈhibruz
18614	particulate	1812618	pərˈtɪkjələt
18615	tally	1812605	ˈtæli
18616	unpleasant	1812541	ənˈplɛzənt
18617	uno	1812516	
18618	tempted	1812384	
18620	blindness	1812018	ˈblaɪndnəs
18621	creep	1811981	krip
18622	staining	1811623	ˈsteɪnɪŋ
18623	rockport	1811479	ˈrɑkˌpɔrt
18624	nist	1811393	nɪst
18625	shaded	1811288	ˈʃeɪdɪd
18626	cot	1811236	kɑt
18627	plaster	1811197	ˈplæstər
18628	novo	1811148	ˈnoʊvoʊ
18629	negotiable	1810941	nəˈgoʊʃəbəl
18631	hearted	1810871	
18632	quarterback	1810794	kˈwɔrtərˌbæk
18633	obstruction	1810593	əbˈstrəkʃən
18634	agility	1810572	əˈʤɪləti
18635	complying	1810426	kəmˈplaɪɪŋ
18636	sudbury	1810243	ˈsədˌbɛri
18637	otis	1809809	ˈoʊtɪs
18638	overture	1809751	ˈoʊvərʧər
18639	newcomers	1809712	ˈnuˌkəmərz
18640	hectares	1809579	ˈhɛkˌtɑrz
18641	upscale	1809380	ˈəpˌskeɪl
18642	scrabble	1809087	ˈskræbəl
18643	noteworthy	1809005	ˈnoʊtˌwərði
18644	agile	1808955	ˈæʤəl
18645	sdn	1808612	ˈɛsˈdiˈɛn
18647	sacks	1808394	sæks
18649	kiosk	1808146	kiɔsk
18650	ionic	1808092	ˌaɪˈɑnɪk
18651	stray	1807545	streɪ
18652	runaway	1807276	ˈrənəˌweɪ
18653	slowing	1807065	sloʊɪŋ
18657	payout	1806070	peɪaʊt
18658	clinically	1805895	
18659	watchers	1805728	ˈwɑʧərz
18660	supplemented	1805290	ˌsəpləˌmɛntɪd
18661	poppy	1805254	ˈpɑpi
18662	monmouth	1805141	ˈmɑnməθ
18664	obligated	1805015	ˈɑbləˌgeɪtɪd
18665	frenzy	1804848	ˈfrɛnzi
18666	decoding	1804831	dɪˈkoʊdɪŋ
18667	jargon	1804602	ˈʤɑrgən
18668	kangaroo	1804285	ˌkæŋgərˈu
18669	sleeper	1804207	sˈlipər
18670	elemental	1804206	
18671	presenters	1804092	
18672	teal	1803669	til
18673	unnamed	1803582	ənˈneɪmd
18674	epstein	1803579	
18676	particulars	1803128	pərˈtɪkjələrz
18677	jerking	1802926	ˈʤərkɪŋ
18680	bungalow	1802670	ˈbəŋgəˌloʊ
18681	covington	1802550	ˈkəvɪŋtən
18682	bazaar	1802544	bəˈzɑr
18684	interconnect	1802363	ˌɪntərkəˈnɛkt
18685	predicate	1802317	
18686	recurrence	1802249	
18687	chinatown	1802100	ˈʧaɪnəˌtaʊn
18688	mindless	1802081	ˈmaɪndləs
18689	purifier	1802054	ˈpjʊrəˌfaɪər
18690	recruits	1801916	
18691	sharper	1801890	ˈʃɑrpər
18693	tablespoons	1801389	ˈteɪbəlˌspunz
18694	greedy	1801104	ˈgridi
18695	rodgers	1800944	ˈrɑʤərz
18697	supervise	1799608	ˈsupərˌvaɪz
18698	termed	1798864	tərmd
18701	stamping	1798269	ˈstæmpɪŋ
18702	coolest	1798263	ˈkuləst
18703	reilly	1797737	ˈraɪli
18705	downing	1797688	ˈdaʊnɪŋ
18708	basque	1797455	bæsk
18709	societal	1797259	səˈsaɪɪtəl
18710	astros	1797196	ˈæstroʊs
18711	ire	1797064	aɪr
18712	halogen	1797038	ˈhæləʤən
18713	pegasus	1796881	ˈpɛgəsəs
18714	silhouette	1796610	ˌsɪləˈwɛt
18715	wyndham	1796477	ˈwɪndəm
18717	tuesdays	1796297	
18718	dorado	1796206	dɔˈrɑdoʊ
18719	daring	1796196	ˈdɛrɪŋ
18720	realms	1796195	rɛlmz
18721	maestro	1796104	ˈmaɪstroʊ
18722	turin	1796014	
18723	gus	1795932	gəs
18726	forte	1795408	
18727	coaxial	1795390	ˈkoʊˈæksiəl
18728	tipping	1795369	ˈtɪpɪŋ
18730	holster	1794771	ˈhoʊlstər
18731	fiddle	1794725	ˈfɪdəl
18732	crunch	1794603	krənʧ
18733	leipzig	1794559	ˈlaɪpsɪg
18734	liam	1794042	ˈliəm
18736	bard	1793654	bɑrd
18737	kellogg	1793540	ˈkɛlɔg
18739	reap	1793273	rip
18741	hanoi	1792996	ˈhænɔɪ
18743	faucets	1792254	ˈfɔsəts
18744	ballistic	1792214	bəˈlɪstɪk
18745	exemplary	1791669	ɪgˈzɛmpləri
18746	payouts	1791650	peɪaʊts
18748	caliber	1791378	ˈkæləbər
18749	apostle	1790768	əˈpɔsəl
18750	playful	1790754	ˈpleɪfəl
18751	supermarkets	1790671	ˈsupərˌmɑrkɪts
18753	icelandic	1790600	aɪsˈlændɪk
18754	multiplied	1790425	ˈməltəˌplaɪd
18755	enchanted	1789839	
18756	belgrade	1789716	
18757	styled	1789390	staɪld
18758	nacional	1789379	ˌneɪˈsiənəl
18759	commanders	1789190	kəˈmændərz
18761	telstra	1789094	ˈtɛlstrə
18762	thor	1789033	θɔr
18763	waive	1789027	weɪv
18764	contraception	1788872	ˌkɑntrəˈsɛpʃən
18765	bethany	1788665	ˈbɛθəni
18766	polaroid	1788581	ˈpoʊlərˌɔɪd
18767	vance	1788288	væns
18768	soprano	1788265	
18769	polishing	1788195	ˈpɑlɪʃɪŋ
18770	marquis	1788011	ˌmɑrˈki
18771	underage	1787414	ˈəndərɪʤ
18772	cardio	1787338	ˈkɑrdioʊ
18773	wen	1787310	wɛn
18774	translating	1787091	
18775	frontiers	1785820	frənˈtɪrz
18779	logger	1784581	ˈlɑgər
18780	adjoining	1784248	əˈʤɔɪnɪŋ
18781	greet	1784219	grit
18782	acclaim	1784066	əˈkleɪm
18783	kool	1783769	kul
18784	oki	1783673	ˈoʊki
18786	hardship	1782871	ˈhɑrdʃɪp
18787	detainees	1782662	dɪˌteɪˈniz
18788	hast	1782598	hæst
18790	lymph	1781845	lɪmf
18791	barrie	1781427	
18792	pollutant	1781371	pəˈlutənt
18794	miriam	1780742	ˈmɪriəm
18795	cavaliers	1780571	ˌkævəˈlɪrz
18796	rollers	1780553	ˈroʊlərz
18797	carleton	1780543	ˈkɑrltən
18798	pumped	1780464	pəmpt
18800	differentiated	1780282	
18801	sonia	1780227	ˈsoʊnˌjɑ
18803	verifying	1780073	ˈvɛrəˌfaɪɪŋ
18805	almighty	1780004	ɔlˈmaɪti
18806	weekday	1779661	ˈwikˌdeɪ
18807	homecoming	1779345	ˈhoʊmˌkəmɪŋ
18808	increments	1779202	ˈɪŋkrəˌmɛnts
18809	kurdish	1779184	ˈkərdɪʃ
18811	intuition	1778931	ˌɪntuˈɪʃən
18812	revoked	1778921	
18813	openness	1778779	
18814	chromium	1778657	ˈkroʊmiəm
18815	circulating	1778611	ˈsərkjəˌleɪtɪŋ
18816	bryce	1778157	braɪs
18817	ilo	1778064	ˈaɪloʊ
18818	latch	1777882	læʧ
18819	mccormick	1777843	məˈkɔrmɪk
18820	verbs	1777489	vərbz
18821	drank	1777243	dræŋk
18823	confrontation	1776377	ˌkɑnfrənˈteɪʃən
18824	shreveport	1776343	ʃˈrivˌpɔrt
18825	grower	1776182	groʊər
18826	frederic	1775949	ˈfrɛdrɪk
18827	darlington	1775884	ˈdɑrlɪŋtən
18828	slippery	1775430	
18829	unpredictable	1775357	ˌənprɪˈdɪktəbəl
18832	capacitor	1774424	kəˈpæsətər
18833	outpost	1774045	ˈaʊtˌpoʊst
18834	burnett	1773894	bərˈnɛt
18835	hilfiger	1773803	
18838	moroccan	1773599	mərˈɑkən
18839	seville	1773594	səˈvɪl
18840	mira	1773387	ˈmɪrə
18842	chatter	1773184	ˈʧætər
18843	hess	1773182	hɛs
18844	wheaton	1773035	
18845	santo	1772980	ˈsæntoʊ
18846	lettuce	1772273	ˈlɛtəs
18847	raging	1772182	ˈreɪʤɪŋ
18848	tidy	1771735	ˈtaɪdi
18849	motorized	1771577	ˈmoʊtərˌaɪzd
18850	jong	1771554	ʤɔŋ
18851	subgroup	1771255	ˈsəbˌgrup
18852	oppression	1770635	əˈprɛʃən
18854	vets	1770054	vɛts
18855	bows	1769864	
18856	yielding	1769641	ˈjildɪŋ
18858	torso	1769562	ˈtɔrˌsoʊ
18859	occult	1769403	əˈkəlt
18860	expeditions	1769110	ˌɛkspəˈdɪʃənz
18862	hooker	1768891	ˈhʊkər
18863	ramon	1768774	rəˈmoʊn
18864	longhorn	1768593	ˈlɔŋˌhɔrn
18865	lorenzo	1768575	
18866	beau	1768520	boʊ
18867	backdrop	1768258	ˈbækˌdrɑp
18868	subordinate	1768208	
18869	lilies	1768158	ˈlɪliz
18870	aerobic	1768075	ɛˈroʊbɪk
18871	articulate	1767860	
18873	ecstasy	1767792	ˈɛkstəsi
18874	sweetheart	1767766	sˈwiˌthɑrt
18876	calcutta	1767575	ˌkælˈkətə
18877	thursdays	1767458	
18880	hobbs	1767270	hɑbz
18882	mediator	1766824	ˈmidiˌeɪtər
18884	dunlop	1766729	ˈdənˌlɑp
18886	tad	1766251	tæd
18887	modernization	1766223	
18889	cultivated	1766032	ˈkəltəˌveɪtɪd
18890	rang	1766026	ræŋ
18891	disconnected	1765840	ˌdɪskəˈnɛktɪd
18892	consulate	1765795	ˈkɑnsələt
18893	fourier	1765463	ˈfʊrieɪ
18894	businessman	1765391	
18896	lucent	1765258	ˈlusɪnt
18897	wilkes	1764985	wɪlks
18898	commuter	1764943	kəmˈjutər
18899	orthopedic	1764724	ˌɔrθəˈpidɪk
18900	disagreement	1764697	dɪsəˈgrimənt
18902	strands	1764600	strændz
18904	sicily	1764441	ˈsɪsəli
18905	compost	1764308	ˈkɑmpoʊst
18906	shenzhen	1764109	ˈʃɛnˌʒɛn
18907	adjourned	1764045	əˈʤərnd
18908	familiarity	1764032	fəˌmɪˈljɛrəti
18909	initiating	1763456	ˌɪˈnɪʃiˌeɪtɪŋ
18910	erroneous	1763330	
18911	grabs	1763328	græbz
18912	erickson	1762803	ˈɛrɪksən
18913	marlin	1762749	
18914	pulses	1762742	ˈpəlsɪz
18915	theses	1762669	ˈθisiz
18916	stuffing	1762615	ˈstəfɪŋ
18917	casserole	1762455	ˈkæsərˌoʊl
18918	canoeing	1762167	kəˈnuɪŋ
18921	wilton	1761710	ˈwɪltən
18922	ophthalmology	1761676	
18923	flooded	1761295	
18925	clubhouse	1760597	ˈkləˌbhaʊs
18926	reverted	1760512	
18927	crackers	1760293	ˈkrækərz
18928	greyhound	1760066	ˈgreɪˌhaʊnd
18929	corsair	1759975	ˈkɔrsɛr
18930	ironic	1759846	aɪˈrɑnɪk
18931	licensees	1759775	ˌlaɪsənˈsiz
18932	wards	1759766	wɔrdz
18933	unsupported	1759017	ənsəˈpɔrtɪd
18934	evaluates	1758929	
18935	hinge	1758893	hɪnʤ
18937	ultima	1758712	ˈəltɪmə
18938	cockpit	1758707	ˈkɑkˌpɪt
18939	protesters	1758662	ˈproʊˌtɛstərz
18940	fernandez	1758305	
18941	venetian	1758092	vəˈniʃən
18944	patti	1757474	ˈpæti
18946	sew	1756454	soʊ
18947	carrots	1756446	
18948	faire	1756290	fɛr
18949	laps	1756224	læps
18950	memorials	1755971	məˈmɔriəlz
18952	resumed	1755501	
18953	sheehan	1755249	
18954	conversely	1755210	ˈkɑnvərsli
18955	emory	1755002	ˈɛməri
18956	stunt	1754828	stənt
18957	maven	1754819	ˈmeɪvən
18958	excuses	1754800	
18959	commute	1754751	kəmˈjut
18960	staged	1754695	steɪʤd
18961	vitae	1754634	ˈvaɪtə
18962	transgender	1754481	ˈtrænzˈʤɛndər
18963	hustle	1754467	ˈhəsəl
18964	stimuli	1754387	ˈstɪmjəˌlaɪ
18965	customizing	1754227	ˈkəstəˌmaɪzɪŋ
18967	upwards	1754032	ˈəpwərdz
18968	witty	1753886	ˈwɪti
18969	pong	1753774	pɔŋ
18970	transcend	1753712	trænˈsɛnd
18971	loosely	1753674	ˈlusli
18972	anchors	1753405	ˈæŋkərz
18973	hun	1753259	hən
18974	hertz	1752925	
18975	atheist	1752346	ˈeɪθiəst
18976	capped	1752030	kæpt
18977	oro	1751970	ˈɔroʊ
18979	bridgewater	1751832	ˈbrɪʤˌwɔtər
18980	firefighter	1751763	ˈfaɪrˌfaɪtər
18981	liking	1751628	ˈlaɪkɪŋ
18982	preacher	1751402	ˈpriʧər
18983	propulsion	1751147	prəˈpəlʃən
18984	complied	1750883	kəmˈplaɪd
18985	intangible	1750721	ˌɪnˈtænʤəbəl
18986	westfield	1750444	ˈwɛstfild
18987	compassionate	1750131	kəmˈpæʃənət
18988	catastrophic	1750033	ˌkætəˈstrɑfɪk
18989	fuckers	1749825	ˈfəkərz
18990	blower	1749788	bloʊər
18991	substitutes	1749749	ˈsəbstəˌtuts
18992	tata	1749694	ˈtɑtɑ
18993	flown	1749635	floʊn
18994	frau	1749573	fraʊ
18995	dubbed	1749520	dəbd
18996	silky	1749406	ˈsɪlki
18998	groovy	1748998	ˈgruvi
18999	vows	1748880	vaʊz
19000	reusable	1748844	riˈuzəbəl
19001	macy	1748617	ˈmeɪsi
19002	actuarial	1748598	ˌæˌkʧuˈɛriəl
19003	distorted	1748105	
19004	nathaniel	1747996	nəˈθænjəl
19005	attracts	1747958	əˈtrækts
19006	bern	1747705	bərn
19007	qualifies	1747672	kˈwɑləˌfaɪz
19008	grizzly	1747623	ˈgrɪzli
19010	micah	1747263	ˈmaɪkə
19012	timeliness	1747177	ˈtaɪmlinəs
19013	obstetrics	1746612	əbˈstɛtrɪks
19014	chaired	1746595	ʧɛrd
19015	agri	1746559	ˈægri
19016	repay	1746487	riˈpeɪ
19017	hurting	1746307	ˈhərtɪŋ
19018	homicide	1746195	ˈhɑməˌsaɪd
19019	prognosis	1746165	prɑgˈnoʊsəs
19020	colombian	1745653	kəˈləmbiən
19021	pandemic	1745601	pænˈdɛmɪk
19022	await	1745587	əˈweɪt
19024	fob	1745293	fɔb
19025	sparse	1745258	spɑrs
19026	corridors	1745227	
19028	mcdowell	1745095	məkˈdaʊəl
19029	fossils	1744549	ˈfɑsəlz
19030	victories	1744497	
19032	chemically	1744343	ˈkɛmɪkli
19033	fetus	1744267	ˈfitəs
19034	determinants	1744062	dɪˈtərmənənts
19035	compliments	1743968	ˈkɑmpləmɛnts
19036	durango	1743916	dərˈæŋgoʊ
19037	cider	1743446	ˈsaɪdər
19038	noncommercial	1743444	ˈnɑnkəˈmərʃəl
19040	crooked	1743363	ˈkrʊkəd
19041	gangs	1743105	gæŋz
19042	segregation	1743058	ˌsɛgrəˈgeɪʃən
19044	nemo	1742847	ˈnɛmoʊ
19045	ifs	1742322	ɪfs
19046	overcast	1742067	ˈoʊvərˌkæst
19047	inverted	1742040	ˌɪnˈvərtɪd
19048	lenny	1742017	ˈlɛni
19049	achieves	1741941	əˈʧivz
19050	haas	1741624	hɑs
19051	wimbledon	1741563	ˈwɪmbəldən
19052	documentaries	1741319	
19054	rao	1741309	raʊ
19055	remake	1741098	ˈriˈmeɪk
19056	arp	1740980	ɑrp
19057	braille	1740909	breɪl
19058	forehead	1740391	ˈfɔrhɛd
19060	skye	1739279	skaɪ
19064	pax	1739062	pæks
19065	kalamazoo	1738974	ˌkæləməˈzu
19066	taj	1738911	tɑʒ
19067	percy	1738888	ˈpərsi
19068	scratches	1738691	
19069	conan	1738688	ˈkoʊnən
19070	lilac	1738684	ˈlaɪˌlæk
19071	sinus	1738565	ˈsaɪnəs
19072	maverick	1738027	
19073	intellect	1737519	
19074	charmed	1737442	ʧɑrmd
19075	denny	1737409	ˈdɛni
19076	harman	1737285	ˈhɑrmən
19077	hears	1737280	hirz
19078	wilhelm	1737190	ˈwɪˌlhɛlm
19079	nationalism	1737083	ˈnæʃənəˌlɪzəm
19080	pervasive	1736906	pərˈveɪsɪv
19081	auch	1736756	ɔʧ
19082	enfield	1736186	ˈɛnfild
19083	anabolic	1735977	ˌænəˈbɑlɪk
19084	nie	1735620	
19085	allegra	1735551	ɑˈlɛgrə
19087	clears	1735009	klɪrz
19088	videotape	1734836	ˈvɪdioʊˈteɪp
19090	knowingly	1734666	ˈnoʊɪŋli
19091	pivot	1734444	ˈpɪvət
19092	amplification	1734413	ˌæmpləfəˈkeɪʃən
19093	larsen	1733946	ˈlɑrsən
19094	huron	1733830	
19095	snippets	1733408	sˈnɪpəts
19096	undergraduates	1733291	ˌəndərˈgræʤəwəts
19098	digestion	1733208	daɪˈʤɛsʧən
19099	dustin	1733142	ˈdəstɪn
19101	mixtures	1732860	ˈmɪksʧərz
19102	composites	1732843	
19104	soaring	1732233	ˈsɔrɪŋ
19105	dragging	1732154	ˈdrægɪŋ
19106	virtues	1732053	ˈvərʧuz
19107	banning	1732027	ˈbænɪŋ
19108	flushing	1731756	ˈfləʃɪŋ
19109	deprivation	1731701	ˌdɛprəˈveɪʃən
19111	delights	1731523	dɪˈlaɪts
19113	foreword	1731359	ˈfɔrˌwərd
19114	glide	1731344	glaɪd
19115	transverse	1731260	trænzˈvərs
19117	watertown	1730592	ˈwɔtərˌtaʊn
19118	pathogens	1730567	ˈpæθəʤənz
19119	engagements	1730526	ɪnˈgeɪʤmənts
19121	withstand	1730101	wɪθˈstænd
19123	newbury	1729921	ˈnuˌbɛri
19124	authorizes	1729873	ˈɔθərˌaɪzɪz
19125	blooms	1729847	blumz
19126	soar	1729736	sɔr
19127	jacking	1729337	ˈʤækɪŋ
19129	uniformly	1728904	ˈjunəˌfɔrmli
19130	ooh	1728850	u
19132	todos	1728568	ˌtuˈduz
19135	piedmont	1728241	ˈpidˌmɑnt
19136	yin	1727888	jɪn
19137	tiki	1727671	ˈtiˈki
19138	empowered	1727631	ɪmˈpaʊərd
19141	lena	1727154	ˈlinə
19142	outlying	1727104	ˈaʊˌtlaɪɪŋ
19143	slogan	1726936	sˈloʊgən
19144	subdivisions	1726852	ˈsəbdɪˌvɪʒənz
19145	handouts	1726843	ˈhænˌdaʊts
19146	deducted	1726646	dɪˈdəktɪd
19147	ezekiel	1726351	ɛˈzɛˌkiəl
19148	totaling	1726051	ˈtoʊtəlɪŋ
19149	elijah	1725901	
19151	marvelous	1725819	ˈmɑrvələs
19152	bop	1725693	bɑp
19154	compton	1725289	ˈkɑmptən
19155	stretches	1725140	
19156	vigorous	1725085	ˈvɪgərəs
19157	biloxi	1724937	bəˈləksi
19158	flee	1724638	fli
19159	biscuit	1724569	ˈbɪskət
19160	creme	1724183	krim
19161	submits	1724029	ˌsəbˈmɪts
19162	woes	1723747	woʊz
19163	waltz	1723021	
19164	menace	1722950	
19165	emerges	1722457	
19166	classify	1722440	ˈklæsəˌfaɪ
19167	paige	1722305	peɪʤ
19168	downstairs	1722288	ˈdaʊnˈstɛrz
19169	statesman	1722161	ˈsteɪtsmən
19171	clapton	1722038	ˈklæptən
19172	cheerful	1722018	ˈʧɪrfəl
19173	blush	1722003	bləʃ
19174	beyonce	1721914	bɪˌjɔnˈseɪ
19176	leaflet	1721894	ˈliflət
19177	monde	1721758	mɑnd
19178	weymouth	1721736	ˈweɪməθ
19180	spherical	1721397	sˈfɛrɪkəl
19182	infoworld	1721182	ˈɪnfoʊˌwərld
19184	informs	1720738	ˌɪnˈfɔrmz
19185	boyz	1720724	bɔɪz
19186	dramas	1720511	ˈdrɑməz
19187	cher	1720213	ʃɛr
19188	waltham	1720163	ˈwɔlθəm
19189	geisha	1720071	ˈgeɪʃə
19190	billiard	1719723	ˈbɪljərd
19193	briefcase	1719457	ˈbrifˌkeɪs
19194	malay	1719249	ˈmeɪleɪ
19195	unseen	1719077	ənˈsin
19196	mcmahon	1718982	
19197	optimism	1718844	ˈɑptɪˌmɪzəm
19199	silica	1718742	
19200	kara	1718693	ˈkɛrə
19201	mcgregor	1718606	məˈgrɛgər
19202	modal	1718570	ˈmoʊdəl
19203	marlboro	1718567	ˈmɑrlbəroʊ
19204	grafton	1718545	ˈgræftən
19205	unusually	1718464	
19206	phishing	1718427	ˈfɪʃɪŋ
19207	addendum	1718292	əˈdɛndəm
19208	widest	1718229	ˈwaɪdəst
19209	foia	1718140	
19210	impotence	1718043	ˈɪmpətəns
19211	medley	1717954	ˈmɛdli
19212	cadet	1717624	kəˈdɛt
19213	redskins	1717572	ˈrɛdˌskɪnz
19214	kirsten	1717505	ˈkərstən
19215	temper	1717493	ˈtɛmpər
19216	yorker	1717469	ˈjɔrkər
19219	intravenous	1717195	ˌɪntrəˈvinəs
19220	ashcroft	1716757	ˈæʃˌkrɔft
19221	asserts	1716692	əˈsərts
19222	loren	1716418	ˈlɔrən
19223	stew	1716385	stu
19225	hereafter	1716113	hɪˈræftər
19227	retiring	1715699	
19228	smashing	1715544	sˈmæʃɪŋ
19229	yakima	1715530	ˈjækɪmə
19230	accumulate	1715457	əˈkjumjəˌleɪt
19235	tahiti	1715144	təˈhiti
19237	tracey	1714883	ˈtreɪsi
19239	mariner	1714677	ˈmɛrənər
19240	collier	1714633	ˈkɑljər
19241	hush	1714301	həʃ
19242	darfur	1714226	ˌdɑˈfur
19243	fragmentation	1713949	ˌfrægmənˈteɪʃən
19245	kiev	1713686	kiɛv
19246	paranormal	1713648	pɛrəˈnɔrməl
19247	whispered	1713415	
19248	generosity	1713113	ˌʤɛnərˈɑsəti
19249	vibrating	1712978	ˈvaɪbreɪtɪŋ
19252	lama	1712723	ˈlɑmə
19253	artisan	1712683	ˈɑrtəzən
19254	akin	1712538	
19255	raphael	1712533	
19256	dex	1712379	dɛks
19257	lola	1712288	ˈloʊlə
19258	embarrassing	1712216	ɪmˈbɛrəsɪŋ
19260	carbohydrates	1711985	ˌkɑrboʊˈhaɪdreɪts
19261	aqueous	1711766	ˈeɪkwiəs
19262	pembroke	1711698	
19264	norwood	1711527	ˈnɔrwʊd
19265	appetizers	1711415	ˈæpəˌtaɪzərz
19266	stockholders	1711352	ˈstɑˌkhoʊldərz
19268	lillian	1711216	ˈlɪliən
19270	goldstein	1710805	
19271	splinter	1710719	ˈsplɪntər
19272	ibn	1710709	ˈɪbən
19274	preferable	1710276	
19275	englewood	1710089	ˈɛŋgəlˌwʊd
19276	juices	1709952	
19277	ironically	1709792	aɪˈrɑnɪkli
19278	morale	1709786	məræl
19279	morales	1709780	mɔˈrɑlɛs
19280	solder	1709674	ˈsɑdər
19281	trench	1709629	trɛnʧ
19283	persuasion	1709135	pərsˈweɪʒən
19285	stripper	1709042	ˈstrɪpər
19286	practise	1708987	ˈpræktɪs
19288	adrenaline	1708838	əˈdrɛnələn
19289	mammalian	1708141	
19290	opted	1708067	ˈɑptɪd
19291	lodged	1707662	lɑʤd
19292	revolt	1707658	
19293	meteorology	1707620	ˌmitiərˈɑləʤi
19294	analyzes	1707607	ˈænəˌlaɪzɪz
19295	renders	1707602	ˈrɛndərz
19296	pioneering	1707231	ˌpaɪəˈnɪrɪŋ
19297	pristine	1707017	ˈprɪstin
19298	francaise	1706997	frɑnˈsɛz
19300	shines	1706909	ʃaɪnz
19301	catalan	1706666	ˈkætɑˌlɑn
19302	spreadsheets	1706515	ˈsprɛdˌʃits
19303	regain	1706471	rɪˈgeɪn
19305	auditory	1706299	ˈɔdɪˌtɔri
19306	applause	1705835	əˈplɔz
19307	medically	1705796	
19308	tweak	1705761	twik
19310	trait	1705417	treɪt
19311	popped	1705400	pɑpt
19312	busted	1704787	ˈbəstɪd
19314	basins	1704483	ˈbeɪsənz
19315	farmhouse	1704037	ˈfɑrmˌhaʊs
19316	pounding	1703575	ˈpaʊndɪŋ
19317	picturesque	1703451	ˈpɪkʧərəsk
19318	ottoman	1703262	ˈɑtəmən
19319	graders	1703102	ˈgreɪdərz
19320	shrek	1703017	ʃrɛk
19321	eater	1702828	ˈitər
19324	utopia	1702159	juˈtoʊpiə
19325	slider	1702058	sˈlaɪdər
19326	insists	1702056	ˌɪnˈsɪsts
19329	willard	1701958	ˈwɪlərd
19331	lettering	1701761	ˈlɛtərɪŋ
19332	dads	1701718	dædz
19333	marlborough	1701619	ˈmɑrlbəroʊ
19336	pouring	1701428	ˈpɔrɪŋ
19337	hays	1700861	heɪz
19338	cyrus	1700817	ˈsaɪrəs
19339	concentrating	1700803	ˈkɑnsənˌtreɪtɪŋ
19340	soak	1700767	soʊk
19341	buckingham	1700711	ˈbəkɪŋˌhæm
19342	courtroom	1700697	ˈkɔrˌtrum
19343	hides	1700672	haɪdz
19344	goodwin	1700203	ˈgʊdwɪn
19345	manure	1700070	məˈnʊr
19346	savior	1699881	ˈseɪvjər
19347	dade	1699637	deɪd
19348	secrecy	1699243	ˈsikrəsi
19349	wesleyan	1698794	ˈwɛzliən
19350	baht	1698791	bɑt
19351	duplicated	1698585	
19352	dreamed	1698003	drimd
19353	relocating	1697908	ˌriˈloʊkeɪtɪŋ
19354	fertile	1697599	
19355	hinges	1697406	ˈhɪnʤɪz
19356	plausible	1697354	ˈplɔzəbəl
19357	creepy	1697316	ˈkripi
19359	filthy	1697059	ˈfɪlθi
19360	subchapter	1697052	ˈsəˈbʧæptər
19362	narrator	1696653	ˈnɛreɪtər
19365	bellsouth	1695999	ˈbɛlˌsaʊθ
19366	sweeney	1695974	sˈwini
19367	augustus	1695808	
19368	aca	1695703	ˈækə
19370	fahrenheit	1695334	ˈfɛrənˌhaɪt
19371	hillside	1695300	ˈhɪlˌsaɪd
19372	standpoint	1695193	ˈstændˌpɔɪnt
19374	laundering	1695135	ˈlɔndərɪŋ
19375	nationalist	1694902	
19376	piazza	1694892	piˈæzə
19378	denoted	1694637	dɪˈnoʊtəd
19379	nazis	1694605	ˈnɑtsiz
19381	oneself	1694392	ˌwənˈsɛlf
19382	royalties	1694261	ˈrɔɪəltiz
19385	piles	1694029	paɪlz
19386	abbreviation	1693819	əˌbriviˈeɪʃən
19388	blanco	1693499	ˈblæŋkoʊ
19389	critiques	1693193	krɪˈtiks
19390	stroll	1693118	stroʊl
19391	anomaly	1693007	əˈnɑməli
19392	thighs	1692954	θaɪz
19393	boa	1692885	boʊə
19394	expressive	1692880	ɪkˈsprɛsɪv
19395	infect	1692791	ˌɪnˈfɛkt
19397	avatars	1692560	ˈævəˌtɑrz
19398	pers	1692509	pərs
19400	dotted	1692315	
19401	frontal	1692246	ˈfrəntəl
19402	havoc	1692191	ˈhævək
19403	ubiquitous	1692121	juˈbɪkwɪtəs
19404	arsenic	1691840	ˈɑrsənɪk
19405	synonym	1691819	ˈsɪnəˌnɪm
19406	facilitation	1691730	fəˌsɪləˈteɪʃən
19410	yer	1690747	jər
19412	doomed	1690352	dumd
19414	francs	1689190	fræŋks
19415	ballad	1689145	ˈbæləd
19417	sling	1688770	slɪŋ
19418	contraction	1688692	kənˈtrækʃən
19419	cac	1688583	
19420	devised	1688301	dɪˈvaɪzd
19422	explorers	1687938	ɪkˈsplɔrərz
19423	billie	1687815	ˈbɪli
19424	undercover	1687786	ˌəndərˈkəvər
19425	substrates	1687769	ˈsəbˌstreɪts
19426	evansville	1687761	ˈɛvənzˌvɪl
19427	joystick	1687753	ˈʤɔɪˌstɪk
19429	forrester	1687469	ˈfɔrəstər
19430	ravens	1686982	ˈreɪvənz
19432	rican	1686637	ˈrikən
19433	underline	1686466	ˈəndərˌlaɪn
19434	obscene	1686451	
19439	hymn	1685394	hɪm
19440	continual	1685246	kənˈtɪnjuəl
19441	nuclei	1685159	ˈnukliˌaɪ
19442	gupta	1685132	ˈgʊptə
19443	tummy	1685130	ˈtəmi
19444	axial	1685087	ˈæksiəl
19445	slowed	1684926	sloʊd
19446	aladdin	1684894	æˈlædɪn
19447	tolerated	1684559	ˈtɑlərˌeɪtəd
19448	quay	1684371	
19450	outing	1684303	ˈaʊtɪŋ
19451	instruct	1684125	ˌɪnˈstrəkt
19452	wilcox	1684038	ˈwɪlkɑks
19453	topographic	1683986	ˌtɑpəˈgræfɪk
19454	westport	1683984	ˈwɛstˌpɔrt
19455	overhaul	1683953	ˈoʊvərˌhɔl
19456	majordomo	1683560	ˌmeɪʤərˈdoʊmoʊ
19457	peruvian	1683521	pərˈuviən
19458	indemnity	1683423	
19459	lev	1683199	lɛv
19460	imaginative	1682880	ˌɪˈmæʤənətɪv
19461	weir	1682833	wir
19462	wednesdays	1682709	
19463	burgers	1682693	ˈbərgərz
19464	rai	1682546	rɑi
19465	remarked	1682432	
19466	portrayed	1682197	pɔrˈtreɪd
19468	clarendon	1681717	ˈklɛrəndən
19469	campers	1681690	ˈkæmpərz
19470	phenotype	1681518	ˈfinəˌtaɪp
19471	countrywide	1681124	ˈkəntriˌwaɪd
19472	ferris	1680944	ˈfɛrɪs
19473	julio	1680926	
19474	affirm	1680655	əˈfərm
19476	spelled	1680303	spɛld
19477	epoch	1680235	
19478	mourning	1679985	ˈmɔrnɪŋ
19480	phelps	1679928	fɛlps
19481	aft	1679356	æft
19483	plaid	1679093	plæd
19484	audubon	1678873	ˈɔdəbɑn
19485	fable	1678751	ˈfeɪbəl
19486	rescued	1678575	ˈrɛskjud
19488	snowmobile	1678313	sˈnoʊmoʊˌbil
19489	exploded	1678214	
19492	padres	1677708	ˈpæˌdreɪz
19493	scars	1677547	skɑrz
19494	whisky	1677493	
19496	uptown	1677197	ˈəpˈtaʊn
19497	susie	1677048	ˈsuzi
19499	batter	1676822	ˈbætər
19500	weighting	1676674	ˈweɪtɪŋ
19501	reyes	1676657	reɪɪs
19502	rectal	1676607	ˈrɛktəl
19503	vivian	1676549	ˈvɪviən
19504	nuggets	1676486	ˈnəgəts
19505	silently	1676469	ˈsaɪləntli
19506	pesos	1676404	ˈpeɪsoʊz
19507	shakes	1676341	ʃeɪks
19508	dram	1676257	
19509	mckinney	1676239	məˈkɪni
19510	impartial	1676218	ˌɪmˈpɑrʃəl
19511	hershey	1676137	ˈhərʃi
19512	embryos	1675714	ˈɛmbriˌoʊz
19513	punctuation	1675694	ˌpəŋkʧuˈeɪʃən
19514	initials	1675671	ˌɪˈnɪʃəlz
19515	spans	1675632	spænz
19516	pallet	1675416	ˈpælət
19517	pistols	1675315	ˈpɪstəlz
19518	mara	1674798	ˈmɑrə
19519	garages	1674739	gərˈɑʒɪz
19521	tanner	1674597	ˈtænər
19522	avenues	1674437	ˈævəˌnuz
19523	urology	1674293	jərˈɑləʤi
19524	dun	1673771	dən
19525	aforementioned	1673653	əˈfɔrˌmɛnʃənd
19526	rihanna	1673560	ˌriˈhɑnə
19527	tackling	1673414	
19528	obese	1673406	
19529	compress	1673026	
19530	apostles	1673003	əˈpɔsəlz
19531	melvin	1672835	ˈmɛlvɪn
19532	sober	1672710	ˈsoʊbər
19533	collaborations	1672642	ˌkɑləbərˈeɪʃənz
19534	tread	1672572	trɛd
19535	legitimacy	1672389	
19536	zoology	1672374	zoʊˈɑləʤi
19537	steals	1671902	stilz
19538	unwilling	1671798	ənˈwɪlɪŋ
19539	lis	1671786	lɪs
19540	isolates	1671719	ˈaɪsəˌleɪts
19541	velcro	1670690	ˈvɛlkroʊ
19542	worksheets	1670687	ˈwərkˌʃits
19546	hua	1670186	
19547	abba	1670093	ˈæbə
19550	paddy	1668962	ˈpædi
19552	frey	1668686	freɪ
19554	loyola	1668573	ˌlɔɪˈoʊlə
19555	plunge	1668493	plənʤ
19556	pearce	1668218	pɪrs
19557	gartner	1667973	ˈgɑrtnər
19558	vos	1667880	vɑs
19559	sinister	1667276	ˈsɪnɪstər
19561	burr	1666923	bər
19562	arteries	1666760	ˈɑrtəriz
19564	chaser	1666136	ˈʧeɪsər
19565	formations	1665874	fɔrˈmeɪʃənz
19566	vantage	1665533	
19567	texans	1665443	ˈtɛksənz
19568	diffuse	1665383	
19569	boredom	1665375	ˈbɔrdəm
19570	norma	1665222	ˈnɔrmə
19571	astra	1665170	ˈæstrə
19573	crosse	1665028	krɑs
19574	overdrive	1664969	ˈoʊvərˌdraɪv
19575	mondo	1664921	ˈmɑndoʊ
19576	ripley	1664786	ˈrɪpli
19578	helpless	1664525	ˈhɛlpləs
19579	cfo	1664414	ˈsiˌɛˈfoʊ
19580	depletion	1664362	dɪˈpliʃən
19581	neonatal	1664249	ˌnioʊˈneɪtəl
19583	mclaren	1663751	məˈklɛrən
19584	wyatt	1663704	waɪət
19587	flatbed	1663079	ˈflætˌbɛd
19588	spades	1663068	speɪdz
19589	slug	1662960	sləg
19590	visionary	1662608	ˈvɪʒəˌnɛri
19591	coffin	1662468	ˈkɔfɪn
19592	otter	1662335	ˈɑtər
19593	golfers	1662265	ˈgɑlfərz
19594	lira	1662242	ˈlɪrə
19595	navajo	1662201	
19596	earns	1661937	ərnz
19597	amplified	1661309	ˈæmpləˌfaɪd
19598	recess	1661246	
19599	dispersed	1661192	dɪˈspərst
19600	technics	1661003	ˈtɛknɪks
19601	shouted	1660857	
19602	damien	1660830	ˈdeɪmiən
19603	clippers	1660416	ˈklɪpərz
19604	shilling	1660040	ˈʃɪlɪŋ
19605	resemble	1659654	
19606	spirited	1659614	ˈspɪrɪtəd
19608	carbonate	1659355	ˈkɑrbəˌneɪt
19609	mimi	1659350	ˈmimi
19611	discriminate	1659114	dɪˈskrɪməˌneɪt
19612	stared	1658945	stɛrd
19613	recharge	1658759	riˈʧɑrʤ
19614	crocodile	1658300	ˈkrɑkəˌdaɪl
19616	sassy	1657970	ˈsæsi
19618	ratification	1657571	ˌrætəfəˈkeɪʃən
19621	vases	1657182	
19622	filmmakers	1657073	ˈfɪlˌmeɪkərz
19623	transnational	1656943	trænsˈnæʃənəl
19624	advises	1656922	ædˈvaɪzɪz
19625	sind	1656706	sɪnd
19626	coward	1656677	kaʊərd
19627	paralegal	1656554	ˌpɛrəˈligəl
19628	spokesperson	1656553	ˈspoʊkspərsən
19630	teamed	1656266	timd
19631	preset	1656205	priˈsɛt
19632	inequalities	1656200	
19635	garde	1655823	gɑrd
19637	jams	1655641	ʤæmz
19638	pancreatic	1655615	ˌpænkriˈætɪk
19639	tran	1655487	træn
19641	dyes	1654912	daɪz
19645	holloway	1654216	ˈhɑloʊˌweɪ
19647	turbulence	1654172	ˈtərbjələns
19649	yell	1654034	jɛl
19650	fins	1653999	fɪnz
19653	ritchie	1652786	ˈrɪʧi
19654	underwriting	1652694	ˈəndərˈraɪtɪŋ
19655	dresser	1652504	ˈdrɛsər
19656	rulemaking	1652449	ˈrulˌmeɪkɪŋ
19657	rake	1652408	reɪk
19658	valentino	1652315	ˌvælənˈtinoʊ
19659	ornamental	1651866	ˌɔrnəˈmɛntəl
19660	riches	1651697	
19661	resign	1651672	
19665	stephan	1651479	ˈstɛfən
19666	aries	1651320	ˈɛriz
19667	ramps	1651245	ræmps
19668	tackles	1651206	ˈtækəlz
19669	injunction	1651173	
19670	intervene	1650973	ˌɪntərˈvin
19671	poised	1650755	pɔɪzd
19673	barking	1650384	ˈbɑrkɪŋ
19674	walden	1650383	ˈwɔldən
19675	josephine	1650169	ˈʤoʊsəˌfin
19676	dread	1649823	drɛd
19677	dag	1649705	dæg
19678	catchment	1649610	ˈkæʧmənt
19680	tactic	1649523	ˈtæktɪk
19681	ess	1649372	ɛs
19682	partitioning	1649370	pɑrˈtɪʃənɪŋ
19683	voicemail	1649324	ˈvɔɪsˌmeɪl
19685	handwriting	1649048	ˈhænˌdraɪtɪŋ
19687	serpent	1648778	ˈsərpənt
19689	tapped	1648690	tæpt
19690	articulated	1648485	ɑrˈtɪkjəˌleɪtəd
19691	pitched	1648460	pɪʧt
19692	parentheses	1648298	pərˈɛnθəˌsiz
19693	contextual	1648180	ˌkɑnˈtɛksˌʧuəl
19697	wisely	1647283	ˈwaɪzli
19698	accustomed	1647188	əˈkəstəmd
19699	bremen	1646953	ˈbrɛmən
19700	steaks	1646745	steɪks
19701	dyson	1646710	ˈdaɪsən
19702	playhouse	1646694	ˈpleɪˌhaʊs
19703	superficial	1646666	ˌsupərˈfɪʃəl
19704	toxins	1646568	ˈtɑksənz
19705	camaro	1646532	kəˈmɛroʊ
19706	suns	1646060	sənz
19707	josef	1645922	ˈʤoʊsəf
19708	casts	1645690	kæsts
19709	bunk	1645649	bəŋk
19711	stab	1645553	stæb
19712	sanction	1645521	ˈsæŋkʃən
19713	dyer	1645507	daɪər
19714	effected	1645475	
19715	signalling	1645433	ˈsɪgnəlɪŋ
19716	daycare	1645407	ˈdeɪˌkɛr
19717	murakami	1645371	mʊrɑˈkɑmi
19718	tubular	1645135	ˈtubjələr
19719	merriam	1644972	ˈmɛriəm
19720	moi	1644951	mwɑ
19721	ode	1644895	oʊd
19722	scorpio	1644846	ˈskɔrpiˌoʊ
19724	avoids	1644683	əˈvɔɪdz
19725	richter	1643979	ˈrɪktər
19727	ultrasonic	1643762	ˌəltrəˈsɑnɪk
19728	evidenced	1643586	ˈɛvɪdənst
19729	heinz	1643518	haɪnz
19732	larvae	1643319	ˈlɑrvi
19733	dyke	1643250	daɪk
19734	ashford	1643196	ˈæʃfərd
19735	intergovernmental	1643136	ˌɪntərˌgəvərnˈmɛntəl
19736	cassidy	1642823	ˈkæsɪdi
19737	paranoid	1642722	ˈpɛrəˌnɔɪd
19738	kernels	1642563	ˈkərnəlz
19739	mobilization	1642231	
19740	dino	1642153	ˈdinoʊ
19745	barron	1641518	ˈbærən
19746	wilkins	1641416	ˈwɪlkɪnz
19747	snorkeling	1641053	sˈnɔrkəˌlɪŋ
19748	chilean	1640779	ˈʧɪliən
19750	suny	1640693	ˈsuˌni
19752	qualifier	1640552	kˈwɑləˌfaɪər
19753	manipulated	1640498	məˈnɪpjəˌleɪtɪd
19755	alleviate	1640342	əˈliviˌeɪt
19756	fungal	1640076	ˈfəŋgəl
19757	ligand	1640021	ˈlɪgənd
19758	seam	1639943	sim
19759	aust	1639808	ɔst
19762	riddle	1639366	ˈrɪdəl
19763	coastline	1639278	ˈkoʊˌstlaɪn
19764	comedies	1638987	ˈkɑmədiz
19765	fainter	1638739	ˈfeɪntər
19766	omit	1638380	oʊˈmɪt
19767	respectful	1638205	rɪˈspɛktfəl
19768	flamingo	1638181	fləˈmɪŋgoʊ
19769	cabaret	1638162	ˌkæbərˈeɪ
19770	deformation	1637818	ˌdifɔrˈmeɪʃən
19771	orf	1637492	ɔrf
19772	recession	1637070	
19773	pfizer	1637013	ˈfaɪzər
19774	assembler	1636918	əˈsɛmblər
19775	awaited	1636799	əˈweɪtɪd
19776	renovations	1636788	ˈrɛnəˌveɪʃənz
19777	nozzle	1636320	ˈnɑzəl
19778	externally	1636144	ɪkˈstərnəli
19779	needy	1636137	ˈnidi
19781	broadcasters	1635981	ˈbrɔdˌkæstərz
19783	wheeled	1635339	
19784	booksellers	1635125	ˈbʊkˌsɛlərz
19785	noodles	1635016	ˈnudəlz
19786	darn	1634807	dɑrn
19787	diners	1634176	ˈdaɪnərz
19788	greeks	1634087	griks
19789	retardation	1633781	ritɑrˈdeɪʃən
19790	supervising	1633723	ˈsupərˌvaɪzɪŋ
19791	freeport	1633516	ˈfriˌpɔrt
19792	lyme	1633476	laɪm
19793	corning	1633459	ˈkɔrnɪŋ
19795	reich	1633237	raɪk
19797	armored	1633124	ˈɑrmərd
19799	weary	1632945	ˈwɪri
19800	solitary	1632552	ˈsɑləˌtɛri
19801	claremont	1632386	ˈklɛrˌmɑnt
19802	moo	1631972	mu
19803	photographed	1631912	ˈfoʊtəˌgræft
19804	tweed	1631867	twid
19805	snowy	1631719	snoʊi
19806	pianist	1631518	
19807	emmanuel	1630708	ɪˈmænjuəl
19808	acapulco	1630701	ˌækəˈpʊlkoʊ
19809	surrounds	1630581	səraʊndz
19810	knocking	1630521	ˈnɑkɪŋ
19811	cosmopolitan	1630506	ˌkɑzməˈpɑlətən
19812	magistrate	1630373	
19813	everlasting	1630054	ˌɛvərˈlæstɪŋ
19815	childs	1630010	ʧaɪldz
19816	pigment	1629945	ˈpɪgmɛnt
19817	faction	1629665	ˈfækʃən
19820	argentine	1628903	ˈɑrʤənˌtin
19821	blogosphere	1628801	ˈblɔgɔsˈfir
19822	endocrine	1628780	ˈɛndoʊˌkraɪn
19823	scandinavia	1628695	ˌskændɪˈneɪviə
19824	minnie	1628627	ˈmɪni
19826	genie	1627726	ˈʤini
19827	carlsbad	1627556	ˈkɑrlsbæd
19828	ammo	1627385	ˈæˌmoʊ
19831	linn	1627255	lɪn
19832	mcguire	1627195	məgˈwaɪr
19834	rulings	1626664	ˈrulɪŋz
19836	handel	1626082	ˈhændəl
19838	microscopic	1625493	ˌmaɪkrəˈskɑpɪk
19839	clarified	1625482	ˈklɛrəˌfaɪd
19840	coherence	1625467	koʊˈhɪrəns
19841	slater	1625418	sˈleɪtər
19842	broccoli	1625392	
19844	oakwood	1625162	ˈoʊkˌwʊd
19845	sensations	1624802	sɛnˈseɪʃənz
19846	orphan	1624738	ˈɔrfən
19847	conferred	1624719	kənˈfərd
19848	mcgee	1624565	məˈgi
19849	kissimmee	1624516	kɪˈsɪmi
19851	disturbances	1624387	
19852	chandelier	1624310	ʃændəˈlɪr
19853	linker	1624265	ˈlɪŋkər
19854	embryonic	1624255	ˌɛmbriˈɑnɪk
19856	carver	1623528	ˈkɑrvər
19857	paterson	1623389	ˈpætərsən
19859	delle	1622985	dɛl
19860	graceful	1622934	ˈgreɪsfəl
19861	synchronized	1622900	ˈsɪŋkrəˌnaɪzd
19862	intercept	1622820	
19864	shellfish	1622561	ˈʃɛlˌfɪʃ
19865	shouts	1622397	ʃaʊts
19866	ascertain	1622362	ˌæsərˈteɪn
19867	astoria	1622194	ˌæˈstɔriə
19868	veto	1621850	ˈviˌtoʊ
19869	trajectory	1621591	trəˈʤɛktəri
19870	epsilon	1621534	ˈɛpsəˌlɑn
19871	exhaustive	1621192	ɪgˈzɔstɪv
19872	annoyed	1620937	əˈnɔɪd
19873	bureaucracy	1620932	bjʊˈrɑkrəsi
19874	knowles	1620869	noʊlz
19875	astrophysics	1620767	ˌæstroʊˈfɪzɪks
19876	paz	1620531	pɑz
19877	stalls	1620379	stɔlz
19878	fined	1620321	faɪnd
19879	bien	1620307	bin
19880	hansard	1620240	ˈhænsərd
19881	inward	1620214	ˈɪnwərd
19882	reflector	1620203	rɪˈflɛktər
19883	greeted	1620123	
19884	lai	1620043	laɪ
19885	hartley	1619873	ˈhɑrtli
19886	defenses	1619699	
19887	meaningless	1619312	ˈminɪŋləs
19889	clam	1619041	klæm
19890	vampires	1618754	ˈvæmpaɪrz
19891	relocate	1618749	ˌriˈloʊkeɪt
19892	nerd	1618569	nərd
19893	francesco	1618462	frænˈʧɛskoʊ
19895	georg	1618208	geɪɔrg
19896	dac	1618101	dæk
19897	negligible	1617964	
19898	starch	1617686	stɑrʧ
19899	melinda	1617518	məˈlɪndə
19900	godfather	1617454	ˈgɑdˌfɑðər
19901	apron	1617357	ˈeɪprən
19902	glazing	1617235	ˈgleɪzɪŋ
19903	guts	1617220	gəts
19904	ros	1617065	rɔs
19905	pragmatic	1616640	prægˈmætɪk
19906	tyranny	1616527	ˈtɪrəni
19907	provisioning	1616424	prəˈvɪʒənɪŋ
19908	warehouses	1616363	
19910	regimen	1615927	ˈrɛʤəmən
19911	axel	1615778	ˈæksəl
19912	expandable	1615574	ɪkˈspændəbəl
19913	antony	1615554	ˈæntəni
19914	hahn	1615475	hɑn
19915	maserati	1615447	ˌmæsɛˈrɑti
19916	fluffy	1614981	ˈfləfi
19917	marianne	1614854	ˌmɑriˈæn
19918	slender	1614730	sˈlɛndər
19919	hereford	1614622	ˈhɛrəfərd
19920	bender	1614611	ˈbɛndər
19921	reliably	1614581	
19922	aides	1614522	eɪdz
19923	forma	1614466	ˈfɔrmə
19925	sendo	1613683	ˈsɛndoʊ
19926	absorbing	1613367	əbˈzɔrbɪŋ
19927	cherries	1613245	ˈʧɛriz
19928	hasbro	1613216	ˈhæzbroʊ
19929	gaelic	1613146	ˈgeɪlɪk
19930	gomez	1613018	ˈgoʊmɛz
19931	alec	1613007	ˈælɪk
19934	distinguishing	1612685	dɪˈstɪŋgwɪʃɪŋ
19936	ventricular	1612393	vɛnˈtrɪkjulər
19937	glazed	1612347	gleɪzd
19938	judd	1612165	ʤəd
19939	dashed	1611726	dæʃt
19940	petersen	1611576	ˈpitərsən
19941	libyan	1611446	ˈlɪˌbiən
19942	dickson	1611275	ˈdɪksən
19943	distressed	1611230	dɪˈstrɛst
19944	bans	1611048	bænz
19946	shouting	1610846	ˈʃaʊtɪŋ
19949	mao	1610486	maʊ
19950	bullock	1610451	ˈbʊlək
19951	villagers	1610143	ˈvɪlɪʤərz
19952	transferable	1609980	trænsˈfərəbəl
19953	yummy	1609762	ˈjəmi
19955	ethiopian	1609503	ˌiθiˈoʊpiən
19956	momma	1609120	ˈmɑmə
19957	lehigh	1609100	ˈliˌhaɪ
19958	mermaid	1609095	ˈmərˌmeɪd
19959	buds	1608970	bədz
19961	greenberg	1608552	ˈgrinbərg
19962	trish	1608418	trɪʃ
19963	sexes	1608110	
19964	wilder	1607947	ˈwaɪldər
19965	sire	1607933	saɪər
19967	confinement	1607573	kənˈfaɪnmənt
19968	islanders	1607540	ˈaɪləndərz
19969	ding	1607311	dɪŋ
19970	uncover	1607309	ənˈkəvər
19971	contested	1607211	kənˈtɛstəd
19972	coma	1607183	ˈkoʊmə
19973	husky	1606901	ˈhəski
19974	conserve	1606807	kənˈsərv
19975	bland	1606490	blænd
19976	electrodes	1606426	ˌɪˈlɛktroʊdz
19978	cron	1606172	krɑn
19979	darth	1606166	dɑrθ
19980	abatement	1606065	əˈbeɪtmənt
19981	cramer	1605899	ˈkreɪmər
19982	yup	1605889	jəp
19983	originator	1605760	ərˈɪʤəˌneɪtər
19984	ching	1605671	ʧɪŋ
19985	whipping	1605514	
19986	skipping	1605494	ˈskɪpɪŋ
19987	melanoma	1605480	ˌmɛləˈnoʊmə
19988	thug	1604910	θəg
19989	routed	1604615	
19990	rudolph	1604547	
19991	abigail	1604495	ˈæbəˌgeɪl
19992	missionaries	1604411	ˈmɪʃəˌnɛriz
19993	yugoslav	1604248	ˈjugoʊsˌlɑv
19994	householder	1603467	ˈhaʊsˌhoʊldər
19997	plotting	1603097	ˈplɑtɪŋ
19998	yan	1602598	jæn
19999	succeeding	1602365	səkˈsidɪŋ
20002	shaver	1602119	ˈʃeɪvər
20003	grammy	1602115	ˈgræmi
20004	elmer	1601986	ˈɛlmər
20005	fibrosis	1601917	faɪˈbroʊsɪs
20006	sails	1601569	seɪlz
20007	opel	1601543	ˈoʊpəl
20008	schuster	1601402	ˈʃustər
20009	hummingbird	1601201	ˈhəmɪŋˌbərd
20010	overlook	1601141	ˈoʊvərˌlʊk
20011	ported	1600981	ˈpɔrtɪd
20012	robes	1600721	roʊbz
20013	eeo	1600660	ˈiˈiˈoʊ
20014	sham	1600637	ʃæm
20015	fungus	1600543	ˈfəŋgəs
20016	astonishing	1600443	əˈstɑnɪʃɪŋ
20017	polyethylene	1600441	ˌpɑˌliˈɛθəˌlin
20018	graveyard	1600393	ˈgreɪvˌjɑrd
20019	chunks	1600392	ʧəŋks
20020	bourne	1600189	bɔrn
20021	revert	1600125	
20022	ignores	1599932	ˌɪgˈnɔrz
20023	parametric	1599852	ˌpɛrəˈmɛtrɪk
20024	popping	1599836	ˈpɑpɪŋ
20025	captains	1599805	ˈkæptənz
20026	loaf	1599779	loʊf
20027	awarding	1599577	əˈwɔrdɪŋ
20029	superbowl	1599172	ˈsupərˌboʊl
20031	pandora	1598918	pænˈdɔrə
20032	haskell	1598864	ˈhæskəl
20033	flatware	1598636	ˈflætˌwɛr
20034	skid	1598538	skɪd
20035	eyeglasses	1598397	
20036	fenton	1598301	ˈfɛntən
20037	polaris	1598232	poʊˈlɛrəs
20038	gabrielle	1598182	ˌgɑbriˈɛl
20040	formulations	1598134	ˌfɔrmjuˈleɪʃənz
20041	abel	1597985	ˈeɪbəl
20043	enigma	1597665	ɪˈnɪgmə
20044	glands	1597505	glændz
20045	parenthood	1597338	ˈpɛrənˌthʊd
20046	militant	1596979	ˈmɪlətənt
20047	latinos	1596708	lɑˈtinoʊs
20048	artworks	1596687	ˈɑrtˌwərks
20049	doherty	1596634	
20050	dnc	1596534	ˈdiˌɛnˌsi
20051	jug	1596524	ʤəg
20052	inferno	1596428	ˌɪnˈfərˌnoʊ
20054	allegheny	1595875	
20055	arenas	1595857	ərˈinəz
20057	torrents	1595707	ˈtɔrənts
20058	compressors	1595673	kəmˈprɛsərz
20059	outset	1595557	ˈaʊtˌsɛt
20060	confuse	1595533	kənfˈjuz
20061	exclusives	1595494	ɪkˈsklusɪvz
20062	yvonne	1595484	ˌɪˈvɑn
20063	attaching	1595347	əˈtæʧɪŋ
20064	adept	1595303	əˈdɛpt
20065	lounges	1595240	ˈlaʊnʤɪz
20066	doubtful	1595099	ˈdaʊtfəl
20067	consultative	1594458	kənˈsəltətɪv
20068	ratified	1594263	ˈrætəˌfaɪd
20069	insecure	1593854	ˈɪnsəkjər
20070	explosions	1593698	ɪkˈsploʊʒənz
20072	ais	1593010	aɪz
20073	conveyor	1592655	kənˈveɪər
20074	normative	1592501	ˈnɔrmətɪv
20075	trunks	1592472	trəŋks
20076	gareth	1592256	ˈgɛrɪθ
20079	longtime	1592041	ˈlɔŋˌtaɪm
20080	versatility	1591891	ˌvərsəˈtɪləti
20082	mckay	1591040	məˈkeɪ
20083	lothian	1590987	ˈlɑθiən
20086	intricate	1590775	ˈɪntrəkət
20087	strata	1590600	ˈstrætə
20088	solver	1590469	ˈsɑlvər
20091	solvents	1590391	ˈsɔlvənts
20092	depository	1590375	dɪˈpɑzəˌtɔri
20093	hubert	1590361	ˈhjubərt
20094	proclamation	1590224	ˌprɑkləˈmeɪʃən
20095	beauties	1590126	ˈbjutiz
20096	hybrids	1589976	ˈhaɪbrədz
20097	kudos	1589906	ˈkudoʊs
20098	gillian	1589767	ˈʤɪliən
20099	darrell	1589607	ˈdɛrəl
20100	jens	1589493	ʤɛnz
20101	creams	1589183	krimz
20102	irrespective	1589154	ˌɪrəˈspɛktɪv
20103	poo	1589025	pu
20104	handbooks	1588969	ˈhændˌbʊks
20106	imposition	1588551	ˌɪmpəˈzɪʃən
20107	shawnee	1588383	ˈʃɔni
20108	crowley	1588300	ˈkraʊli
20109	ensured	1588066	
20111	kidnapped	1587915	ˈkɪdˌnæpt
20112	sai	1587821	
20113	cereals	1587782	ˈsɪriəlz
20114	outrage	1587325	ˈaʊˌtreɪʤ
20115	poop	1587193	pup
20117	orchestral	1587007	ɔrˈkɛstrəl
20118	artifact	1586626	ˈɑrtəˌfækt
20120	coldwell	1586519	ˈkoʊldˌwɛl
20123	bellingham	1585888	ˈbɛlɪŋˌhæm
20124	veterinarian	1585882	
20125	dripping	1585865	ˈdrɪpɪŋ
20128	krona	1585436	ˈkroʊnə
20129	afterward	1585402	ˈæftərwərd
20130	disseminate	1585078	dɪˈsɛməˌneɪt
20131	devote	1585046	dɪˈvoʊt
20132	facets	1585021	ˈfæsəts
20134	frightened	1584949	ˈfraɪtənd
20135	noises	1584814	ˈnɔɪzɪz
20136	ambiguity	1584695	ˌæmbɪˈgjuəti
20137	booths	1584453	buθs
20138	discourage	1584422	dɪˈskərɪʤ
20139	elusive	1584397	ɪˈlusɪv
20140	speculative	1584294	ˈspɛkjələtɪv
20141	puget	1584283	ˈpjuʤɪt
20142	madeira	1584124	məˈdɪrə
20143	coasters	1584062	ˈkoʊstərz
20144	intimacy	1583608	ˈɪntəməsi
20145	geologic	1583318	ˌʤiəˈlɑʤɪk
20146	fleetwood	1583233	ˈflitˌwʊd
20147	hallway	1582743	ˈhɔlˌweɪ
20148	feldman	1582726	ˈfɛldmən
20149	whey	1582597	
20150	ripping	1582529	ˈrɪpɪŋ
20151	endocrinology	1582526	ˌɛndoʊkrəˈnɑləʤi
20152	replicas	1582449	ˈrɛplɪkəz
20153	mei	1582288	meɪ
20154	polygon	1582268	ˈpɑlɪˌgɑn
20156	hob	1582154	hɑb
20157	reloaded	1582037	ˌriˈloʊdɪd
20158	garry	1581995	
20159	ester	1581770	ˈɛstər
20160	kwazulu	1581738	kwɑˈzulu
20161	servo	1581719	ˈsərvoʊ
20163	annan	1581335	ˈænən
20164	thriving	1581303	θˈraɪvɪŋ
20165	hampers	1581237	ˈhæmpərz
20166	bragg	1581030	bræg
20167	gracious	1580782	ˈgreɪʃəs
20170	snail	1580640	sneɪl
20171	curator	1580529	
20172	curt	1580485	kərt
20173	jaime	1580471	ˈhaɪmi
20174	demise	1580466	dɪˈmaɪz
20175	theoretically	1580262	
20176	grooves	1580123	gruvz
20178	mower	1579636	moʊər
20179	conveyed	1579407	kənˈveɪd
20182	swine	1578713	swaɪn
20183	faxing	1578666	ˈfæksɪŋ
20184	meyers	1578190	maɪərz
20185	typographical	1578094	ˌtaɪpəˈgræfɪkəl
20186	ellison	1578082	ˈɛlɪsən
20188	ado	1577461	əˈdu
20189	trophies	1577448	ˈtroʊfiz
20190	quicken	1577333	kˈwɪkən
20191	stressful	1576993	ˈstrɛsfəl
20192	werden	1576992	ˈwərdən
20193	heron	1576813	ˈhɛrən
20196	teac	1576427	
20197	graft	1576259	græft
20198	neg	1576110	nɛg
20199	moth	1575719	mɔθ
20200	crossings	1575678	ˈkrɔsɪŋz
20201	derrick	1575574	ˈdɛrɪk
20203	eastwood	1575302	ˈistˌwʊd
20204	mash	1575231	mæʃ
20206	germ	1574711	ʤərm
20207	envoy	1574245	
20208	gerber	1573869	ˈgərbər
20209	breckenridge	1573851	ˈbrɛkənˌrɪʤ
20210	duran	1573846	dəræn
20211	pug	1573807	pəg
20212	antoine	1573767	ɑntˈwɑn
20213	aquarius	1573734	əkˈwɛriəs
20214	domingo	1573611	
20215	resembles	1573324	
20216	stencil	1573182	ˈstɛnsɪl
20217	doorway	1573175	ˈdɔrˌweɪ
20220	grandson	1572610	ˈgrændˌsən
20221	tat	1572566	tæt
20222	catalina	1572280	ˌkætəˈlinə
20223	redding	1572221	ˈrɛdɪŋ
20224	redirection	1572132	ˌridərˈɛkʃən
20225	accompaniment	1572132	
20226	derivation	1572113	ˌdɛrəˈveɪʃən
20227	showcases	1571980	ˈʃoʊˌkeɪsɪz
20228	warden	1571954	ˈwɔrdən
20229	voir	1571876	vwɑr
20230	tug	1571859	təg
20232	refinery	1570958	rɪˈfaɪnəri
20233	margarita	1570778	ˌmɑrgərˈitə
20234	clans	1570521	klænz
20235	instituted	1570486	ˈɪnstɪˌtutɪd
20236	notary	1570481	ˈnoʊtəri
20237	abort	1569892	əˈbɔrt
20239	schroeder	1569724	ʃˈroʊdər
20240	indent	1569632	ˌɪnˈdɛnt
20241	thi	1569597	θi
20242	sociological	1569545	ˌsoʊsiəˈlɑʤɪkəl
20243	chardonnay	1569430	ʧɑrˈdɑneɪ
20244	removals	1569412	rɪˈmuvəlz
20245	antrim	1569314	ˈæntrɪm
20246	offending	1569179	əˈfɛndɪŋ
20247	forgetting	1569161	
20248	macedonian	1568882	
20249	accelerating	1568747	ækˈsɛlərˌeɪtɪŋ
20251	guesthouse	1568387	ˈgɛˌsthaʊs
20252	reservoirs	1568325	ˈrɛzərvˌwɑrz
20253	barlow	1568078	ˈbɑˌrloʊ
20254	tyrone	1568048	ˌtaɪˈroʊn
20255	halle	1568027	
20256	edged	1568009	ɛʤd
20258	insiders	1567972	ˌɪnˈsaɪdərz
20259	encompass	1567719	ɛnˈkəmpəs
20261	spade	1567565	speɪd
20262	hermes	1567382	ˈhərmiz
20263	glare	1567097	glɛr
20264	metaphysical	1566885	ˌmɛtəˈfɪzɪkəl
20265	decode	1566785	dɪˈkoʊd
20266	looney	1566768	ˈluni
20267	insignificant	1566578	ˌɪnsɪgnˈjɪfɪkənt
20268	exchanging	1566510	ɪksˈʧeɪnʤɪŋ
20269	pledges	1565915	ˈplɛʤɪz
20270	mentality	1565457	
20271	brigham	1565408	ˈbrɪgəm
20272	turbulent	1565195	ˈtərbjələnt
20274	jewelers	1564984	
20275	pip	1564790	pɪp
20276	pup	1564770	pəp
20277	juneau	1564732	ˈʤunoʊ
20278	dilution	1564616	
20279	fortunes	1564213	
20280	sultan	1564160	ˈsəltən
20281	masked	1564129	mæskt
20282	casing	1563984	ˈkeɪsɪŋ
20283	veterinarians	1563930	
20284	plotted	1563400	
20286	grids	1562935	grɪdz
20287	sightings	1562930	ˈsaɪtɪŋz
20289	spacer	1562582	ˈspeɪsər
20290	microprocessor	1562364	ˌmaɪkroʊˈprɑsɛsər
20291	haley	1562075	ˈheɪli
20292	deloitte	1562056	dəˈlɔɪt
20293	claiborne	1561918	ˈkleɪbərn
20296	generously	1561858	ˈʤɛnərəsli
20297	spills	1561773	spɪlz
20299	amounted	1561483	
20301	refunded	1560964	rɪˈfəndɪd
20302	sunnyvale	1560875	ˈsəniˌveɪl
20303	icy	1560875	ˈaɪsi
20304	repression	1560857	riˈprɛʃən
20305	reaper	1560609	ˈripər
20306	honoring	1560520	ˈɑnərɪŋ
20308	facto	1560335	ˈfæktoʊ
20309	lovin	1560205	ˈloʊvɪn
20310	embracing	1560166	ɛmˈbreɪsɪŋ
20311	climatic	1559502	klaɪˈmætɪk
20313	broaden	1559424	ˈbrɔdən
20314	salinity	1559333	səˈlɪnəˌti
20316	begging	1559218	ˈbɛgɪŋ
20318	handout	1558920	ˈhænˌdaʊt
20319	wharton	1558777	ˈwɔrtən
20320	routledge	1558736	ˈraʊtlɪʤ
20321	ramirez	1558500	rəˈmɪrɛz
20322	sui	1558304	
20323	freddy	1558215	ˈfrɛdi
20324	bushes	1558141	ˈbʊʃəz
20325	contend	1558005	kənˈtɛnd
20326	haiku	1557648	ˈhaɪku
20327	restraints	1557441	
20328	paisley	1557028	ˈpeɪzli
20329	telemarketing	1556849	ˌtɛləˈmɑrkətɪŋ
20330	cutoff	1556770	ˈkəˌtɔf
20331	truncated	1556768	ˈtrəŋˌkeɪtɪd
20332	gibbons	1556714	ˈgɪbɪnz
20333	nitric	1556649	ˈnaɪtrɪk
20334	visuals	1556628	ˈvɪʒwəlz
20335	ccs	1556558	ˈsiˈsiˈɛs
20336	breads	1556548	brɛdz
20338	atop	1556394	əˈtɑp
20339	glover	1556346	ˈgləvər
20340	railroads	1555995	ˈreɪˌlroʊdz
20341	unicorn	1555934	ˈjunɪˌkɔrn
20342	normandy	1555892	ˈnɔrməndi
20343	martina	1555878	mɑrˈtinə
20344	mclaughlin	1555875	məˈglɑklən
20345	floats	1555518	floʊts
20346	headlight	1555481	ˈhɛˌdlaɪt
20347	kemp	1555393	kɛmp
20348	justices	1555220	
20349	orderly	1555095	ˈɔrdərli
20353	wafer	1554217	ˈweɪfər
20354	clinicians	1554198	klɪˈnɪʃənz
20355	puck	1553945	pək
20356	entertainers	1553828	
20357	tripp	1553758	trɪp
20359	blockers	1553747	ˈblɑkərz
20360	stash	1553737	stæʃ
20361	roofs	1553687	rufs
20362	reefs	1553553	rifs
20363	jamaican	1553520	ʤəˈmeɪkən
20364	semen	1553302	ˈsimən
20365	hover	1553261	ˈhəvər
20366	endogenous	1553194	ˌɛnˈdɔʤɛnəs
20367	quarantine	1553168	kˈwɔrənˌtin
20368	memorex	1552940	ˈmɛmɔˌrɛks
20369	showtime	1552926	ˈʃoʊˌtaɪm
20370	narcotics	1552907	nɑrˈkɑtɪks
20371	detrimental	1552843	
20372	oceanfront	1552758	ˈoʊʃənˌfrənt
20373	molds	1552621	moʊldz
20374	elias	1552410	əˈlaɪəs
20375	flange	1552260	flænʤ
20378	hou	1552160	hu
20379	subsistence	1552081	səbˈsɪstəns
20380	chilled	1551811	ʧɪld
20381	foe	1551784	foʊ
20382	citadel	1551634	ˈsɪtəˌdɛl
20384	gogh	1551463	goʊ
20385	topography	1551402	təˈpɑgrəfi
20386	allentown	1551378	ˈælənˌtaʊn
20387	leaflets	1551366	ˈlifləts
20388	romero	1551270	roʊˈmɛroʊ
20390	wrinkle	1551149	ˈrɪŋkəl
20391	contemplated	1551104	ˈkɑntəmˌpleɪtɪd
20393	adolescence	1550535	
20394	nun	1550442	nən
20395	harmon	1550285	ˈhɑrmən
20396	indulge	1550268	ˌɪnˈdəlʤ
20397	bernhard	1550073	ˈbərnhɑrd
20398	hearth	1549883	hɑrθ
20400	edna	1549523	ˈɛdnə
20401	embarrassed	1549509	ɪmˈbɛrəst
20402	aggressively	1549351	əˈgrɛsɪvli
20403	melodic	1549236	məˈlɑdɪk
20404	coincide	1548922	ˌkoʊɪnˈsaɪd
20407	transgenic	1548492	ˌtrænzˈʤɛnɪk
20409	maynard	1548244	ˈmeɪnərd
20410	brookfield	1548226	ˈbrʊkˌfild
20411	endorsements	1548038	ɛnˈdɔrsmənts
20412	genoa	1548016	ˈʤɛnoʊə
20413	enlightened	1547532	ˌɛnˈlaɪtənd
20414	viscosity	1547408	vɪˈskɑsəti
20415	clippings	1547267	ˈklɪpɪŋz
20416	radicals	1546947	ˈrædɪkəlz
20418	bengals	1546736	ˈbɛŋgəlz
20419	estimator	1546672	
20421	concurrently	1546489	kənˈkərəntli
20422	penetrate	1546460	ˈpɛnəˌtreɪt
20423	stride	1546387	straɪd
20424	catastrophe	1546227	kəˈtæstrəfi
20425	leafs	1545582	lifs
20426	greatness	1545552	ˈgreɪtnəs
20427	electrician	1545500	ɪlɛkˈtrɪʃən
20428	mayfield	1545493	
20430	archie	1545155	ˈɑrʧi
20432	parasites	1544973	ˈpɛrəˌsaɪts
20433	bleach	1544694	bliʧ
20434	entertained	1544676	
20435	inventors	1543847	ˌɪnˈvɛntərz
20437	ferret	1543424	ˈfɛrət
20438	louisa	1543294	luˈizə
20439	agony	1543205	ˈægəni
20440	wolverine	1542951	ˌwʊlvərˈin
20441	marseille	1542837	mɑrˈsaɪl
20442	taller	1542678	ˈtɔlər
20443	doubling	1542664	
20444	stupidity	1542655	stuˈpɪdɪˌti
20445	moor	1542580	mʊr
20446	individualized	1542512	
20448	stephenson	1542254	ˈstivənsən
20449	enrich	1542232	
20450	foreground	1541989	ˈfɔrˌgraʊnd
20451	revelations	1541983	ˌrɛvəˈleɪʃənz
20452	replying	1541973	
20453	raffle	1541879	ˈræfəl
20454	shredder	1541718	ʃˈrɛdər
20455	incapable	1541556	ˌɪnˈkeɪpəbəl
20456	parte	1541532	
20457	acknowledgment	1541230	ækˈnɑlɪʤmənt
20460	mascot	1540949	
20461	lube	1540706	lub
20462	launcher	1540699	ˈlɔnʧər
20463	mech	1540606	mɛk
20464	labyrinth	1540575	ˈlæbərˌɪnθ
20465	africans	1540301	ˈæfrɪkənz
20466	sway	1540207	sweɪ
20467	primers	1539508	ˈpraɪmərz
20468	undergone	1539398	ˌəndərˈgɔn
20469	lacey	1539328	ˈleɪsi
20470	preach	1539268	priʧ
20471	caregiver	1538863	ˈkɛrˌgɪvər
20472	triangular	1538792	traɪˈæŋgjələr
20473	disabling	1538700	
20474	cones	1538688	koʊnz
20475	lupus	1538621	ˈlupəs
20476	sachs	1538324	
20477	inversion	1538266	ˌɪnˈvərʒən
20478	thankfully	1538033	ˈθæŋkfəli
20481	taxed	1537786	tækst
20482	presumption	1537386	
20483	excitation	1537381	ˌɛksaɪˈteɪʃən
20485	salesman	1537227	ˈseɪlzmən
20486	hatfield	1537123	ˈhætˌfild
20487	constantine	1537093	
20488	confederation	1536984	kənˌfɛdərˈeɪʃən
20489	keane	1536978	kin
20490	petals	1536666	ˈpɛtəlz
20491	gator	1536519	ˈgeɪtər
20492	imprisoned	1536490	ˌɪmˈprɪzənd
20495	nordstrom	1535891	ˈnɔrdstrəm
20496	roseville	1535824	ˈroʊzˌvɪl
20497	heller	1535624	ˈhɛlər
20498	dishwashers	1535552	ˈdɪʃˌwɑʃərz
20499	walla	1535192	ˈwɔlə
20502	replicate	1534588	ˈrɛplɪˌkeɪt
20503	taped	1534342	teɪpt
20504	mcgrath	1534261	məˈgræθ
20505	docks	1534076	dɑks
20506	biometric	1533923	ˌbaɪəˈmɛtrək
20507	landowners	1533757	ˈlænˌdoʊnərz
20508	sul	1533755	səl
20509	incubation	1533624	ˌɪŋkjuˈbeɪʃən
20510	aggregates	1533450	
20511	wrangler	1533415	
20512	juno	1532810	ˈʤunoʊ
20513	deux	1532778	du
20514	defiance	1532737	dɪˈfaɪəns
20516	bully	1532418	ˈbʊli
20518	valiant	1532221	ˈvæljənt
20520	constructions	1532063	kənˈstrəkʃənz
20521	youngsters	1531841	ˈjəŋstərz
20523	toad	1531662	toʊd
20524	shure	1531591	ʃʊr
20525	breasted	1531413	
20526	banging	1531392	ˈbæŋɪŋ
20527	vertigo	1531090	ˈvərtɪˌgoʊ
20528	unsatisfactory	1530984	ˌənsətɪsˈfæktəri
20530	fluent	1530869	fluənt
20531	rhyme	1530733	raɪm
20532	donating	1530273	ˈdoʊˌneɪtɪŋ
20533	antec	1530204	ˈænˌtɛk
20534	giveaway	1530090	ˈgɪvəˌweɪ
20536	alyssa	1529613	əˈlɪsə
20538	renter	1529377	ˈrɛntər
20540	eros	1529044	ˈɪrɑs
20541	patel	1528841	pəˈtɛl
20543	honeywell	1528789	ˈhəniˌwɛl
20544	mcintosh	1528560	ˈmækənˌtɔʃ
20545	suffice	1528469	səˈfaɪs
20546	nightclubs	1528451	ˈnaɪtˌkləbz
20547	barrington	1528410	
20548	luxor	1528236	ˈləksər
20549	caterers	1528136	ˈkeɪtərərz
20550	capacitors	1527792	
20551	rockefeller	1527746	ˈrɑkəˌfɛlər
20552	convened	1527545	kənˈvind
20554	nah	1527428	nɑ
20555	accusations	1527028	
20556	debated	1526868	dəˈbeɪtɪd
20557	itineraries	1526597	aɪˈtɪnərˌɛriz
20558	stallion	1526497	ˈstæljən
20559	reagents	1526408	
20560	christoph	1526337	ˈkrɪstɔf
20561	walkers	1526057	ˈwɔkərz
20563	equipments	1525907	ɪkˈwɪpmənts
20564	necessities	1525898	nəˈsɛsɪtiz
20566	weekdays	1525737	ˈwikˌdeɪz
20567	camelot	1525571	ˈkæməˌlɑt
20568	computations	1525533	ˌkɑmpjuˈteɪʃənz
20569	wineries	1525510	ˈwaɪnəriz
20571	booker	1525480	ˈbʊkər
20572	mattel	1525188	məˈtɛl
20573	deserted	1525106	dɪˈzərtɪd
20574	diversification	1524994	
20576	matic	1524664	ˈmætɪk
20578	keepers	1524631	ˈkipərz
20579	antioxidant	1524520	ˌæntiˈɑksədənt
20580	logically	1523845	ˈlɑʤɪkli
20581	caravans	1523818	
20584	oranges	1523633	
20585	bum	1523602	bəm
20586	presse	1523582	prɛs
20587	olga	1523371	ˈoʊlgə
20588	semesters	1523286	səˈmɛstərz
20590	contends	1522978	kənˈtɛndz
20591	snort	1522943	snɔrt
20592	occupants	1522882	ˈɑkjəpənts
20593	storyline	1522878	ˈstɔriˌlaɪn
20594	melrose	1522808	ˈmɛˌlroʊz
20595	streamlined	1522734	ˈstrimˌlaɪnd
20597	airway	1522558	ˈɛrˌweɪ
20600	vim	1522278	vɪm
20601	commas	1521986	ˈkɑməz
20602	vicky	1521949	ˈvɪki
20603	luminous	1521841	ˈlumənəs
20604	crowe	1521823	kroʊ
20605	helvetica	1521708	ˌhɛlˈvɛtɪkə
20608	unparalleled	1521531	ənˈpɛrəˌlɛld
20609	anyhow	1521509	ˈɛniˌhaʊ
20610	cambria	1521463	ˈkæmbriə
20611	waterfalls	1521358	ˈwɔtərˌfɔlz
20612	obtains	1521339	əbˈteɪnz
20613	antwerp	1521246	ˈæntwərp
20614	ulrich	1520871	ˈəlrɪʧ
20615	hardened	1520707	ˈhɑrdənd
20616	primal	1520572	ˈpraɪməl
20617	straits	1520307	streɪts
20619	upheld	1520200	əˈphɛld
20620	manifestation	1520142	ˌmænəfɛˈsteɪʃən
20622	malt	1520084	mɔlt
20624	blazers	1519924	ˈbleɪzərz
20626	merritt	1519662	ˈmɛrɪt
20627	triad	1519533	traɪæd
20630	clinique	1518938	kləˈnik
20631	fitch	1518593	fɪʧ
20632	charting	1518351	ˈʧɑrtɪŋ
20633	sinai	1518310	ˈsaɪˌnaɪ
20635	fixation	1518138	fɪkˈseɪʃən
20638	endowed	1517872	ɛnˈdaʊd
20639	alamos	1517447	ˈæləmoʊz
20640	cameo	1517437	ˈkæmiˌoʊ
20641	attire	1517340	əˈtaɪər
20642	blaine	1516978	bleɪn
20643	leach	1516929	liʧ
20644	gravitational	1516658	ˌgrævɪˈteɪʃənəl
20645	typewriter	1516482	ˈtaɪˌpraɪtər
20646	cyrillic	1516306	sərˈɪlɪk
20648	pomona	1516249	poʊˈmoʊnə
20649	goddard	1516197	ˈgɑdərd
20650	designee	1516146	ˌdɛzɪgˈni
20651	fanny	1516099	ˈfæni
20652	sunni	1516089	ˈsuni
20653	plagiarism	1515932	ˈpleɪʤərˌɪzəm
20654	milky	1515925	ˈmɪlki
20656	combs	1515329	koʊmz
20657	monoxide	1515230	məˈnɑksaɪd
20658	upland	1515055	ˈəplənd
20660	hardin	1514925	ˈhɑrdɪn
20661	colorectal	1514858	ˌkoʊloʊˈrɛktəl
20662	outage	1514405	
20663	unconstitutional	1514294	ˌənˌkɑnstəˈtuʃənəl
20664	chunky	1514128	ˈʧəŋki
20665	adopts	1514082	əˈdɑpts
20666	raptor	1513893	ˈræptər
20668	coulter	1513376	ˈkoʊltər
20669	macao	1512986	məˈkaʊ
20670	iain	1512803	iˈeɪn
20672	snaps	1512455	snæps
20673	defends	1512358	dɪˈfɛndz
20674	depicts	1512323	
20676	pilgrimage	1512182	
20677	quantify	1512122	kˈwɑntɪˌfaɪ
20679	elevators	1512024	ˈɛləˌveɪtərz
20681	substitutions	1511821	ˌsəbstɪˈtjuʃənz
20682	lancome	1511774	
20683	galleria	1511593	ˌgælərˈiə
20685	hillsborough	1511429	ˈhɪlzbəroʊ
20686	booklets	1511249	ˈbʊklɪts
20691	gluten	1510870	ˈglutən
20692	narrowed	1510821	ˈnɛroʊd
20693	spanked	1510290	spæŋkt
20695	medi	1510110	ˈmɛdi
20697	eighteenth	1509937	
20698	hurst	1509915	hərst
20699	inscription	1509871	ˌɪnˈskrɪpʃən
20700	ascent	1509864	əˈsɛnt
20701	obispo	1509863	oʊˈbɪspoʊ
20702	minogue	1509663	
20703	turbines	1509425	ˈtərbaɪnz
20705	pisa	1508743	ˈpisə
20706	tedious	1508727	ˈtidiəs
20707	pods	1508594	pɑdz
20708	universally	1508293	ˌjunəˈvərsəli
20709	crappy	1508129	ˈkræˌpi
20710	golfer	1508058	ˈgɑlfər
20712	receivables	1507083	rɪˈsivəbəlz
20713	chewing	1507050	ʧuɪŋ
20714	scripps	1506924	skrɪps
20715	accommodated	1506562	əˈkɑməˌdeɪtəd
20716	tendencies	1506469	ˈtɛndənsiz
20717	livermore	1506467	lɪvərˈmɔr
20718	rowland	1506408	ˈroʊlənd
20719	welded	1505853	ˈwɛldɪd
20720	conforms	1505656	kənˈfɔrmz
20721	cirque	1505418	sərk
20722	ost	1505328	oʊst
20723	marxism	1505010	ˈmɑrksɪzəm
20724	reggie	1504876	ˈrɛʤi
20725	escondido	1504848	ˌɛskɑnˈdidoʊ
20726	diffraction	1504807	dɪˈfrækʃən
20727	aha	1504696	ˌɑˈhɑ
20728	outlining	1504562	ˈaʊˌtlaɪnɪŋ
20729	subtract	1504291	səbˈtrækt
20730	bosnian	1504285	ˈbɑzniən
20731	refreshments	1503788	rəˈfrɛʃmənts
20732	depict	1503760	dɪˈpɪkt
20733	coils	1503707	kɔɪlz
20734	callers	1503661	ˈkɔlərz
20735	hydration	1503550	haɪˈdreɪʃən
20737	preferential	1503135	ˌprɛfərˈɛnʃəl
20739	navel	1503077	ˈneɪvəl
20740	arbitrator	1503052	ˈɑrbɪˌtreɪtər
20741	interns	1502965	ˈɪntərnz
20742	quotas	1502658	kˈwoʊtəz
20743	prolific	1502628	proʊˈlɪfɪk
20744	nurseries	1502618	ˈnərsəriz
20745	methodological	1502334	ˌmɛθədəˈlɑʤɪkəl
20747	gettysburg	1502113	ˈgɛtizbərg
20749	menlo	1501940	ˈmɛnloʊ
20751	footsteps	1501774	ˈfʊtˌstɛps
20752	indefinitely	1501553	ˌɪnˈdɛfənətli
20753	sucker	1501371	ˈsəkər
20754	bumps	1501221	bəmps
20755	bikinis	1501192	bəˈkiniz
20756	frightening	1501182	
20757	wildly	1501136	ˈwaɪldli
20758	sable	1501050	ˈseɪbəl
20760	retarded	1500950	
20762	addicts	1500797	
20763	epithelial	1500752	ɛpɪˈθɛljəl
20764	drastically	1500749	ˈdræstɪkli
20765	neatly	1500725	ˈnitli
20766	singleton	1500424	ˈsɪŋgəltən
20767	spaniel	1500052	ˈspænjəl
20768	somerville	1500009	ˈsəmərˌvɪl
20769	worthless	1499925	ˈwərθləs
20770	clarks	1499873	klɑrks
20772	spool	1499516	spul
20773	groupware	1499310	ˈgrupˌwɛr
20774	matchmaking	1499003	ˈmæʧˌmeɪkɪŋ
20776	jeopardy	1498553	ˈʤɛpərdi
20778	rovers	1498515	ˈroʊvərz
20779	voiced	1498292	vɔɪst
20780	aeronautics	1498200	ˌɛrəˈnɔtɪks
20781	radiography	1498196	ˌreɪdiˈɑgrəfi
20782	norsk	1498173	nɔrsk
20785	annoy	1497815	əˈnɔɪ
20787	clap	1497714	klæp
20789	aspiring	1497326	əˈspaɪrɪŋ
20791	dazzling	1497109	
20792	cornelius	1496992	kɔrˈniljəs
20794	scientifically	1496742	
20795	grandpa	1496650	ˈgrændˌpɑ
20796	cornish	1496564	ˈkɔrnɪʃ
20797	guessed	1496547	gɛst
20798	kennels	1496215	ˈkɛnəlz
20799	sera	1496043	ˈsɪrə
20800	toxin	1495922	ˈtɑksən
20801	axiom	1495473	ˈæksiəm
20802	stamina	1495462	ˈstæmənə
20803	hardness	1495434	ˈhɑrdnəs
20804	abound	1494791	əˈbaʊnd
20805	poynter	1494768	ˈpɔɪntər
20806	curing	1494526	ˈkjʊrɪŋ
20807	socrates	1494423	ˈsɑkrəˌtiz
20808	aztec	1494241	ˈæzˌtɛk
20809	confer	1494223	kənˈfər
20810	vents	1493908	vɛnts
20811	mater	1493901	
20812	oneida	1493805	oʊˈnaɪdə
20813	filmmaker	1493747	ˈfɪlˌmeɪkər
20814	aiken	1493709	ˈeɪkɪn
20815	crowned	1493663	kraʊnd
20816	sandstone	1493641	
20817	adapting	1493600	əˈdæptɪŋ
20818	grounding	1493410	ˈgraʊndɪŋ
20820	calvert	1493348	ˈkælvərt
20821	fiduciary	1493249	fəˈduʃiˌɛri
20822	cranes	1493208	kreɪnz
20823	rooster	1493153	ˈrustər
20827	proctor	1492965	ˈprɑktər
20828	prehistoric	1492829	ˌprihɪˈstɔrɪk
20830	balkans	1492755	ˈbɔlkənz
20832	dictate	1492381	
20833	joker	1492319	ˈʤoʊkər
20834	zimmerman	1492257	ˈzɪmərmən
20835	javier	1492255	ˌhɑviˈɛr
20836	romantics	1492239	roʊˈmæntɪks
20837	trimmer	1492133	ˈtrɪmər
20838	bookkeeping	1492064	ˈbʊkˌkipɪŋ
20840	hikes	1491709	haɪks
20841	kickoff	1491629	ˈkɪˌkɔf
20842	wiped	1491628	waɪpt
20843	contours	1490989	ˈkɑnˌtʊrz
20845	abdomen	1490684	
20846	hillsboro	1490608	ˈhɪlzbəroʊ
20847	baden	1490601	ˈbeɪdən
20849	tudor	1490389	
20850	fractal	1490337	ˈfræktəl
20851	paws	1490242	pɔz
20853	villains	1490210	ˈvɪlənz
20854	poke	1490170	poʊk
20855	prayed	1490059	preɪd
20856	inefficient	1490006	ˌɪnɪˈfɪʃənt
20857	heirs	1489908	ɛrz
20858	parasite	1489862	ˈpɛrəˌsaɪt
20860	twill	1489583	twɪl
20861	therapeutics	1489353	ˌθɛrəˈpjutɪks
20862	shortcomings	1489316	ˈʃɔrtˌkəmɪŋz
20863	cures	1489176	kjʊrz
20864	disruptive	1488954	dɪsˈrəptɪv
20865	kicker	1488808	ˈkɪkər
20866	protease	1488691	ˈproʊtiˌeɪz
20867	concentrates	1488683	ˈkɑnsənˌtreɪts
20868	preclude	1488523	
20869	abrams	1488470	ˈeɪbrəmz
20870	moreno	1488410	
20872	fasting	1488012	ˈfæstɪŋ
20873	timex	1487849	ˈtaɪmɛks
20874	duffy	1487687	ˈdəfi
20875	loudly	1487472	ˈlaʊdli
20876	racers	1487449	ˈreɪsərz
20877	horseshoe	1487445	ˈhɔrsˌʃu
20878	zeus	1487171	zus
20879	constellation	1487144	ˌkɑnstəˈleɪʃən
20880	recital	1487036	rəˈsaɪtəl
20882	pairing	1486812	ˈpɛrɪŋ
20884	kirkland	1486570	ˈkərklənd
20885	freud	1486467	frɔɪd
20886	bedtime	1486429	ˈbɛdˌtaɪm
20887	thinkers	1486220	ˈθɪŋkərz
20888	gujarat	1486026	ˌgjuʤərˈæt
20889	hume	1485786	hjum
20891	reminiscent	1485658	ˌrɛməˈnɪsənt
20892	rapport	1485476	ræˈpɔr
20894	catfish	1485016	ˈkætˌfɪʃ
20895	dope	1485011	doʊp
20896	doubletree	1484992	ˈdəbəlˌtri
20897	brink	1484879	brɪŋk
20901	truss	1484384	trəs
20902	kiln	1484251	kɪln
20903	anthologies	1484212	ænˈθɔləʤiz
20904	retirees	1484015	riˈtaɪˈriz
20905	peaches	1483832	
20906	depressing	1483701	dɪˈprɛsɪŋ
20909	investigates	1483596	ˌɪnˈvɛstəˌgeɪts
20910	strangely	1483377	ˈstreɪnʤli
20911	chelmsford	1483062	ˈʧɛlmsfərd
20912	narratives	1482906	
20914	skipper	1482870	ˈskɪpər
20916	drains	1482766	dreɪnz
20917	anonymity	1482647	ˌænəˈnɪmɪti
20918	gotham	1482536	ˈgɑθəm
20919	lyle	1482527	laɪl
20920	maxima	1482496	ˈmæksəmə
20921	unification	1482459	ˌjunəfəˈkeɪʃən
20922	sous	1481941	suz
20923	pinot	1481847	ˈpɪnət
20924	responsiveness	1481807	rɪˈspɑnsɪvnəs
20925	testimonial	1481582	ˌtɛstɪˈmoʊniəl
20926	khaki	1481504	
20928	distributes	1481334	dɪˈstrɪbjuts
20929	jacobson	1481272	ˈʤeɪkəbsən
20931	navigating	1481130	ˈnævəˌgeɪtɪŋ
20933	monash	1480640	ˈmɑˌnæʃ
20934	binghamton	1480518	ˈbɪŋgəmtən
20935	connolly	1480510	ˈkɔnəli
20937	slough	1480201	sləf
20938	prodigy	1480016	ˈprɑdəʤi
20939	embossed	1480003	ɪmˈbɔst
20940	mould	1479845	moʊld
20941	jock	1479745	ʤɑk
20943	psychedelic	1479060	ˌsaɪkəˈdɛlɪk
20944	blasts	1479035	blæsts
20945	gyn	1478793	
20946	rhinestone	1478557	ˈraɪnˌstoʊn
20947	poorer	1478500	ˈpurər
20948	ely	1478336	ˈilaɪ
20949	anglia	1478289	ˈæŋgliə
20950	dyed	1478243	daɪd
20952	dissatisfied	1477991	dɪˈsætəsˌfaɪd
20953	philharmonic	1477989	ˌfɪˌlhɑrˈmɑnɪk
20955	cantonese	1477895	ˌkæntəˈniz
20959	shakers	1477675	ˈʃeɪkərz
20960	bourbon	1477640	ˈbərbən
20961	staggering	1477324	ˈstægərˌɪŋ
20962	bismarck	1477177	ˈbɪzˌmɑrk
20963	hoe	1477042	hoʊ
20964	rubbed	1476964	rəbd
20965	wasp	1476640	wɑsp
20966	inhibited	1476480	ˌɪnˈhɪbətɪd
20967	bookseller	1476151	ˈbʊkˌsɛlər
20968	lexical	1475986	ˈlɛksɪkəl
20972	karachi	1475630	kɑˈrɑʧi
20973	missoula	1475616	mɪˈzulə
20974	abilene	1475478	ˈæbɪˌlin
20976	fuss	1475395	fəs
20977	muir	1475331	mjʊr
20978	uterus	1475031	ˈjutərəs
20980	swat	1474739	swɑt
20982	trashy	1474429	ˈtræʃi
20983	chimes	1474244	ʧaɪmz
20984	expended	1473940	ɪkˈspɛndɪd
20986	webber	1473773	ˈwɛbər
20989	aggregated	1473210	ˈægrəˌgeɪtəd
20991	strategically	1473002	strəˈtiʤɪkli
20993	anus	1472531	ˈeɪnəs
20994	pico	1472515	ˈpikoʊ
20996	exhibiting	1472106	ɪgˈzɪbɪtɪŋ
20997	gimme	1471759	ˈgɪmi
20998	deputies	1471758	
20999	emergent	1471526	
21000	erika	1471358	ˈɛrɪkə
21001	authenticate	1471179	ɔˈθɛntəˌkeɪt
21002	aligning	1471019	əˈlaɪnɪŋ
21003	nee	1470805	ni
21004	beaufort	1470562	ˈboʊfərt
21005	nautilus	1470549	ˈnɔtələs
21006	radically	1470365	ˈrædɪkli
21007	doulton	1470112	ˈdoʊltən
21008	terminating	1470085	ˈtərməˌneɪtɪŋ
21009	platter	1470060	ˈplætər
21011	dracula	1469183	ˈdrækjulə
21012	umm	1468963	əm
21014	chamberlain	1468782	
21015	eap	1468506	
21016	steamboat	1468483	ˈstimˌboʊt
21017	brewster	1468464	ˈbrustər
21018	inferred	1468285	ˌɪnˈfərd
21019	shaman	1468264	ˈʃeɪmən
21021	croft	1468213	krɔft
21022	ism	1467998	ˈɪzəm
21023	uplifting	1467569	ˈəˌplɪftɪŋ
21025	seti	1467270	ˈsɛˌti
21027	penal	1467202	ˈpinəl
21028	exclusions	1467108	ɪkˈskluʒənz
21030	pageant	1466870	ˈpæʤənt
21031	henley	1466836	ˈhɛnli
21032	purchasers	1466738	ˈpərʧəsərz
21034	eiffel	1466622	ˈaɪfəl
21035	plywood	1466424	ˈplaɪˌwʊd
21037	morbidity	1466314	mɔrˈbɪdəti
21040	binders	1465698	ˈbaɪndərz
21041	pitchers	1465415	ˈpɪʧərz
21042	custodial	1465414	kəˈstoʊdiəl
21044	integrator	1465218	
21046	teri	1464801	ˈtɛri
21047	tracts	1464728	trækts
21048	sectoral	1464663	ˈsɛktərəl
21049	trombone	1464599	trɑmˈboʊn
21051	morally	1464424	ˈmɔrəli
21053	hosiery	1463980	ˈhoʊʒəri
21055	ambulatory	1463943	ˈæmbjələˌtɔri
21057	reptile	1463849	ˈrɛptaɪl
21059	camouflage	1463509	ˈkæməˌflɑʒ
21060	beckham	1463499	ˈbɛˌkhæm
21061	overdue	1463329	ˈoʊvərˈdu
21062	dispensers	1463256	dɪˈspɛnsərz
21063	cowan	1463253	kaʊən
21064	firebird	1463235	ˈfaɪərˌbərd
21066	mohawk	1463078	ˈmoʊˌhɔk
21067	riots	1463036	raɪəts
21068	showbiz	1462893	ˈʃoʊbɪz
21069	hassan	1462884	həˈsɑn
21070	schwarz	1462740	ʃwɔrts
21071	hbox	1462700	ˈeɪʧˈbɔks
21072	waikiki	1462620	ˌwaɪkiˈki
21073	persuaded	1462185	
21074	teasing	1462090	ˈtizɪŋ
21075	rejecting	1462022	
21076	emphasizing	1461735	ˈɛmfəˌsaɪzɪŋ
21077	unbound	1461734	ənˈbaʊnd
21078	quentin	1461699	kˈwɛntɪn
21082	shepard	1461257	ˈʃɛpərd
21083	sacrifices	1461250	ˈsækrəˌfaɪsɪz
21084	delinquent	1461031	dɪˈlɪŋkwənt
21085	contrasting	1460652	kənˈtræstɪŋ
21086	nestle	1460619	
21087	correspondents	1460510	ˌkɔrəˈspɑndənts
21088	boxers	1460437	ˈbɑksərz
21089	guthrie	1460409	ˈgəθri
21090	imperfect	1460287	ˌɪmˈpərfɪkt
21091	disguise	1460125	dɪsˈgaɪz
21092	eleventh	1460049	
21093	embassies	1460032	ˈɛmbəsiz
21094	asics	1459949	ˈæzɪks
21095	barbeque	1459910	ˈbɑrbɪˌkju
21096	workouts	1459725	ˈwərˌkaʊts
21097	lapse	1459542	læps
21100	seamlessly	1459376	ˈsimləsli
21101	wally	1459126	
21103	girlfriends	1459086	ˈgərlˌfrɛndz
21104	phenomenal	1459077	fəˈnɑmənəl
21105	songbook	1459064	ˈsɔngˌbʊk
21106	civilizations	1458966	ˌsɪvəlɪˈzeɪʃənz
21107	hepatic	1458940	həˈpætɪk
21108	friendships	1458801	ˈfrɛndʃɪps
21109	copeland	1458496	ˈkoʊplənd
21110	marjorie	1458423	
21111	shrub	1458217	ʃrəb
21112	kindred	1458000	ˈkɪndrɪd
21113	reconsider	1457854	ˌrikənˈsɪdər
21114	sanctioned	1457827	ˈsæŋkʃənd
21115	swanson	1457728	sˈwɑnsən
21116	aquifer	1457623	ˈækwəfər
21117	parfums	1457497	
21118	condemn	1457478	kənˈdɛm
21119	renegade	1457463	ˈrɛnəˌgeɪd
21122	awaits	1456869	əˈweɪts
21123	hue	1456848	hju
21125	augmented	1456196	ɑgˈmɛntəd
21126	amends	1456157	əˈmɛndz
21127	svensk	1456153	svɛnsk
21128	fullest	1456067	ˈfʊləst
21129	shafts	1455982	ʃæfts
21130	finer	1455912	ˈfaɪnər
21132	stereotypes	1455594	ˈstɛrioʊˌtaɪps
21133	marlins	1455521	ˈmɑrlənz
21134	burdens	1455496	ˈbərdənz
21135	invocation	1455268	ˌɪnvəˈkeɪʃən
21136	shelly	1455235	ˈʃɛli
21137	gillespie	1455196	gəˈlɛspi
21138	exiting	1455185	ˈɛgzɪtɪŋ
21139	brooch	1455013	
21140	saginaw	1454712	ˈsægɪˌnɔ
21141	polyurethane	1454696	ˌpɑˌliˈʊrəˌθeɪn
21142	motifs	1454600	moʊˈtifs
21145	johansson	1453825	
21146	nineteen	1453770	ˈnaɪnˈtin
21147	spraying	1453737	spreɪɪŋ
21148	griffiths	1453682	ˈgrɪfɪθs
21149	hamburger	1453555	ˈhæmbərgər
21150	reactivity	1453536	ˌriˌækˈtɪvəti
21151	invaders	1453269	ˌɪnˈveɪdərz
21152	edmond	1453269	ˈɛdmənd
21153	lieberman	1453150	ˈlibərmən
21154	volunteered	1452642	ˌvɑlənˈtɪrd
21155	windchill	1452367	ˈwɪnˌdʧɪl
21156	swollen	1452350	sˈwoʊlən
21158	storefront	1452144	ˈstɔrˌfrɑnt
21159	grasses	1452117	
21160	scatter	1452106	ˈskætər
21162	steward	1452024	stuərd
21163	ito	1452008	
21164	cherished	1452003	ˈʧɛrɪʃt
21165	smack	1451860	smæk
21166	incidentally	1451850	
21169	cheerleading	1451494	ˈʧɪˌrlidɪŋ
21170	wellbeing	1451477	ˌwɛlˈbiɪŋ
21171	sine	1451457	saɪn
21173	depleted	1451247	dɪˈplitɪd
21174	holiness	1451199	ˈhoʊlinəs
21175	divinity	1451025	dɪˈvɪnəti
21176	campaigning	1450863	kæmˈpeɪnɪŋ
21178	tougher	1450525	ˈtəfər
21179	sherlock	1450489	ˈʃərˌlɑk
21180	punitive	1450376	ˈpjunətɪv
21181	comprehend	1450194	ˌkɑmpriˈhɛnd
21182	cloak	1450056	kloʊk
21183	exon	1450047	ˌɛkˈsɔn
21184	outsource	1449957	ˌaʊtˈsɔrs
21185	thier	1449952	θiər
21186	siebel	1449890	ˈsibəl
21187	captions	1449881	ˈkæpʃənz
21188	pamphlet	1449812	ˈpæmflət
21189	clipper	1449564	ˈklɪpər
21191	umbrellas	1449421	əmˈbrɛləz
21192	chromosomes	1449404	
21193	priceless	1449362	ˈpraɪsləs
21194	mig	1449194	mɪg
21195	assassin	1449166	əˈsæsən
21196	emailing	1448963	iˈmeɪlɪŋ
21197	exploiting	1448872	
21198	cynical	1448585	ˈsɪnɪkəl
21199	toro	1448569	ˈtɔroʊ
21200	manic	1448525	ˈmænɪk
21201	etched	1448486	ɛʧt
21202	novotel	1448276	ˈnoʊvoʊˌtɛl
21203	bray	1448180	breɪ
21204	choke	1448146	ʧoʊk
21206	transmitters	1447981	trænsˈmɪtərz
21207	nicola	1447929	nɪˈkoʊlɑ
21209	underwent	1447554	ˌəndərˈwɛnt
21210	collaborating	1447540	kəˈlæbərˌeɪtɪŋ
21211	tuxedo	1447475	ˌtəkˈsidoʊ
21213	michelin	1446870	
21214	comforts	1446565	ˈkəmfərts
21215	appoints	1446521	əˈpɔɪnts
21216	bicycling	1446498	
21218	keene	1446253	kin
21219	rachael	1446161	ˈreɪʧəl
21220	swallowed	1446160	sˈwɑloʊd
21221	blueberry	1446148	ˈbluˌbɛri
21222	schumacher	1445820	ˈʃuˌmɑkər
21223	imperialism	1445473	ˌɪmˈpɪriəˌlɪzəm
21224	mouths	1445454	maʊðz
21225	socioeconomic	1445397	soʊˌsiˌoʊˌɛkəˈnɑmɪk
21226	halter	1444780	ˈhɔltər
21227	ley	1444718	leɪ
21228	hamster	1444712	ˈhæmstər
21229	bushnell	1444571	ˈbʊʃnəl
21230	ergonomics	1444416	ˌərgəˈnɑmɪks
21231	finalize	1444341	ˈfaɪnəˌlaɪz
21232	ike	1444273	aɪk
21234	pumpkins	1444083	
21235	sudanese	1443864	ˌsudəˈniz
21238	shrinking	1443476	ʃˈrɪŋkɪŋ
21239	roar	1443087	rɔr
21240	novelist	1442956	ˈnɑvələst
21242	packer	1442731	ˈpækər
21244	potomac	1442637	pəˈtoʊmək
21245	arroyo	1442621	ərɔɪoʊ
21246	tipped	1442382	tɪpt
21247	amidst	1442041	əˈmɪdst
21248	insurgents	1442024	ˌɪnˈsərʤənts
21249	wanda	1441976	ˈwɑndə
21250	etching	1441884	ˈɛʧɪŋ
21251	discouraged	1441752	dɪˈskərɪʤd
21252	gall	1441714	gɔl
21253	oblivion	1441405	əˈblɪviən
21254	gravy	1441099	ˈgreɪvi
21255	broward	1441074	braʊərd
21256	globus	1440925	ˈgloʊbəs
21257	inherit	1440810	ˌɪnˈhɛrət
21259	sprinkle	1440676	ˈsprɪŋkəl
21260	stitching	1440632	ˈstɪʧɪŋ
21261	reco	1440533	ˈrɛkoʊ
21263	advisable	1440101	ədˈvaɪzəbəl
21265	meme	1439956	mim
21266	referencing	1439923	
21267	gladstone	1439747	ˈglædˌstoʊn
21269	guangzhou	1439409	gˈwæŋˌzu
21270	jugs	1439342	ʤəgz
21271	congregations	1439118	ˌkɑŋgrəˈgeɪʃənz
21272	handing	1439044	ˈhændɪŋ
21273	payer	1439009	peɪər
21275	beforehand	1438671	bɪˈfɔˌrhænd
21276	nader	1438522	ˈneɪdər
21277	laborer	1438510	ˈleɪbərər
21278	militants	1438386	ˈmɪlətənts
21279	resins	1438186	
21280	watcher	1438120	ˈwɑʧər
21281	vibrations	1437915	vaɪˈbreɪʃənz
21282	apes	1437895	eɪps
21283	strawberries	1437661	ˈstrɔˌbɛriz
21284	abbas	1437558	əˈbɑs
21285	moods	1437510	mudz
21286	cougar	1437459	ˈkugər
21287	montrose	1437339	ˈmɑnˌtroʊz
21288	dobson	1437255	ˈdɑbsən
21289	surreal	1437237	sərˈil
21290	ives	1437217	aɪvz
21291	soaked	1437194	soʊkt
21292	irradiation	1437097	ˌɪˌreɪdiˈeɪʃən
21293	redesigned	1436962	ˌridɪˈzaɪnd
21294	raster	1436870	ˈræstər
21295	abridged	1436609	əˈbrɪʤd
21296	credential	1436353	
21297	checklists	1436283	ˈʧɛˌklɪsts
21298	quirky	1436076	kˈwərki
21299	oscillator	1435927	ˈɑsəˌleɪtər
21300	palate	1435844	
21301	finalists	1435819	ˈfaɪnəlɪsts
21302	encrypt	1435748	
21304	thierry	1435458	θɪˈri
21305	sneakers	1435326	sˈnikərz
21306	incontinence	1435118	ˌɪnˈkɑntənəns
21307	pajamas	1435077	
21308	masculine	1435005	ˈmæskjələn
21309	murdoch	1434963	ˈmərdɑk
21310	dali	1434946	ˈdɑli
21311	lubricant	1434673	ˈlubrəkənt
21312	realizes	1434600	ˈriəˌlaɪzɪz
21313	kahn	1434282	kɑn
21314	quests	1434216	kwɛsts
21316	petitioners	1433951	pəˈtɪʃənərz
21317	outsourced	1433830	ˌaʊtˈsɔrst
21318	constable	1433656	ˈkɑnstəbəl
21319	jody	1433607	ˈʤoʊdi
21320	sayings	1433495	seɪɪŋz
21321	unconditional	1433458	ˌənkənˈdɪʃənəl
21323	vue	1433007	vju
21324	schiavo	1432633	skiˈɑvoʊ
21325	unbeatable	1432468	ˌənˈbitəbəl
21326	progressively	1432156	prɑˈgrɛsɪvli
21327	upstate	1431975	ˈəpˈsteɪt
21328	lymphocytes	1431783	ˈlɪmfəˌsaɪts
21329	topping	1431763	ˈtɑpɪŋ
21330	repayments	1431761	riˈpeɪmənts
21331	baird	1431753	bɛrd
21332	chilling	1431748	ˈʧɪlɪŋ
21333	translucent	1431676	trænsˈlusənt
21334	transsexuals	1431610	trænˈsɛkʃjuəlz
21335	fueled	1431603	fjuəld
21336	glaze	1431525	gleɪz
21337	newcomer	1431456	ˈnuˌkəmər
21338	branching	1431164	ˈbrænʧɪŋ
21339	mex	1431119	mɛks
21341	unmarried	1431009	ənˈmɛrid
21342	sverige	1430998	sˈvɛrɪʤ
21344	pelvic	1430981	ˈpɛlvɪk
21345	monochrome	1430835	ˈmɑnəˌkroʊm
21346	activating	1430694	ˈæktəˌveɪtɪŋ
21347	antioxidants	1430458	ˌæntiˈɑksədənts
21348	gynecology	1430339	ˌgaɪnəˈkɑləʤi
21349	unexpectedly	1430243	ˌənɪkˈspɛktɪdli
21351	funniest	1430018	ˈfəniəst
21352	bona	1429954	ˈboʊnə
21354	scorpion	1429532	ˈskɔrpiən
21355	mirrored	1429502	ˈmɪrərd
21356	cooperating	1429352	koʊˈɑpərˌeɪtɪŋ
21357	calibrated	1429316	ˈkæləˌbreɪtəd
21358	sel	1429135	sɛl
21359	phased	1428708	feɪzd
21360	anatomical	1428439	ˌænəˈtɑmɪkəl
21361	godzilla	1428182	ˌgɑdˈzɪlə
21363	airbus	1427894	ˈɛrbəs
21364	simplex	1427802	ˈsɪmˌplɛks
21366	misdemeanor	1427390	ˌmɪsdəˈminər
21367	aerobics	1427149	ərˈoʊbɪks
21368	sabrina	1427091	səˈbrinə
21369	tobias	1426681	təˈbaɪəs
21370	salle	1426680	seɪl
21371	infra	1426499	ˈɪnfrə
21372	strasbourg	1426430	ˈstræsˌbɔrg
21373	commemorative	1426393	
21374	condor	1426304	ˈkɑndər
21375	gated	1426083	ˈgeɪtɪd
21377	implicitly	1425958	ˌɪmˈplɪsətli
21378	sasha	1425914	ˈsæʃə
21380	ewing	1425635	juɪŋ
21382	austen	1425435	ˈɔstɪn
21383	assurances	1425420	
21386	comedian	1425171	kəˈmidiən
21387	rascal	1424891	ˈræskəl
21389	amish	1424712	
21390	roberta	1424481	rəˈbərtə
21392	duh	1424410	də
21393	hyperlinks	1424368	ˈhaɪpərlɪŋks
21394	dizzy	1424316	ˈdɪzi
21395	clitoris	1424208	klaɪˈtɔrɪs
21396	outbreaks	1424181	ˈaʊtˌbreɪks
21397	annuities	1424126	əˈnuɪtiz
21399	slit	1424036	slɪt
21400	cribs	1423971	krɪbz
21401	whitening	1423889	
21402	occupying	1423879	ˈɑkjəˌpaɪɪŋ
21403	reliant	1423814	
21404	subcontractor	1423710	səbˈkɑnˌtræktər
21405	fendi	1423618	ˈfɛndi
21406	giveaways	1423502	ˈgɪvəˌweɪz
21407	depicting	1423344	dɪˈpɪktɪŋ
21408	ordnance	1423287	ˈɔrdnəns
21409	wah	1423019	wɑ
21410	psych	1422877	saɪk
21412	verge	1422550	vərʤ
21413	ransom	1422526	ˈrænsəm
21414	magnification	1422443	ˌmægnəfəˈkeɪʃən
21415	nomad	1422041	ˈnoʊˌmæd
21416	twelfth	1421983	twɛlfθ
21417	dagger	1421836	ˈdægər
21418	thorn	1421673	θɔrn
21419	preamble	1421535	priˈæmbəl
21420	mor	1421481	mɔr
21421	proponents	1421390	prəˈpoʊnənts
21424	spins	1421064	spɪnz
21425	solicit	1420983	səˈlɪsɪt
21426	provoking	1420847	prəˈvoʊkɪŋ
21428	orchids	1420607	ˈɔrkədz
21429	buckets	1420493	ˈbəkəts
21430	kohler	1420344	ˈkoʊlər
21432	initialized	1419923	ˌɪˈnɪʃəˌlaɪzd
21433	ava	1419781	ˈeɪvə
21434	silverado	1419386	ˌsɪlvərˈɑdoʊ
21435	amr	1419331	ˈɑmər
21436	spoil	1419320	spɔɪl
21438	psychiatrist	1419189	səˈkaɪətrəst
21439	lauder	1419067	
21440	soldering	1419022	ˈsɑdərɪŋ
21443	daryl	1418692	ˈdɛrəl
21444	blazing	1418665	ˈbleɪzɪŋ
21446	palermo	1418570	pəˈlɛrmoʊ
21447	lehman	1418186	ˈlimən
21448	daihatsu	1418153	ˌdaɪˈhætsu
21450	enhancer	1418098	ɛnˈhænsər
21451	anglers	1417800	ˈæŋglərz
21452	snapped	1417653	snæpt
21453	alligator	1417637	ˈæləˌgeɪtər
21454	detectives	1417524	dɪˈtɛktɪvz
21455	rochelle	1417520	
21457	nomenclature	1417189	ˈnoʊmənˌkleɪʧər
21458	abdullah	1417098	ˌæbˈdələ
21460	invade	1416953	ˌɪnˈveɪd
21461	visualize	1416743	ˈvɪʒwəˌlaɪz
21463	regulates	1416413	ˈrɛgjəˌleɪts
21465	hoses	1416325	ˈhoʊzɪz
21467	rendezvous	1416074	ˈrɑndɪˌvu
21469	strives	1415683	straɪvz
21470	trapping	1415594	ˈtræpɪŋ
21471	gardeners	1415307	
21472	clemens	1415259	ˈklɛmənz
21473	turntable	1415247	ˈtərnˌteɪbəl
21475	diminish	1415066	dɪˈmɪnɪʃ
21476	screenings	1415030	ˈskrinɪŋz
21477	britannia	1415005	brɪˈtæniə
21478	pivotal	1414963	ˈpɪvətəl
21479	pai	1414879	pɑi
21480	heuer	1414480	hjuər
21482	manifestations	1414392	ˌmænəfɛˈsteɪʃənz
21483	nix	1414384	nɪks
21484	tak	1414341	tæk
21486	stitches	1414175	ˈstɪʧɪz
21487	promulgated	1413938	ˈprɑməlˌgeɪtəd
21488	mediocre	1413922	ˌmidiˈoʊkər
21490	provo	1413618	ˈproʊvoʊ
21491	passports	1413465	ˈpæˌspɔrts
21493	ayrshire	1413242	
21494	plating	1413106	ˈpleɪtɪŋ
21495	invent	1413087	ˌɪnˈvɛnt
21496	eagerly	1413031	ˈigərli
21497	lycra	1412522	ˈlaɪkrə
21498	planck	1412481	plæŋk
21499	damascus	1412476	dəˈmæskəs
21501	reactors	1412400	riˈæktərz
21503	reformation	1412334	ˌrɛfərˈmeɪʃən
21504	kingsley	1412293	ˈkɪŋzli
21506	hypocrisy	1411958	hɪˈpɑkrəsi
21507	gillette	1411925	ʤɪˈlɛt
21508	fluoride	1411775	
21509	parishes	1411736	
21510	stacking	1411723	ˈstækɪŋ
21511	cochran	1411718	ˈkɑkrən
21513	sissy	1410911	ˈsɪsi
21514	trooper	1410909	ˈtrupər
21515	trang	1410775	træŋ
21516	bun	1410710	bən
21517	calculates	1410700	ˈkælkjəˌleɪts
21518	compendium	1410624	kəmˈpɛndiəm
21519	thunderstorms	1410569	ˈθəndərˌstɔrmz
21520	disappears	1410391	
21523	hymns	1409831	hɪmz
21524	monotone	1409778	ˈmɑnəˌtoʊn
21525	finalized	1409711	ˈfaɪnəˌlaɪzd
21526	referees	1409698	ˌrɛfərˈiz
21527	palsy	1409502	ˈpɔlzi
21528	deerfield	1409276	ˈdɪrfild
21529	propositions	1409249	ˌprɑpəˈzɪʃənz
21531	locomotive	1409043	ˌloʊkəˈmoʊtɪv
21532	cochrane	1409039	ˈkɑkrən
21533	debating	1408931	dəˈbeɪtɪŋ
21534	eldorado	1408905	ˌɛldərˈɑdoʊ
21536	cuffs	1408615	kəfs
21537	conservancy	1408516	kənˈsərvənsi
21540	prosperous	1408407	ˈprɑspərəs
21541	famine	1408340	ˈfæmən
21543	orally	1408223	ˈɔrəli
21544	elliptical	1408104	ɪˈlɪptɪkəl
21545	anand	1407981	ˈænənd
21546	electrophoresis	1407931	ˌɪˌlɛktroʊfɔˈrɪsɪs
21547	grabbing	1407769	ˈgræbɪŋ
21548	jogging	1407601	
21549	sprinkler	1407590	
21550	stipulated	1407557	ˈstɪpjəˌleɪtɪd
21551	imbalance	1407312	ɪmˈbæləns
21552	persuasive	1407248	pərsˈweɪsɪv
21554	horrors	1406992	ˈhɔrərz
21555	scarlett	1406903	ˈskɑrlɪt
21556	bearer	1406898	ˈbɛrər
21557	pastors	1406684	ˈpæstərz
21559	novak	1406646	ˈnoʊvæk
21560	acquainted	1406439	
21561	dependents	1406197	dɪˈpɛndənts
21562	dizziness	1405652	ˈdɪzinəs
21565	outboard	1405276	ˈaʊtˌbɔrd
21566	ture	1405222	tʊr
21567	brilliance	1404955	ˈbrɪljəns
21568	nicky	1404900	ˈnɪki
21569	originate	1404765	ərˈɪʤəˌneɪt
21570	pitches	1404744	ˈpɪʧɪz
21571	respectable	1404442	
21573	lockheed	1404241	ˈlɑˌkhid
21574	raj	1404214	
21575	horace	1403852	
21576	prohibiting	1403843	proʊˈhɪbətɪŋ
21577	disappearance	1403596	
21579	morals	1403442	ˈmɔrəlz
21580	elmo	1403397	ˈɛlmoʊ
21581	invaded	1403322	
21582	unmatched	1403008	ənˈmæʧt
21583	scranton	1403005	ˈskræntən
21584	spoiled	1402980	spɔɪld
21586	pinpoint	1402675	ˈpɪnˌpɔɪnt
21587	monet	1402373	moʊˈneɪ
21589	pickle	1402073	ˈpɪkəl
21590	neumann	1401942	ˈnumən
21591	outta	1401625	
21592	dieting	1401469	ˈdaɪətɪŋ
21594	ralf	1401434	rɑlf
21595	quaker	1401179	kˈweɪkər
21596	haunting	1401138	ˈhɔntɪŋ
21597	manipulating	1401011	məˈnɪpjəˌleɪtɪŋ
21598	tangent	1400698	ˈtænʤənt
21599	tempest	1400397	ˈtɛmpəst
21600	appraisers	1400100	əˈpreɪzərz
21601	petra	1400057	ˈpɛtrə
21602	xenon	1400039	ˈzinɑn
21603	dominique	1399933	dɔmɪˈnik
21604	hybridization	1399809	ˌhaɪbrədəˈzeɪʃən
21605	waving	1399803	ˈweɪvɪŋ
21607	abercrombie	1399587	ˌæbərˈkrɑmbi
21608	trax	1399503	træks
21610	dai	1399309	daɪ
21612	uneven	1399055	əˈnivən
21613	danbury	1399025	ˈdænbəri
21614	plata	1398884	ˈplɑtə
21615	plurality	1398870	plərˈælɪti
21617	warrington	1398854	ˈwɔrɪŋtən
21618	sharma	1398581	ˈʃɑrmə
21619	adventurous	1398567	ædˈvɛnʧərəs
21620	rockers	1398547	ˈrɑkərz
21621	palliative	1398546	ˈpæliətɪv
21623	luigi	1398437	luˈiʤi
21624	bayou	1397958	baɪu
21627	queues	1397894	kjuz
21629	beep	1397739	bip
21630	dunedin	1397412	ˈdunədɪn
21631	remanufactured	1397097	
21632	confluence	1396948	ˈkɑnfluəns
21633	staffed	1396548	stæft
21634	blossoms	1396310	ˈblɑsəmz
21635	succeeds	1396163	səkˈsidz
21636	orphans	1396159	ˈɔrfənz
21637	louder	1396143	ˈlaʊdər
21639	grilling	1395994	ˈgrɪlɪŋ
21640	stalin	1395973	ˈstɑlən
21641	boilers	1395953	ˈbɔɪlərz
21642	kaye	1395905	keɪ
21644	reunions	1395828	riˈunjənz
21647	toms	1395597	tɑmz
21648	yelling	1395556	ˈjɛlɪŋ
21653	trough	1395096	trɔf
21654	leaned	1394618	lind
21655	quadrant	1394521	kˈwɑdrənt
21656	discrepancy	1394502	dɪˈskrɛpənsi
21657	slid	1394401	slɪd
21659	relocated	1394184	ˌriˈloʊkeɪtɪd
21660	antioch	1394175	ˈæntiˌɑk
21661	untreated	1394151	ənˈtritɪd
21664	divisional	1393818	dɪˈvɪʒənəl
21665	chihuahua	1393574	
21666	mcconnell	1393422	məˈkɑnəl
21667	tonic	1393402	ˈtɑnɪk
21668	resell	1393254	riˈsɛl
21671	osbourne	1392941	ˈɑsbərn
21672	magnus	1392937	ˈmægnəs
21673	burnout	1392731	ˈbərˌnaʊt
21675	designations	1392625	ˌdɛzəgˈneɪʃənz
21676	harrow	1392535	ˈhæroʊ
21677	jig	1392504	ʤɪg
21679	reckless	1392393	ˈrɛkləs
21680	microwaves	1392298	ˈmaɪkroʊˌweɪvz
21681	raining	1392293	ˈreɪnɪŋ
21682	peasant	1392268	ˈpɛzənt
21683	vader	1392214	ˈveɪdər
21684	coliseum	1392116	ˌkɑləˈsiəm
21686	qua	1392046	kwɑ
21687	spawning	1391705	
21688	endothelial	1391647	ˌɛndoʊˈθiˌliəl
21689	figuring	1391448	ˈfɪgjərɪŋ
21691	eduardo	1391136	ɛdˈwɑrdoʊ
21692	crushing	1391123	ˈkrəʃɪŋ
21693	snowman	1391103	sˈnoʊˌmæn
21694	thorpe	1390854	θɔrp
21695	ordained	1390770	ɔrˈdeɪnd
21696	edmonds	1390733	ˈɛdməndz
21697	hodges	1390646	ˈhɑʤɪz
21698	saucer	1390639	ˈsɔsər
21699	chinook	1390622	
21700	potty	1390617	ˈpɑti
21702	shooters	1390360	ˈʃutərz
21703	passover	1390098	ˈpæˌsoʊvər
21704	norwalk	1390070	ˈnɔrˌwɔk
21705	bacillus	1389914	bəˈsɪləs
21707	byzantine	1389126	
21708	tomas	1389089	toʊˈmɑs
21709	triangles	1388860	ˈtraɪˌæŋgəlz
21711	spooky	1388735	ˈspuki
21712	curvature	1388596	ˈkərvəʧər
21713	rites	1388265	raɪts
21714	sideways	1387766	ˈsaɪdˌweɪz
21715	devious	1387678	ˈdiviəs
21716	belleville	1387535	bəlˈvɪl
21717	venezuelan	1387486	ˌvɛnɪzˈweɪlən
21718	dreamer	1387422	ˈdrimər
21719	acknowledging	1387381	ækˈnɑlɪʤɪŋ
21720	estuary	1387115	ˈɛsʧuˌɛri
21721	burglary	1386802	ˈbərgləri
21723	colby	1386754	ˈkoʊlbi
21724	pouches	1386474	ˈpaʊʧəz
21726	hom	1386246	hɑm
21727	subpoena	1386235	səˈpinə
21728	thrilling	1386231	θˈrɪlɪŋ
21729	spectacle	1386188	ˈspɛktəkəl
21730	hons	1386143	hɑnz
21731	sentiments	1386131	
21732	interpretive	1386070	ˌɪnˈtərprətɪv
21733	ditto	1386002	ˈdɪtoʊ
21735	nana	1385908	ˈnænə
21736	extender	1385864	ˈɛkˌstɛndər
21737	waiter	1385770	ˈweɪtər
21738	glucosamine	1385726	gluˈkɑsəˌmin
21740	oddly	1385252	ˈɑdli
21741	modesto	1385021	moʊˈdɛstoʊ
21743	typhoon	1384872	ˌtaɪˈfun
21746	zhejiang	1384568	ˈʒiˈʤɑŋ
21748	raft	1384375	ræft
21749	cul	1384373	kəl
21750	nutshell	1384131	ˈnətˌʃɛl
21751	arrogant	1384122	ˈɛrəgənt
21752	ricci	1383784	ˈriʧi
21753	hermann	1383768	ˈhərmən
21754	superhero	1383752	ˌsupərˈhiroʊ
21755	induces	1383718	ˌɪnˈdusɪz
21756	tooling	1383684	ˈtulɪŋ
21757	tomography	1383672	toʊˈmoʊgræˌfi
21758	thrift	1383578	θrɪft
21759	berman	1383248	ˈbərmən
21760	vocalist	1383147	ˈvoʊkəlɪst
21762	tidbits	1382872	ˈtɪdbɪts
21763	admired	1382872	ədˈmaɪərd
21764	stunts	1382862	stənts
21765	cystic	1382824	ˈsɪstɪk
21766	pacifica	1382454	pəˈsɪfɪkə
21768	anniversaries	1382289	ˌænəˈvərsəriz
21770	infrastructures	1381499	ˌɪnfrəˈstrəkʧərz
21771	littleton	1381377	ˈlɪtəltən
21772	youthful	1381263	ˈjuθfəl
21773	commenters	1381213	ˈkɑmɛntərz
21774	cali	1380876	
21775	fairway	1380868	ˈfɛrˌweɪ
21776	postdoctoral	1380688	ˌpoʊstˈdɑkˌtərəl
21777	stumbled	1380668	ˈstəmbəld
21779	fairchild	1380544	ˈfɛˌrʧaɪld
21781	emitted	1380227	
21782	spinner	1380109	ˈspɪnər
21783	evanston	1379903	ˈɛvənstən
21784	homeopathic	1379703	ˌhoʊmioʊˈpæθək
21785	ordinarily	1379609	ˌɔrdəˈnɛrəli
21786	hines	1379557	haɪnz
21787	sufficiency	1379490	səˈfɪʃənsi
21788	tempered	1379477	ˈtɛmpərd
21789	slipping	1379406	sˈlɪpɪŋ
21790	solitude	1379342	ˈsɑləˌtud
21791	cylindrical	1379287	
21793	destroyer	1378814	dɪˈstrɔɪər
21794	braking	1378811	ˈbreɪkɪŋ
21796	fide	1378595	faɪd
21797	undesirable	1378592	ˌəndɪˈzaɪrəbəl
21798	platelet	1378519	ˈpleɪtlət
21800	mongolian	1377751	
21801	weakly	1377605	ˈwikli
21802	parsley	1377594	ˈpɑrsli
21803	undue	1377567	ənˈdu
21804	setback	1377551	ˈsɛtˌbæk
21805	stunned	1377494	stənd
21806	smiths	1377482	smɪθs
21807	magyar	1377369	ˈmæˌgjɑr
21809	installers	1377247	ˌɪnˈstɔlərz
21810	hostility	1377207	hɑˈstɪləti
21811	groves	1377169	groʊvz
21813	pursuits	1376989	pərˈsuts
21819	adaptations	1376721	
21820	jurisprudence	1376456	ˌʤʊrəˈsprudəns
21822	culver	1376258	ˈkəlvər
21823	invariably	1376202	ˌɪnˈvɛriəbli
21824	lecturers	1376176	ˈlɛkʧərərz
21825	progressed	1376073	prəˈgrɛst
21826	brow	1375648	braʊ
21827	elves	1375481	ɛlvz
21828	bratz	1375448	bræts
21829	kearney	1374990	ˈkərni
21830	graeme	1374867	
21831	bucharest	1374724	ˈbukəˌrɛst
21832	kimball	1374652	ˈkɪmbəl
21834	chant	1374428	ʧænt
21835	lacoste	1374363	lɑˈkɔst
21836	turnkey	1374262	ˈtərnˌki
21837	sprays	1374214	spreɪz
21838	renters	1374199	ˈrɛntərz
21839	timberlake	1374196	ˈtɪmbərˌleɪk
21840	zack	1374002	zæk
21841	markham	1373936	ˈmɑrkəm
21842	gels	1373875	ʤɛlz
21844	tighten	1373432	ˈtaɪtən
21846	nafta	1373278	ˈnæftə
21847	revolver	1373255	rɪˈvɑlvər
21849	mountaineering	1373229	ˈmaʊntɪˌnɪrɪŋ
21850	screwdriver	1373116	ˈskruˌdraɪvər
21851	hutch	1373107	həʧ
21852	beckett	1373060	ˈbɛkɪt
21853	crowns	1372974	kraʊnz
21854	intermediary	1372814	
21856	apricot	1372632	ˈeɪprəˌkɑt
21857	tufts	1372589	təfts
21859	dealerships	1372362	ˈdilərˌʃɪps
21861	sakura	1372000	ˌsɑˈkuˌrɑ
21862	byu	1371972	ˈbiˈwaɪˈju
21863	unreliable	1371893	
21865	rosewood	1371656	ˈroʊzˌwʊd
21866	parry	1371591	ˈpɛri
21867	existent	1371448	ɛgˈzɪstənt
21869	mahal	1371252	məˈhɑl
21870	killings	1371222	ˈkɪlɪŋz
21871	tongues	1371081	təŋz
21872	dictator	1370656	
21873	robyn	1370570	ˈrɑbɪn
21874	jehovah	1370498	ʤəˈhoʊvə
21875	fanatics	1370272	fəˈnætɪks
21876	adirondack	1370037	ˌædərˈɑndæk
21877	casablanca	1369924	ˌkæsəˈblæŋkə
21878	coeur	1369748	kur
21879	perpendicular	1369633	ˌpərpənˈdɪkjələr
21881	pulaski	1369398	pjuˈlæˌski
21882	mantra	1369355	ˈmæntrə
21884	carousel	1369112	ˈkɛrəˌsɛl
21885	fay	1368931	feɪ
21887	hedgehog	1368651	ˈhɛˌʤhɑg
21888	raves	1368538	reɪvz
21889	mamma	1368416	ˈmɑmə
21890	entails	1368267	ɪnˈteɪlz
21891	folly	1367992	ˈfɑli
21892	thermostat	1367967	ˈθərməˌstæt
21893	wheeling	1367716	
21894	sharpe	1367636	ʃɑrp
21895	infarction	1367559	ˌɪnˈfɑrkʃən
21896	hawthorn	1367531	ˈhɔˌθɔrn
21897	mural	1367338	mˈjʊrəl
21898	bankrupt	1367273	ˈbæŋkrəpt
21899	polypropylene	1367126	ˌpɑˌliˈproʊpəˌlin
21900	mailboxes	1367074	ˈmeɪlˌbɑksɪz
21902	maxell	1366997	mækˈsɛl
21903	wager	1366964	ˈweɪʤər
21904	tundra	1366669	ˈtəndrə
21905	vars	1366514	vɑrz
21906	youngstown	1366457	ˈjəŋzˌtaʊn
21907	farmland	1366419	ˈfɑrmˌlænd
21908	purge	1366135	pərʤ
21909	skater	1366115	ˈskeɪtər
21913	adjournment	1365842	əˈʤərnmənt
21914	pitfalls	1365762	ˈpɪtˌfɔlz
21915	disrupt	1365748	dɪsˈrəpt
21916	stationed	1365418	ˈsteɪʃənd
21917	ambrose	1365272	ˈæmˌbroʊz
21918	nightmares	1365166	ˈnaɪtˌmɛrz
21919	rampage	1365049	ˈræmˌpeɪʤ
21920	aggravated	1365039	ˈægrəˌveɪtɪd
21921	fink	1364952	fɪŋk
21922	jurassic	1364811	ʤʊˈræsɪk
21923	deem	1364711	dim
21926	melville	1364503	ˈmɛlvɪl
21927	cavern	1364330	ˈkævərn
21929	sumner	1363674	ˈsəmnər
21930	descended	1363212	
21931	disgusting	1363181	dɪsˈgəstɪŋ
21932	flax	1363175	flæks
21933	weakened	1363046	ˈwikənd
21934	imposes	1362910	ˌɪmˈpoʊzɪz
21935	withdrew	1362840	
21938	tart	1362374	tɑrt
21939	guerrilla	1362022	gərˈɪlə
21940	solves	1361886	sɑlvz
21941	hiroshima	1361832	
21942	spoons	1361668	spunz
21943	jiang	1361610	
21944	persona	1361500	pərˈsoʊnə
21945	oscars	1361177	ˈɔskərz
21946	poser	1361002	ˈpoʊzər
21947	boosting	1360956	ˈbustɪŋ
21949	macarthur	1360953	məˈkɑrθər
21950	tram	1360948	træm
21951	distinctions	1360738	dɪˈstɪŋkʃənz
21952	powerhouse	1360693	ˈpaʊərˌhaʊs
21953	peabody	1360631	ˈpiˌbɑdi
21954	deodorant	1360554	diˈoʊdərənt
21957	compulsive	1360158	kəmˈpəlsɪv
21958	iced	1360088	aɪst
21959	perky	1360009	ˈpərki
21960	faulkner	1359931	ˈfɔknər
21961	reinforcing	1359602	ˌriɪnˈfɔrsɪŋ
21962	scarcely	1359474	ˈskɛrsli
21964	excused	1359136	ɪkˈskjuzd
21966	fused	1359038	fjuzd
21967	catheter	1358691	ˈkæθətər
21968	madeleine	1358505	ˌmædəˈlɛn
21969	roaring	1358322	ˈrɔrɪŋ
21971	witchcraft	1358086	ˈwɪʧˌkræft
21972	stopper	1358043	ˈstɑpər
21974	photocopy	1357693	ˈfoʊtoʊˌkɑpi
21975	cullen	1357674	ˈkələn
21977	mcpherson	1357563	məkˈfərsən
21978	saharan	1357514	ˈsæhərən
21979	crested	1357509	ˈkrɛstɪd
21981	hubbell	1357452	ˈhəbəl
21983	timeframe	1357260	ˈtaɪmˌfreɪm
21984	stump	1357079	stəmp
21985	scalp	1356840	skælp
21986	gunn	1356678	gən
21987	disarmament	1356677	dɪˈsɑrməmənt
21989	actin	1356491	ˈæktən
21990	erwin	1356404	ˈərˌwɪn
21991	interviewer	1356390	ˈɪntərvˌjuər
21994	conductors	1356348	kənˈdəktərz
21996	criticisms	1356135	ˈkrɪtɪˌsɪzəmz
21999	orr	1355860	ɔr
22001	hadley	1355795	ˈhædli
22003	composting	1355576	ˈkɑmˌpoʊstɪŋ
22004	diplomat	1355414	ˈdɪpləˌmæt
22005	mackie	1355386	ˈmæki
22006	sylvester	1355352	sɪlˈvɛstər
22007	choi	1355333	ʧɔɪ
22008	uva	1355326	
22009	melon	1355214	ˈmɛlən
22011	tablespoon	1355051	ˈteɪbəlˌspun
22012	manganese	1354932	ˈmæŋgəˌniz
22013	siren	1354779	ˈsaɪrən
22014	oceanography	1354587	ˌoʊʃəˈnɑgrəfi
22015	vastly	1354491	ˈvæstli
22016	clasp	1354393	klæsp
22017	stardust	1354145	ˈstɑrˌdəst
22018	olives	1354049	ˈɑlɪvz
22019	radiological	1354035	ˌreɪdiəˈlɑʤɪkəl
22020	nino	1354029	
22021	commando	1354026	kəˈmænˌdoʊ
22022	summons	1353994	ˈsəmənz
22023	lucrative	1353990	ˈlukrətɪv
22024	porous	1353861	ˈpɔrəs
22025	bathtub	1353848	ˈbæθtəb
22026	shrewsbury	1353810	ʃˈruzˌbɛri
22027	urdu	1353695	ərˈdu
22029	greer	1353554	grɪr
22031	bile	1353296	baɪl
22032	siegel	1353204	ˈsigəl
22033	cara	1353082	ˈkɛrə
22036	hinduism	1352820	ˈhɪnʤuˌɪzəm
22037	elevations	1352758	ˌɛləˈveɪʃənz
22038	repositories	1352444	riˈpɑzəˌtɔriz
22039	freaky	1352418	ˈfriki
22040	guangdong	1352331	
22041	merlot	1352308	ˈmərlət
22042	thirst	1352279	θərst
22043	endeavors	1352012	ɪnˈdɛvərz
22045	sportsman	1351806	ˈspɔrtsmən
22046	spielberg	1351688	ˈspilbərg
22047	scratching	1351529	ˈskræʧɪŋ
22048	lesley	1351518	ˈlɛsli
22049	thom	1351508	tɑm
22050	iodine	1351488	ˈaɪəˌdaɪn
22051	phoebe	1351263	ˈfibi
22053	salinas	1351166	
22054	legged	1351011	
22055	unilateral	1350929	ˌjunəˈlætərəl
22056	wipes	1350866	waɪps
22057	fro	1350640	froʊ
22058	krone	1350253	ˈkroʊnə
22060	urgently	1350180	ˈərʤəntli
22061	shri	1350127	ʃri
22062	exposes	1349895	ɪkˈspoʊzɪz
22063	aegis	1349788	ˈiʤəs
22064	natures	1349681	ˈneɪʧərz
22065	colloquium	1349618	kəˈloʊkwiəm
22067	liberalism	1349410	ˈlɪˌbərəˌlɪzəm
22069	springsteen	1349177	ˈsprɪŋˌstin
22071	fatalities	1348842	fəˈtælɪtiz
22073	meer	1348708	miər
22074	derry	1348652	ˈdɛri
22075	suisse	1348414	
22076	embodied	1348384	ɪmˈbɑdid
22078	mohammad	1347878	moʊˈhɑmɛd
22079	frankenstein	1347765	
22080	parc	1347723	pɑrk
22082	heir	1347595	ɛr
22083	phy	1347534	faɪ
22084	successors	1347505	səkˈsɛsərz
22085	eccentric	1347362	ˌɛkˈsɛntrɪk
22087	marbella	1347282	ˌmɑrˈbɛlə
22088	transports	1347066	
22090	amour	1346779	ˌɑˈmur
22095	deterministic	1346097	dɪˌtərməˈnɪstɪk
22097	predictor	1345907	prɪˈdɪktər
22098	salmonella	1345832	ˌsælməˈnɛlə
22100	nantucket	1345816	nænˈtəkɪt
22104	illustrative	1345429	ˌɪˈləstrətɪv
22106	prosecuted	1345345	ˈprɑsɪˌkjutɪd
22107	sailed	1345188	seɪld
22109	chalets	1344986	
22110	reimbursed	1344886	ˌriɪmˈbərst
22111	lau	1344810	laʊ
22112	craving	1344800	ˈkreɪvɪŋ
22113	advocating	1344667	ˈædvəˌkeɪtɪŋ
22115	leaking	1344431	ˈlikɪŋ
22116	watermark	1344334	ˈwɔtərˌmɑrk
22117	escaping	1344327	ɪˈskeɪpɪŋ
22118	totes	1344312	toʊts
22119	possessing	1344167	pəˈzɛsɪŋ
22120	suicidal	1344100	ˌsuəˈsaɪdəl
22121	cruisers	1343786	ˈkruzərz
22122	masonic	1343624	məˈsɑnɪk
22123	forage	1343473	ˈfɔrɪʤ
22124	mohamed	1343314	moʊˈhɑmɛd
22125	dyslexia	1343235	dɪsˈlɛksiə
22126	hubble	1343202	ˈhəbəl
22127	thugs	1343168	θəgz
22128	loco	1343167	ˈloʊkoʊ
22129	hellenic	1343144	həˈlɛnɪk
22130	organics	1343136	ɔrˈgænɪks
22131	dearborn	1343045	ˈdɪrˌbɔrn
22132	feds	1342978	fɛdz
22134	ethel	1342863	ˈɛθəl
22135	yiddish	1342730	ˈjɪdɪʃ
22136	dopamine	1342414	ˈdɑpəˌmaɪn
22137	multiplier	1342155	ˈməltəˌplaɪər
22140	payoff	1341939	peɪɔf
22141	distinctly	1341851	dɪˈstɪŋktli
22143	sonar	1341822	ˈsoʊnɑr
22144	assertions	1341764	əˈsərʃənz
22145	baba	1341717	
22146	pebble	1341583	ˈpɛbəl
22147	monticello	1341468	ˌmɑntɪˈsɛloʊ
22148	flasher	1341269	ˈflæʃər
22149	staffs	1341238	stæfs
22150	subcontractors	1341210	səbˈkɑntræktərz
22152	evangelism	1340905	
22153	hoo	1340710	hu
22154	denomination	1340584	dɪˌnɔməˈneɪʃən
22155	abortions	1340486	əˈbɔrʃənz
22156	patched	1340483	pæʧt
22157	patriotism	1340427	ˈpeɪtriəˌtɪzəm
22158	battling	1340424	
22159	lesion	1340294	ˈliʒən
22160	tickle	1340122	ˈtɪkəl
22161	bandit	1339877	ˈbændət
22162	akira	1339862	əˈkirə
22163	progesterone	1339832	proʊˈʤɛstərˌoʊn
22164	acquaintance	1339448	əkˈweɪntəns
22165	ethyl	1339385	ˈɛθəl
22166	lambs	1339048	læmz
22168	caramel	1339028	ˈkɛrəməl
22169	immunodeficiency	1339002	ˌɪmjunoʊˌdɪˈfɪʃənsi
22170	washburn	1338659	ˈwɑʃˌbərn
22171	xtra	1338464	ˈɛkstrə
22172	capitalized	1338350	ˈkæpɪtəˌlaɪzd
22175	pancreas	1337924	ˈpænkriəs
22176	loom	1337864	lum
22177	blouse	1337862	blaʊs
22178	octopus	1337780	ˈɑktəˌpʊs
22179	xena	1337674	ˈzinə
22180	neuro	1337649	ˈnʊˌroʊ
22181	ara	1337611	ˈærə
22182	receptionist	1337492	
22183	heightened	1337473	ˈhaɪtənd
22184	chests	1337446	ʧɛsts
22185	cessna	1337437	
22186	ambitions	1337349	æmˈbɪʃənz
22188	feline	1337137	ˈfiˌlaɪn
22189	zombies	1337112	ˈzɑmbiz
22190	grub	1337005	grəb
22191	ulcer	1336605	ˈəlsər
22192	cambodian	1336560	ˌkæmˈboʊdiən
22193	interagency	1336501	ˌɪntərˈeɪʤənsi
22194	slew	1336497	slu
22195	activision	1336410	ˈæktɪˌvɪʒən
22196	synchronize	1336374	ˈsɪŋkrəˌnaɪz
22197	jenn	1336244	ʤɛn
22200	tay	1336095	teɪ
22201	hornets	1336044	ˈhɔrnəts
22202	crossfire	1335814	
22203	menstrual	1335681	
22204	canals	1335666	kəˈnælz
22205	negatives	1335659	ˈnɛgətɪvz
22206	ankara	1335650	ˈæŋkərə
22207	threading	1335630	θˈrɛdɪŋ
22208	duet	1335288	
22209	intolerance	1335075	ˌɪnˈtɑlərəns
22210	ammonium	1334961	əˈmoʊniəm
22211	spandex	1334917	ˈspændəks
22212	zephyr	1334891	ˈzɛfər
22214	tamara	1334577	təˈmɑrə
22216	capcom	1334511	ˈkæpkəm
22217	tearing	1334273	
22218	cato	1334200	ˈkeɪtoʊ
22219	muffins	1333924	ˈməfənz
22220	peachtree	1333922	ˈpiʧˌtri
22223	fannie	1333454	ˈfæni
22224	handyman	1333399	ˈhændiˌmæn
22226	foothills	1333322	ˈfʊˌthɪlz
22227	ethic	1333320	ˈɛθɪk
22228	harlan	1333159	ˈhɑrlən
22230	lcs	1333031	ˈɛlˈsiˈɛs
22231	indefinite	1332966	ˌɪnˈdɛfənət
22233	cougars	1332775	ˈkugərz
22234	atrium	1332575	ˈeɪtriəm
22235	thine	1332569	ðaɪn
22236	superiority	1332318	ˌsupɪriˈɔrɪti
22237	gestures	1332261	ˈʤɛsʧərz
22239	ambience	1332141	ˈæmbiəns
22240	genet	1332113	ˈʤɛnɪt
22241	nemesis	1332098	ˈnɛməsɪs
22242	engel	1332057	ˈɛngəl
22243	confessional	1332052	kənˈfɛʃənəl
22245	cardigan	1332008	ˈkɑrdɪgən
22248	neuronal	1331665	ˈnʊˌroʊnəlz
22249	taunton	1331655	ˈtɔntən
22250	evaporation	1331645	
22251	devise	1331534	
22252	carrollton	1331478	ˈkɛrəltən
22253	abolished	1331439	əˈbɑlɪʃt
22255	blanchard	1331166	ˈblænʧərd
22256	checkers	1331147	ˈʧɛkərz
22257	torrance	1331132	ˈtɔrəns
22259	toying	1331063	tɔɪɪŋ
22260	parma	1330679	ˈpɑrmə
22261	yuma	1330659	ˈjumə
22262	spokeswoman	1330418	ˈspoʊksˌwʊmən
22263	baccalaureate	1330383	ˌbækəˈlɔriət
22264	tripods	1330358	ˈtraɪˌpɑdz
22265	wreath	1330354	riθ
22266	plight	1330333	plaɪt
22267	opium	1330299	ˈoʊpiəm
22268	logistic	1330254	ləˈʤɪstɪk
22270	personalization	1330092	ˌpərsənələˈzeɪʃən
22271	enema	1329511	ˈɛnəmə
22272	easement	1329506	ˈizmənt
22273	goalie	1329458	ˈgoʊli
22274	darkroom	1329388	ˈdɑrˌkrum
22275	irrational	1329359	ˌɪˈræʃənəl
22276	hydrocarbons	1328870	ˌhaɪdroʊˈkɑrbənz
22278	arches	1328319	
22279	hoh	1328073	hoʊ
22280	naturalist	1327928	
22281	encompassing	1327557	ɛnˈkəmpəsɪŋ
22283	penetrating	1327533	ˈpɛnəˌtreɪtɪŋ
22284	destroys	1327503	dɪˈstrɔɪz
22285	donaldson	1327414	ˈdɑnəldsən
22286	prussia	1327260	ˈprəʃə
22287	lowers	1326880	loʊərz
22290	mori	1326515	ˈmɔri
22292	rockland	1326334	ˈrɑklənd
22294	uniqueness	1326240	juˈniknəs
22296	cascading	1326136	kæˈskeɪdɪŋ
22298	hangers	1325872	ˈhæŋərz
22300	beatrice	1325653	ˈbiətrɪs
22301	policeman	1325650	pəˈlismən
22302	cartilage	1325533	
22303	broadcaster	1325424	ˈbrɔdˌkæstər
22304	turnpike	1325099	ˈtərnˌpaɪk
22305	migratory	1324637	ˈmaɪgrəˌtɔri
22306	jurors	1324485	ˈʤʊrərz
22307	mea	1324431	mi
22308	enumerated	1324371	ɪˈnumərˌeɪtɪd
22309	sheltered	1324275	ˈʃɛltərd
22311	degraded	1323960	
22312	doctrines	1323892	ˈdɑktrənz
22313	seams	1323885	simz
22314	pleaded	1323774	
22316	elasticity	1323328	ˌiˌlæˈstɪsəti
22319	eisenhower	1322947	ˈaɪzənˌhaʊər
22320	flashlights	1322939	ˈflæʃˌlaɪts
22321	cel	1322845	
22322	gutter	1322843	ˈgətər
22323	ulcers	1322752	ˈəlsərz
22325	rosenthal	1322661	ˈroʊzənˌθɔl
22326	affordability	1322617	əˌfɔrdəˈbɪləti
22327	sloppy	1322519	sˈlɑpi
22328	latham	1322412	ˈlæθəm
22329	flannel	1322321	ˈflænəl
22330	volcanoes	1322196	vɑlˈkeɪnoʊz
22331	jailed	1322095	ʤeɪld
22332	ridden	1322007	ˈrɪdən
22333	depp	1321689	dɛp
22334	grapefruit	1321427	ˈgreɪpˌfrut
22335	contradictory	1321302	ˌkɑntrəˈdɪktəri
22337	motorbikes	1321203	ˈmoʊtərˌbaɪks
22339	bonita	1320501	boʊˈnitə
22340	misunderstood	1320461	ˌmɪsəndərˈstʊd
22341	nippon	1320399	ˌnɪˈpɑn
22342	steamer	1320395	ˈstimər
22343	cong	1320389	kɔŋ
22344	barometer	1320357	bərˈɑmɪtər
22345	decorators	1320345	ˈdɛkərˌeɪtərz
22348	pendleton	1320088	ˈpɛndəltən
22349	exclaimed	1320051	ɪkˈskleɪmd
22350	diem	1319948	dim
22351	barge	1319916	bɑrʤ
22352	psoriasis	1319757	sərˈaɪəsəs
22353	spartan	1319649	ˈspɑrtən
22354	mavericks	1319608	
22356	dianne	1319517	daɪæn
22357	crystalline	1319380	ˈkrɪstəˌlaɪn
22358	rumours	1319120	ˈrumərz
22359	earnhardt	1319105	ˈərnˌhɑrt
22360	famed	1319098	feɪmd
22361	brandt	1319098	brænt
22362	riga	1318977	ˈrigə
22363	bengali	1318787	bɛŋˈgɑli
22364	amtrak	1318727	ˈæmtræk
22367	lessee	1318539	lɛˈsi
22368	respite	1318533	ˈrɛspɪt
22369	goodyear	1318472	
22370	utica	1318194	
22371	grimm	1317982	grɪm
22373	shetland	1317849	ˈʃɛtlənd
22374	kitchenaid	1317798	ˈkɪʧəˌneɪd
22376	peacekeeping	1317554	ˈpiˌskipɪŋ
22377	provocative	1317415	proʊˈvɑkətɪv
22378	guido	1317298	gˈwidoʊ
22380	interferon	1317188	
22383	chechnya	1316899	ˈʧɛʧniə
22384	rory	1316863	ˈrɔri
22385	woodbridge	1316839	ˈwʊdˌbrɪʤ
22386	jas	1316739	ʤæs
22387	intersections	1316609	ˌɪntərˈsɛkʃənz
22388	tasted	1316517	
22390	licked	1316428	lɪkt
22391	capitalization	1316045	ˌkæpɪtəlɪˈzeɪʃən
22392	banged	1316034	bæŋd
22394	responder	1315336	rɪˈspɑndər
22396	rufus	1315206	ˈrufəs
22397	thoracic	1315168	θɔˈræsɪk
22399	forensics	1315107	
22400	hopeless	1315103	ˈhoʊpləs
22401	infiltration	1314890	ˌɪnfɪlˈtreɪʃən
22402	henrik	1314884	ˈhɛnrɪk
22403	safest	1314785	ˈseɪfəst
22404	daphne	1314777	ˈdæfni
22405	ame	1314750	eɪm
22407	bing	1314612	bɪŋ
22408	pollock	1314501	ˈpɑlək
22409	meteor	1314334	ˈmitiər
22410	schemas	1314254	ˈskiməz
22411	granville	1314240	ˈgrænvɪl
22412	orthogonal	1314156	ɔrˈθɔgənəl
22413	ohms	1314152	oʊmz
22414	boosts	1314011	busts
22415	stabilized	1313848	ˈsteɪbəˌlaɪzd
22416	veneer	1313843	vəˈnɪr
22417	anonymously	1313723	əˈnɑnəməsli
22418	manageable	1313633	ˈmænɪʤəbəl
22419	wordperfect	1313376	ˈwərdˈpərfɛkt
22421	slant	1313083	slænt
22422	zhou	1313077	ʒu
22423	disciplined	1313063	ˈdɪsəplənd
22424	selenium	1312892	səˈliniəm
22425	grinders	1312851	ˈgraɪndərz
22427	pollard	1312749	ˈpɑlərd
22429	chops	1312600	ʧɑps
22431	broom	1312361	brum
22432	plainly	1312242	ˈpleɪnli
22433	ibrahim	1312229	ˌɪbrɑˈhim
22435	punches	1312203	ˈpənʧɪz
22436	snare	1311615	snɛr
22437	masturbate	1311597	ˈmæstərˌbeɪt
22438	shank	1311484	ʃæŋk
22439	parachute	1311422	ˈpɛrəˌʃut
22440	uphold	1311296	əˈphoʊld
22441	glider	1311196	ˈglaɪdər
22442	revising	1311172	
22443	chesney	1311139	ˈʧɛsni
22444	insignia	1310533	ˌɪnˈsɪgˌniə
22445	taos	1310519	taʊz
22446	nurture	1310338	ˈnərʧər
22447	tong	1310252	tɔŋ
22448	lotions	1310250	ˈloʊʃənz
22449	leash	1310125	liʃ
22450	hunts	1310081	hənts
22451	faber	1310033	ˈfeɪbər
22452	adrenal	1309847	əˈdrinəl
22453	plantations	1309778	ˌplænˈteɪʃənz
22454	sixties	1309750	ˈsɪkstiz
22455	factions	1309625	ˈfækʃənz
22456	falmouth	1309237	ˈfælməθ
22457	humility	1309175	hjuˈmɪlɪti
22458	commentators	1309132	ˈkɑmənˌteɪtərz
22459	impeachment	1309121	ˌɪmˈpiʧmənt
22460	acton	1309016	ˈæktən
22461	booting	1308810	ˈbutɪŋ
22462	engages	1308799	ɪnˈgeɪʤɪz
22463	carbide	1308718	ˈkɑrˌbaɪd
22465	pullman	1308431	ˈpʊlmən
22467	ozzy	1308242	ˈɑˌzi
22470	kinder	1307814	ˈkaɪndər
22471	deems	1307732	dimz
22472	outsiders	1307640	aʊtˈsaɪdərz
22474	valuations	1307541	væljuˈeɪʃənz
22475	dodd	1307507	dɑd
22476	dissolve	1307386	dɪˈzɑlv
22477	kidman	1307126	ˈkɪdmən
22479	adrienne	1306669	ɑdriˈɛn
22480	deduct	1306644	dɪˈdəkt
22481	crawling	1306643	ˈkrɔlɪŋ
22484	cytology	1306449	saɪˈtɑləʤi
22485	nye	1306440	naɪ
22486	biennial	1306238	baɪˈɛniəl
22489	circuitry	1305986	ˈsərkətri
22491	robb	1305758	rɑb
22492	muck	1305552	mək
22494	tweaks	1305012	twiks
22495	colombo	1304950	kəˈləmboʊ
22496	readership	1304887	ˈridərˌʃɪp
22497	hoax	1304864	hoʊks
22498	northstar	1304745	ˈnɔrθˌstɑr
22499	cohesion	1304739	koʊˈhiʒən
22500	dif	1304707	dɪf
22501	worthington	1304703	ˈwərðɪŋtən
22502	reconnaissance	1304699	riˈkɑnəsəns
22503	groundbreaking	1304637	
22504	antagonists	1304448	
22505	transducer	1304419	trænsˈdusər
22506	bachelors	1304345	ˈbæʧlərz
22507	serotonin	1304253	sərəˈtoʊnɪn
22508	complements	1304168	ˈkɑmpləmənts
22510	observes	1303947	əbˈzərvz
22512	radiators	1303928	ˈreɪdiˌeɪtərz
22513	corporal	1303585	
22515	beagle	1303392	ˈbigəl
22516	wary	1303191	ˈwɛri
22517	cadmium	1303073	ˈkædmiəm
22520	locust	1302839	ˈloʊkəst
22521	detachable	1302471	
22522	condenser	1302457	kənˈdɛnsər
22523	articulation	1302431	ˌɑrtɪkjəˈleɪʃən
22524	simplifies	1302397	ˈsɪmpləˌfaɪz
22525	sleeveless	1302246	sˈlivlɪs
22526	motorists	1302021	ˈmoʊtərɪsts
22527	villain	1301918	ˈvɪlən
22529	waivers	1301886	ˈweɪvərz
22530	forsyth	1301768	ˈfɔrˌsaɪθ
22531	tre	1301732	treɪ
22532	oft	1301717	ɔft
22534	secures	1301645	sɪˈkjʊrz
22536	leviticus	1301436	ləˈvɪtəkəs
22537	impending	1301330	ˌɪmˈpɛndɪŋ
22538	rejoice	1301321	rɪˈʤɔɪs
22539	pickering	1300963	ˈpɪkərɪŋ
22541	poisson	1300878	ˈpɔɪzsən
22542	uterine	1300507	ˈjutərən
22543	bursts	1300477	bərsts
22544	apartheid	1300164	
22545	versailles	1300145	
22548	morphological	1299968	ˌmɔrfəˈlɑʤɪkəl
22549	hurdles	1299924	ˈhərdəlz
22550	windham	1299923	ˈwɪndəm
22551	lucie	1299778	ˈlusi
22552	ellington	1299442	ˈɛlɪŋtən
22553	ria	1299359	ˈriə
22555	geese	1299115	gis
22556	condemnation	1299011	ˌkɑndəmˈneɪʃən
22557	candies	1298890	ˈkændiz
22558	polio	1298845	ˈpoʊliˌoʊ
22559	sidewalks	1298816	ˈsaɪdˌwɔks
22561	formidable	1298736	
22562	pun	1298700	pən
22563	sharm	1298573	ʃɑrm
22565	mecca	1298392	ˈmɛkə
22566	alvarez	1298258	ˈælvərˌɛz
22567	regatta	1298113	rɪˈgɑtə
22568	rested	1297976	
22570	paused	1297918	pɔzd
22571	macbeth	1297856	məkˈbɛθ
22572	polarity	1297690	poʊˈlɛrəti
22573	overrides	1297543	ˈoʊvərˌraɪdz
22574	abandonment	1297503	əˈbændənmənt
22575	riff	1297450	rɪf
22576	widths	1297416	wɪdθs
22577	dest	1297352	dɛst
22579	nada	1297254	ˈnɑdɑ
22580	bertrand	1297253	ˈbərtrənd
22581	broth	1297117	brɔθ
22582	kluwer	1296986	ˈkluwər
22583	martins	1296812	ˈmɑrtɪnz
22584	italiana	1296797	ˌɪˌtæliˈænə
22585	wentworth	1296741	ˈwɛntˈwərθ
22586	telford	1296709	ˈtɛlfərd
22587	seduction	1296699	sɪˈdəkʃən
22588	fertilizers	1296340	ˈfərtəˌlaɪzərz
22589	shuman	1296336	ˈʃumən
22590	grapevine	1296319	ˈgreɪpˌvaɪn
22591	maison	1296048	ˈmeɪzən
22592	contrasts	1295820	
22593	russo	1295753	ˈrusoʊ
22594	daunting	1295706	ˈdɔntɪŋ
22595	topples	1295649	ˈtɑpəlz
22596	giuseppe	1295203	ʤɪˈsɛpi
22597	tae	1295188	
22598	improperly	1295182	ˌɪmˈprɑpərli
22599	futuristic	1294993	fˌjuʧərˈɪstɪk
22600	nebula	1294884	ˈnɛbjələ
22602	chai	1294847	ʧaɪ
22603	obsessive	1294838	əbˈsɛsɪv
22604	crows	1294733	kroʊz
22605	transplants	1294723	trænˈsplænts
22607	junkie	1294569	ˈʤəŋki
22608	admitting	1294545	
22610	galactica	1294367	gəˈlækˌtɪkə
22611	blooming	1294311	ˈblumɪŋ
22612	mace	1294167	meɪs
22614	seminole	1294071	ˈsɛmɪˌnoʊl
22615	taper	1294069	ˈteɪpər
22616	rotational	1293795	roʊˈteɪʃənəl
22617	withdrawals	1293348	
22619	hartman	1293117	ˈhɑrtmən
22620	synagogue	1292897	ˈsɪnəˌgɔg
22621	finalist	1292891	ˈfaɪnəlɪst
22622	pornographic	1292757	ˌpɔrnəˈgræfɪk
22623	sugars	1292666	ˈʃʊgərz
22624	burnham	1292627	
22625	armageddon	1292606	ˌɑrməˈgɛdən
22627	selectively	1292565	səˈlɛktɪvli
22628	albans	1292321	ˈælbænz
22629	fallout	1292211	ˈfɔˌlaʊt
22630	allure	1292131	əˈlʊr
22631	brownsville	1292108	ˈbraʊnzvɪl
22632	intestine	1292080	
22633	ambassadors	1292040	æmˈbæsədərz
22634	galeria	1291998	ˌgælərˈiə
22635	stalker	1291772	ˈstɔkər
22636	reclaim	1291641	riˈkleɪm
22639	isla	1291309	ˈilə
22640	kingdoms	1291134	ˈkɪŋdəmz
22641	kristina	1291129	krɪˈstinə
22642	richness	1291074	ˈrɪʧnəs
22643	converge	1291053	kənˈvərʤ
22646	pianos	1290758	
22647	dol	1290674	dɑl
22648	workings	1290621	ˈwərkɪŋz
22649	penelope	1290594	pəˈnɛləpi
22650	sophistication	1290552	səˌfɪstəˈkeɪʃən
22651	extinct	1290530	ɪkˈstɪŋkt
22652	ponder	1290410	ˈpɑndər
22654	messed	1290228	mɛst
22655	oceanside	1290126	ˈoʊʃənˌsaɪd
22656	revue	1290094	rɪvˈju
22657	lunches	1290036	ˈlənʧɪz
22659	taiwanese	1289801	ˈtaɪwɑˈniz
22661	fooled	1289616	fuld
22662	helens	1289590	ˈhɛlənz
22663	smear	1289528	smɪr
22664	rigging	1289503	ˈrɪgɪŋ
22665	derives	1289433	
22666	praises	1289337	ˈpreɪzɪz
22668	sym	1289278	sɪm
22669	detachment	1289268	
22670	luca	1289251	ˈlukə
22672	cloned	1288962	kloʊnd
22674	caracas	1288885	kərˈɑkəs
22675	dahl	1288812	dɑl
22676	pla	1288766	plɑ
22678	mathews	1288615	ˈmæθjuz
22679	bestseller	1288316	
22680	lids	1288238	lɪdz
22681	enrique	1288139	ɛnˈrikeɪ
22682	pore	1288093	pɔr
22683	minidisc	1287945	ˈmɪniˌdɪsk
22685	radiance	1287790	ˈreɪˌdiəns
22686	downside	1287746	ˈdaʊnˌsaɪd
22687	malvinas	1287464	mɔlˈvinəs
22689	reissue	1287311	riˈɪʃu
22690	oily	1286829	ˈɔɪli
22691	quitting	1286725	kˈwɪtɪŋ
22692	ina	1286713	ˈinə
22693	striker	1286700	ˈstraɪkər
22694	memos	1286640	ˈmɛmoʊz
22695	grover	1286635	ˈgroʊvər
22696	screams	1286631	skrimz
22697	masking	1286584	ˈmæskɪŋ
22699	whitehead	1286485	
22700	whoa	1286431	
22701	brookings	1286376	ˈbrʊkɪŋz
22703	integra	1285813	ˌɪnˈtɛgrə
22704	patchwork	1285768	ˈpæʧˌwərk
22705	heinrich	1285402	ˈhaɪnrɪk
22706	laredo	1285387	lərˈeɪdoʊ
22709	breton	1285069	ˈbrɛtən
22710	jaguars	1285032	ˈʤægˌwɑrz
22711	assures	1284980	əˈʃʊrz
22713	joys	1284745	ʤɔɪz
22714	tracer	1284708	ˈtreɪsər
22715	frist	1284684	frɪst
22716	involuntary	1284621	ˌɪnˈvɑlənˌtɛri
22717	allegation	1284509	ˌæləˈgeɪʃən
22718	lsd	1284458	ˌɛˌlɛsˈdi
22719	infinitely	1284436	ˈɪnfənətli
22720	synthesizer	1284428	ˈsɪnθəˌsaɪzər
22723	dorchester	1283964	ˈdɔˌrʧɛstər
22724	mcleod	1283950	məˈklaʊd
22725	serge	1283914	sərʤ
22726	morphine	1283748	ˈmɔrfin
22727	waldorf	1283644	ˈwɔldɔrf
22728	gymnasium	1283632	ʤɪmˈneɪziəm
22729	microfilm	1283628	ˈmaɪkrəˌfɪlm
22730	waldo	1283521	
22732	lear	1283330	lɪr
22733	subsidized	1283216	ˈsəbsɪˌdaɪzd
22734	chiefly	1283186	ˈʧifli
22735	judah	1283019	ˈʤudə
22736	conjecture	1283018	
22737	mich	1283008	mɪʧ
22738	simons	1282890	ˈsaɪmənz
22740	restitution	1282669	ˌrɛstɪˈtuʃən
22741	indicted	1282603	ˌɪnˈdaɪtɪd
22742	blasting	1282601	ˈblæstɪŋ
22744	confronting	1282338	kənˈfrəntɪŋ
22745	pituitary	1282102	
22746	sow	1282086	
22747	repeater	1282082	rɪˈpitər
22750	mccall	1281971	məˈkɔl
22751	wiz	1281900	
22752	autopsy	1281821	ˈɔˌtɑpsi
22753	mastered	1281794	ˈmæstərd
22754	powders	1281550	ˈpaʊdərz
22756	debtors	1281454	ˈdɛtərz
22757	grit	1281375	grɪt
22760	slain	1281084	sleɪn
22761	colo	1280975	ˈkoʊloʊ
22762	ying	1280737	jɪŋ
22765	glenwood	1280317	ˈglɛnˌwʊd
22766	allstate	1280314	ˈɔlˌsteɪt
22767	horticultural	1280262	ˌhɔrtəˈkəlʧərəl
22770	nearer	1280000	ˈnɪrər
22771	ancestral	1279982	ænˈsɛstrəl
22774	wartime	1279693	ˈwɔrˌtaɪm
22776	faithfully	1279442	ˈfeɪθfəli
22778	jain	1279356	
22779	revolutions	1279333	ˌrɛvəˈluʃənz
22781	geriatric	1279000	ˌʤɛriˈætrɪk
22782	quail	1278967	kweɪl
22783	tanker	1278916	ˈtæŋkər
22784	mayan	1278824	maɪən
22786	administrations	1278511	ædˌmɪnɪˈstreɪʃənz
22787	futon	1278430	ˈfutɑn
22788	grannies	1278265	ˈgræniz
22791	rector	1278087	ˈrɛktər
22792	nays	1278006	neɪz
22793	ballast	1277921	ˈbæləst
22794	immature	1277806	ˌɪməˈtjʊr
22796	recognises	1277746	ˈrɛkəgˌnaɪzɪz
22797	taxing	1277669	ˈtæksɪŋ
22798	icing	1277602	ˈaɪsɪŋ
22800	substituting	1277543	ˈsəbstɪˌtutɪŋ
22802	multiples	1277478	ˈməltəpəlz
22803	executes	1277454	ˈɛksəˌkjuts
22804	originality	1276869	ərˌɪʤəˈnælɪti
22805	pinned	1276850	pɪnd
22807	gables	1276634	ˈgeɪbəlz
22808	discontinue	1276606	dɪskənˈtɪnju
22809	disparate	1276596	
22810	bantam	1276580	ˈbæntəm
22811	boardwalk	1276569	ˈbɔrdˌwɔk
22812	ineligible	1276417	ˌɪˈnɛlɪʤəbəl
22813	homeopathy	1276327	ˌhoʊmioʊˈpæθi
22814	entrants	1276155	ˈɛntrənts
22815	rallies	1276149	ˈræliz
22816	simplification	1276047	ˌsɪmpləfɪˈkeɪʃən
22818	insolvency	1275891	ˌɪnˈsɑlvənsi
22819	bianca	1275855	biˈɑŋkə
22820	zimmer	1275605	ˈzɪmər
22821	earthly	1275576	ˈərθli
22822	roleplaying	1275469	ˈroʊlˌpleɪɪŋ
22823	affective	1275468	əˈfɛktɪv
22824	wilma	1275432	ˈwɪlmə
22825	compusa	1275328	ˈkɑmˈpjuˈɛˈseɪ
22826	histogram	1275220	ˈhɪstəˌgræm
22827	conceive	1275176	kənˈsiv
22828	wheelchairs	1275168	
22830	pennington	1274839	ˈpɛnɪŋtən
22832	liberalization	1274688	ˌlɪˌbərəlɪˈzeɪʃən
22833	insensitive	1274594	
22834	forfeiture	1274559	ˈfɔrfəʧər
22835	greenpeace	1274546	ˈgrinˌpis
22836	genotype	1274508	ˈʤɛnəˌtaɪp
22837	contaminant	1274269	kənˈtæmənənt
22839	disastrous	1274124	dɪˈzæstrəs
22840	collaborators	1274121	kəˈlæbərˌeɪtərz
22841	malvern	1274103	ˈmælvərn
22842	proxies	1274057	ˈprɑksiz
22843	rewind	1274043	ˈriwaɪnd
22844	gladiator	1273979	ˈglædiˌeɪtər
22845	poplar	1273824	ˈpɑplər
22846	issuers	1273782	ˈɪʃuərz
22849	recourse	1273523	ˈrikɔrs
22850	martian	1273255	ˈmɑrʃən
22851	equinox	1273041	ˈikwəˌnɑks
22853	schoolgirls	1272781	ˈskulˌgərlz
22854	hinder	1272772	ˈhɪndər
22855	hilo	1272757	ˈhiloʊ
22856	fredericksburg	1272742	
22857	presume	1272666	prɪˈzum
22858	stratton	1272445	ˈstrætən
22860	astronaut	1272333	ˈæstrəˌnɑt
22861	weil	1272278	
22862	armchair	1272149	ˈɑrmˌʧɛr
22863	instituto	1272104	ˌɪnstɪˈtuˌtoʊ
22864	cecilia	1272020	sɪˈsiljə
22865	lowry	1271991	ˈlaʊri
22866	constipation	1271923	ˌkɑnstəˈpeɪʃən
22868	sheryl	1271753	ˈʃɛrəl
22869	nashua	1271630	ˈnæʃuə
22870	strut	1271153	strət
22871	kari	1271114	ˈkɛri
22872	ikea	1271048	ˌaɪˈkiə
22873	pavel	1271012	ˈpævəl
22874	oswego	1270792	ɑsˈwigoʊ
22876	appropriateness	1270661	əˈproʊpriətnəs
22878	sues	1270296	suz
22879	tame	1270260	teɪm
22881	solstice	1270139	ˈsɔlstɪs
22882	oats	1270000	oʊts
22884	mckenna	1269806	məˈkɛnə
22885	eudora	1269763	juˈdɔrə
22886	candida	1269644	ˈkændɪdə
22887	wolff	1269426	wʊlf
22889	adjusts	1269156	əˈʤəsts
22890	plume	1269109	plum
22892	pickups	1268677	ˈpɪˌkəps
22893	sparta	1268632	ˈspɑrtɑ
22895	chandra	1268354	ˈʧændrə
22896	calypso	1268267	kəˈlɪpˌsoʊ
22897	cheesecake	1268229	ˈʧizˌkeɪk
22898	pantry	1268228	ˈpæntri
22899	etienne	1268223	ˈɛtiɛn
22900	italics	1268200	aɪˈtælɪks
22901	reversing	1268143	
22902	murderer	1268134	ˈmərdərər
22904	courteous	1267713	ˈkərtiəs
22905	wilt	1267600	wɪlt
22906	smoothing	1267558	sˈmuðɪŋ
22907	billet	1267502	
22908	porting	1267433	ˈpɔrtɪŋ
22909	lubrication	1267423	ˌlubrɪˈkeɪʃən
22910	pretending	1267391	priˈtɛndɪŋ
22911	hammock	1267376	ˈhæmək
22912	shootout	1267279	ˈʃutaʊt
22913	receptions	1267234	rɪˈsɛpʃənz
22914	racine	1267167	rəˈsin
22917	fragmented	1266674	ˈfrægməntɪd
22918	revoke	1266673	
22919	intruder	1266644	ˌɪnˈtrudər
22920	chevron	1266619	
22921	reinsurance	1266544	ˌriɪnˈʃʊrəns
22922	slated	1266404	sˈleɪtɪd
22923	wagons	1266327	ˈwægənz
22925	jennie	1265932	ˈʤɛni
22926	guantanamo	1265920	gˌwɑnˈtɑnəˌmoʊ
22927	reina	1265881	reɪˈinə
22928	energizer	1265855	ˈɛnərˌʤaɪzər
22929	platte	1265736	plæt
22930	clarksville	1265699	ˈklɑrksˌvɪl
22931	vandalism	1265676	ˈvændəlɪzəm
22933	plank	1265284	plæŋk
22934	acetaminophen	1265258	əˌsitəˈmɪnəfən
22935	paddling	1265200	
22936	wolfram	1265149	ˈwʊlˌfræm
22938	contraceptive	1264966	ˌkɑntrəˈsɛptɪv
22939	necrosis	1264854	nəˈkroʊsəs
22940	ting	1264826	tɪŋ
22941	iva	1264734	ˈivə
22942	interrogation	1264580	ˌɪnˌtɛrəˈgeɪʃən
22943	neue	1264460	nui
22944	bonanza	1264434	bəˈnænzə
22945	lumbar	1264361	ˈləmˌbɑr
22946	disparities	1264326	dɪˈspɛrətiz
22947	umass	1264213	ˈjuˈmæs
22948	longing	1264187	ˈlɔŋɪŋ
22949	irresistible	1264179	ˌɪrɪˈzɪstəbəl
22950	pilgrims	1264176	ˈpɪlgrəmz
22951	flamenco	1263952	fləˈmɛŋˌkoʊ
22952	osprey	1263936	ˈɔspri
22953	disappearing	1263910	
22955	enact	1263603	ɪˈnækt
22956	flammable	1263036	ˈflæməbəl
22958	buspar	1262903	ˈbəspər
22959	inertia	1262749	ˌɪˈnərʃə
22960	misunderstanding	1262717	ˌmɪsəndərˈstændɪŋ
22964	deity	1262430	ˈdiəti
22966	pruning	1262424	ˈprunɪŋ
22967	alchemist	1262419	ˈælkɛˌmɪst
22968	marr	1262364	mɑr
22970	mcdonalds	1261999	məkˈdɑnəldz
22971	hormonal	1261979	ˈhɔrˌmoʊnəl
22973	agra	1261719	ˈægrə
22974	mandolin	1261566	ˈmændəˌlɪn
22975	rolf	1261505	roʊlf
22977	swiftly	1261168	sˈwɪftli
22979	claws	1260902	klɔz
22980	brightly	1260823	ˈbraɪtli
22981	virgo	1260695	ˈvərgoʊ
22982	manly	1260481	ˈmænli
22983	emit	1260296	ɪˈmɪt
22984	shortened	1259942	ˈʃɔrtənd
22985	rink	1259898	rɪŋk
22987	unrealistic	1259705	ənˌriˈlɪstɪk
22988	rhonda	1259699	ˈrɑndə
22989	fearful	1259606	ˈfɪrfəl
22990	potency	1259570	ˈpoʊtənsi
22993	pings	1259320	pɪŋz
22994	flawless	1259140	ˈflɔləs
22996	peril	1258951	ˈpɛrəl
22999	alessandro	1258914	
23000	teaser	1258793	ˈtizər
23001	breaches	1258688	ˈbriʧɪz
23002	resultant	1258443	riˈzəltənt
23003	nestled	1258420	ˈnɛsəld
23004	hairs	1258412	hɛrz
23005	impairments	1258385	ˌɪmˈpɛrmənts
23007	drastic	1258227	ˈdræstɪk
23008	courageous	1258094	kərˈeɪʤəs
23009	rho	1258046	roʊ
23010	promos	1257928	ˈproʊˌmoʊz
23013	iterative	1257662	ˈɪtərˌeɪtɪv
23014	catered	1257516	ˈkeɪtərd
23015	guarded	1257448	
23016	callahan	1257441	ˈkæləˌhæn
23017	neuron	1257316	ˈnʊrɑn
23019	pulsar	1257106	ˈpʊlsər
23022	celery	1256388	ˈsɛləri
23023	pedagogy	1256372	ˈpɛdəˌgoʊʤi
23024	reconcile	1256296	ˈrɛkənˌsaɪl
23026	grammatical	1256167	
23027	collin	1256162	ˈkɑlɪn
23028	afrikaans	1256133	ˌæfrəˈkɑnz
23031	cinematic	1255895	ˌsɪnəˈmætɪk
23032	admiration	1255669	ˌædmərˈeɪʃən
23033	ugh	1255553	əg
23034	malik	1255552	ˈmælɪk
23035	zanzibar	1255355	ˈzænzəˌbɑr
23037	fellowes	1255139	ˈfɛˌloʊz
23039	offend	1254866	əˈfɛnd
23040	telefon	1254844	ˈtɛləˌfɑn
23041	maguire	1254812	məgˈwaɪr
23043	severance	1254666	ˈsɛˌvərəns
23045	somali	1254574	səˈmɑli
23046	caviar	1254529	ˈkæviˌɑr
23048	sleepwear	1254319	sˈlipˌwɛr
23049	quads	1254291	kwɑdz
23050	combating	1254280	kəmˈbætɪŋ
23051	numb	1254217	nəm
23052	retina	1254145	ˈrɛtənə
23053	grady	1254116	ˈgreɪdi
23054	maids	1253811	meɪdz
23055	tempting	1253805	ˈtɛmptɪŋ
23056	bureaus	1253506	ˈbjʊroʊz
23057	voyages	1253448	
23058	kelsey	1253360	ˈkɛlsi
23060	enforceable	1253250	ɛnˈfɔrsəbəl
23061	flo	1253201	floʊ
23062	planters	1253136	ˈplæntərz
23063	bouncy	1253106	ˈbaʊnsi
23065	retinal	1253019	ˈrɛtənəl
23066	rocco	1252959	ˈrɑkoʊ
23067	sheath	1252872	ʃiθ
23068	louie	1252710	lui
23069	chaplain	1252671	ˈʧæplən
23070	benefiting	1252603	ˈbɛnəfɪtɪŋ
23071	dubious	1252536	ˈdubiəs
23072	sponsorships	1252378	ˈspɑnsərˌʃɪps
23074	screenwriter	1252314	ˈskrinˌraɪtər
23075	occupies	1252031	ˈɑkjəˌpaɪz
23076	mammal	1251818	ˈmæməl
23077	shielded	1251762	ˈʃildɪd
23078	degeneration	1251754	dɪˌʤɛnərˈeɪʃən
23079	listens	1251574	ˈlɪsənz
23080	swirl	1251090	swərl
23081	emery	1251050	ˈɛməri
23082	twists	1250953	twɪsts
23086	allele	1250569	əˈlɛli
23087	sylvania	1250538	sɪlˈveɪniə
23089	purifiers	1250271	ˈpjʊrəˌfaɪərz
23090	scot	1250219	skɑt
23091	commuting	1250178	kəmˈjutɪŋ
23092	intrigue	1250162	
23094	kato	1250129	ˈkeɪtoʊ
23095	kama	1249987	ˈkɑmə
23097	keating	1249759	ˈkitɪŋ
23098	blanche	1249687	blænʧ
23099	eczema	1249564	ˈɛksəmə
23100	northland	1249512	ˈnɔrθˌlænd
23103	roadster	1249088	ˈroʊdstər
23104	dialect	1248837	ˈdaɪəˌlɛkt
23105	nominating	1248835	ˈnɑməˌneɪtɪŋ
23106	fanatic	1248832	fəˈnætɪk
23107	upton	1248681	ˈəptən
23108	pave	1248651	peɪv
23109	confetti	1248493	kənˈfɛti
23111	coverings	1248303	ˈkəvərɪŋz
23112	raptors	1248218	ˈræptərz
23113	danced	1248001	dænst
23114	slightest	1247920	sˈlaɪtəst
23116	bromley	1247856	ˈbrɑmli
23117	revive	1247670	
23119	corolla	1247399	kərˈɑlə
23120	veggie	1247371	ˈvɛʤi
23121	dharma	1247164	ˈdɑrmə
23122	chameleon	1247136	kəˈmiliən
23123	hooper	1246832	ˈhupər
23124	predominant	1246796	prɪˈdɑmənənt
23125	luciano	1246770	luʧiˈɑnoʊ
23126	abode	1246541	əˈboʊd
23127	savoy	1246516	səˈvɔɪ
23129	abrasive	1246390	əˈbreɪsɪv
23130	vogel	1246363	ˈvoʊgəl
23132	insecurity	1246155	ˌɪnsɪˈkjʊrɪti
23133	koruna	1246139	kɔˈruˌnɑ
23135	ensembles	1245829	ɑnˈsɑmbəlz
23136	backpacker	1245672	ˈbækˌpækər
23137	trustworthy	1245589	ˈtrəstˌwərði
23138	bainbridge	1245551	ˈbeɪnbrɪʤ
23139	scs	1245524	ˌɛsˌsiˈɛs
23140	uniformity	1245452	ˌjunəˈfɔrməti
23141	comfy	1245404	ˈkəmfi
23142	assuring	1245395	əˈʃʊrɪŋ
23143	conquered	1245330	ˈkɑŋkərd
23144	alarming	1245253	əˈlɑrmɪŋ
23147	registries	1244915	ˈrɛʤɪstriz
23148	eradication	1244873	ɪˌrædəˈkeɪʃən
23149	amused	1244733	əmˈjuzd
23150	horizontally	1244673	
23153	knitted	1244471	
23154	doh	1244449	doʊ
23155	exploding	1244277	ɪkˈsploʊdɪŋ
23156	jodi	1243824	ˈʤoʊdi
23157	narrowly	1243642	ˈnɛroʊli
23158	campo	1243547	ˈkæmpoʊ
23159	quintet	1243505	kwɪnˈtɛt
23161	ambiance	1243313	ˈæmbiəns
23162	chun	1243227	ʧən
23163	rampant	1243101	ˈræmpənt
23164	suitcase	1243043	ˈsutˌkeɪs
23165	damian	1242944	ˈdeɪmiən
23166	bakeries	1242917	ˈbeɪkəriz
23168	fucker	1242729	ˈfəkər
23169	polka	1242601	
23170	embarrassment	1242414	ɪmˈbɛrəsmənt
23171	wiper	1242341	ˈwaɪpər
23172	wrappers	1242242	ˈræpərz
23174	spectators	1241932	ˈspɛkteɪtərz
23175	iterations	1241775	ˌɪtəˈreɪʃənz
23179	mismatch	1241513	
23182	coronado	1241330	kəroʊˈnɑdoʊ
23183	retaliation	1241314	riˌtæliˈeɪʃən
23185	oxides	1241167	ˈɑkˌsaɪdz
23186	qualifiers	1241115	kˈwɑləˌfaɪərz
23187	inquirer	1240799	ˌɪnkˈwaɪrər
23188	battered	1240729	ˈbætərd
23189	wellesley	1240700	ˈwɛlzli
23190	dreadful	1240347	ˈdrɛdfəl
23191	smokey	1240190	sˈmoʊki
23193	metaphysics	1239930	ˌmɛtəˈfɪzɪks
23194	drifting	1239908	ˈdrɪftɪŋ
23195	ritter	1239889	ˈrɪtər
23196	vacuums	1239682	ˈvækjumz
23197	attends	1239579	əˈtɛndz
23199	nicer	1239249	ˈnaɪsər
23200	mellow	1239234	ˈmɛloʊ
23201	precip	1239111	ˈprɛsɪp
23202	lagos	1239091	ˈleɪgɔs
23203	boast	1239080	boʊst
23204	gents	1239020	ʤɛnts
23205	respiration	1239001	ˌrɛspərˈeɪʃən
23206	rapper	1238941	ˈræpər
23207	absentee	1238718	ˌæbsənˈti
23208	duplicates	1238629	ˈdjupləˌkeɪts
23209	hooters	1238422	ˈhutərz
23210	calligraphy	1238383	kəˈlɪgrəfi
23211	dubois	1238292	
23212	advantageous	1238029	ˌædvənˈteɪʤəs
23214	corollary	1237974	ˈkɔrəˌlɛri
23215	tighter	1237965	ˈtaɪtər
23216	predetermined	1237901	ˌpridiˈtərmɪnd
23217	asparagus	1237837	əˈspɛrəgəs
23218	monique	1237728	ˌmoʊˈnik
23219	fearless	1237723	ˈfɪrləs
23220	airy	1237643	ˈɛri
23221	ortiz	1237626	ˌɔrˈtiz
23223	progresses	1237331	
23224	canister	1237325	
23225	morningstar	1237271	ˈmɔrnɪŋˌstɑr
23226	stiffness	1237262	ˈstɪfnəs
23227	recessed	1237194	
23228	thrifty	1237174	θˈrɪfti
23229	canning	1237146	ˈkænɪŋ
23231	workmanship	1237052	ˈwərkmənˌʃɪp
23232	palladium	1236873	pəˈleɪdiəm
23233	totaled	1236803	ˈtoʊtəld
23234	levitt	1236782	ˈlɛvɪt
23235	complexities	1236710	kəmˈplɛksɪtiz
23237	shipper	1236491	ˈʃɪpər
23238	darryl	1236271	ˈdɛrəl
23239	shan	1236170	ʃæn
23240	hobo	1236134	ˈhoʊboʊ
23242	merrell	1236026	ˈmɛrəl
23244	wrinkles	1235825	ˈrɪŋkəlz
23245	illustrating	1235806	ˈɪləˌstreɪtɪŋ
23246	sly	1235755	slaɪ
23248	raul	1235638	
23249	shenandoah	1235408	ˌʃɛnənˈdoʊə
23250	harnesses	1235407	
23252	loma	1235395	ˈloʊmə
23253	oshkosh	1235350	ˈɔʃˌkɔʃ
23255	perch	1235177	pərʧ
23256	geil	1234808	gaɪl
23257	craven	1234807	ˈkreɪvən
23258	divergence	1234790	
23259	kitchenware	1234755	ˈkɪʧənˌwɛr
23260	homage	1234717	
23261	atrocities	1234612	əˈtrɑsətiz
23265	londonderry	1234214	ˈləndənˌdɛri
23266	hops	1234190	hɑps
23267	silverstone	1234174	ˈsɪlvərˌstoʊn
23268	uniden	1234114	ˈjunɪˌdɛn
23271	unitary	1233534	ˈjunɪˌtɛri
23272	emmy	1233343	ˈɛmi
23273	chez	1233100	
23274	admittedly	1233033	ædˈmɪtɪdli
23275	ruiz	1232996	ruiz
23277	hospitalization	1232916	ˌhɑspɪtələˈzeɪʃən
23278	clubbing	1232841	ˈkləbɪŋ
23279	microelectronics	1232801	ˌmaɪkroʊɪlɛkˈtrɑnɪks
23281	waverly	1232617	ˈweɪvərli
23283	schwab	1232368	ʃwɑb
23284	angst	1232364	ɑŋkst
23285	liturgy	1232361	ˈlɪtərʤi
23286	nativity	1232181	nəˈtɪvəti
23287	surety	1231980	ˈʃʊrəti
23288	deregulation	1231873	diˌrɛgjəˈleɪʃən
23290	tranquil	1231687	
23291	carpentry	1231684	ˈkɑrpəntri
23292	disseminated	1231545	dɪˈsɛməˌneɪtəd
23293	steinberg	1231528	ˈstaɪnbərg
23294	staircase	1231474	ˈstɛrˌkeɪs
23295	cutler	1231345	ˈkətlər
23296	sweetie	1231301	sˈwiti
23297	cradles	1231258	ˈkreɪdəlz
23298	electorate	1231254	
23299	mideast	1231196	ˈmɪˌdist
23300	airs	1231177	ɛrz
23301	reconstructed	1231139	ˌrikənˈstrəktɪd
23302	resent	1231007	
23303	hispanics	1230856	hɪˈspænɪks
23304	podium	1230847	ˈpoʊdiəm
23305	opposes	1230729	əˈpoʊzɪz
23306	paranoia	1230604	ˌpɛrəˈnɔɪə
23307	faceted	1230444	ˈfæsətɪd
23308	silvia	1230323	ˈsɪlviə
23309	distraction	1230299	dɪˈstrækʃən
23310	sito	1230278	ˈsitoʊ
23311	dominates	1230223	ˈdɑməˌneɪts
23312	kimberley	1230220	ˈkɪmbərli
23313	gecko	1230211	ˈgɛkoʊ
23316	fugitive	1229796	
23317	tucked	1229771	təkt
23318	interchangeable	1229679	
23319	rollins	1229619	ˈrɑlɪnz
23322	jericho	1229510	ˈʤɛrɪˌkoʊ
23323	starship	1229480	ˈstɑrˌʃɪp
23324	turmoil	1229472	ˈtərˌmɔɪl
23325	miele	1229402	mil
23326	seeded	1229258	
23327	gilles	1229186	ʒil
23328	dietrich	1229075	ˈditrɪk
23329	haines	1228925	heɪnz
23330	unjust	1228906	ənˈʤəst
23331	cyclists	1228897	
23332	fey	1228854	feɪ
23333	markedly	1228846	ˈmɑrkɪdli
23335	fascinated	1228746	
23336	disturb	1228732	dɪˈstərb
23337	terminates	1228728	ˈtərmɪˌneɪts
23338	exempted	1228595	ɪgˈzɛmptɪd
23339	bounced	1228595	baʊnst
23340	rankin	1228587	ˈræŋkɪn
23341	brightest	1228553	ˈbraɪtəst
23342	nurturing	1228377	ˈnərʧərɪŋ
23343	saddles	1228266	ˈsædəlz
23345	amadeus	1228023	ˌæməˈdeɪəs
23347	galapagos	1227813	gəˈlɑpəgoʊz
23349	scotsman	1227492	ˈskɑtsmən
23350	fitzpatrick	1227285	ˌfɪtˈspætrɪk
23351	gushing	1227270	ˈgəʃɪŋ
23352	picker	1227005	ˈpɪkər
23353	distracted	1226846	
23355	secluded	1226750	sɪˈkludɪd
23356	criticize	1226742	ˈkrɪtɪˌsaɪz
23357	bog	1226534	
23358	livelihood	1226471	ˈlaɪvliˌhʊd
23359	mulder	1226271	ˈməldər
23361	godfrey	1226024	ˈgɑdfri
23363	minerva	1225712	
23364	superseded	1225670	ˌsupərˈsidəd
23365	iceberg	1225495	ˈaɪsbərg
23366	caleb	1225445	ˈkeɪləb
23367	christening	1225355	
23368	jealousy	1225297	ˈʤɛləsi
23369	mooney	1225291	ˈmuni
23371	plumber	1225144	ˈpləmər
23372	envision	1225007	ɛnˈvɪʒən
23373	jetta	1224994	ˈʤɛtə
23374	downey	1224990	ˈdaʊni
23375	hagen	1224974	ˈheɪgən
23377	squeezed	1224837	skwizd
23380	judas	1224674	ˈʤudəs
23381	valle	1224514	veɪl
23382	cosmology	1224470	kɔzˈmɔləʤi
23383	dole	1224388	doʊl
23384	wick	1224351	wɪk
23385	gertrude	1224240	ˈgərtrud
23386	communists	1224226	ˈkɑmjənəsts
23387	noodle	1224073	ˈnudəl
23389	owes	1223866	oʊz
23390	scents	1223833	sɛnts
23391	sargent	1223779	ˈsɑrʤənt
23392	bangle	1223618	ˈbæŋgəl
23393	bertha	1223467	ˈbərθə
23394	levied	1223424	ˈlɛvid
23396	sag	1223285	sæg
23397	barns	1223270	bɑrnz
23398	covenants	1223140	ˈkəvənənts
23399	peat	1223084	pit
23400	donnie	1223068	ˈdɑni
23401	privatisation	1223030	ˈpraɪvətəˈzeɪʃən
23402	proprietor	1222912	prəˈpraɪətər
23403	tofu	1222741	ˈtoʊfu
23407	lizzie	1222470	ˈlɪzi
23408	raids	1222441	reɪdz
23409	intuit	1222292	ˌɪnˈtuət
23410	adoptive	1222288	əˈdɑptɪv
23412	solos	1222232	ˈsoʊloʊz
23413	compartments	1222206	kəmˈpɑrtmənts
23414	minimized	1222201	ˈmɪnəˌmaɪzd
23417	maj	1221844	mæʤ
23418	filibuster	1221836	ˈfɪləˌbəstər
23421	tulane	1221736	tuˈleɪn
23423	facet	1221287	ˈfæsət
23425	behaviours	1221081	bɪˈheɪvjərz
23426	importation	1221062	ˌɪmpɔrˈteɪʃən
23427	redneck	1221019	ˈrɛdˌnɛk
23428	imax	1220958	ˈaɪˌmæks
23430	synthesized	1220873	ˈsɪnθɪˌsaɪzd
23432	samsonite	1220680	ˈsæmsəˌnaɪt
23433	accordion	1220579	əˈkɔrdiən
23435	planter	1220396	ˈplæntər
23436	rooney	1220359	ˈruni
23437	minimally	1220266	ˈmɪnəməli
23439	skoda	1220058	ˈskoʊˌdɑ
23441	metz	1219819	mɛts
23442	matchups	1219795	ˈmæʧəps
23443	immaculate	1219765	ˌɪˈmækjulɪt
23445	pur	1219454	pər
23446	mailings	1219364	ˈmeɪlɪŋz
23447	reindeer	1219300	ˈreɪnˌdɪr
23448	ono	1219081	ˈoʊnoʊ
23449	beachfront	1219052	ˈbiʧfrɑnt
23450	telegram	1219049	ˈtɛləˌgræm
23451	ruben	1218721	ˈrubən
23453	shaken	1218549	ˈʃeɪkən
23454	crosswords	1218510	ˈkrɔsˌwərdz
23455	wares	1218442	wɛrz
23458	rivalry	1218286	ˈraɪvəlri
23460	verve	1218256	vərv
23461	charley	1218174	ˈʧɑrli
23462	carpenters	1218145	ˈkɑrpəntərz
23463	spree	1218040	spri
23464	embed	1217930	ɪmˈbɛd
23465	gurus	1217822	ˈguˌruz
23466	sunk	1217793	səŋk
23467	morley	1217494	ˈmɔrli
23469	inflicted	1217476	ˌɪnˈflɪktɪd
23470	abbreviated	1217434	əˈbriviˌeɪtɪd
23471	allotted	1217411	əˈlɑtɪd
23473	drowned	1217295	draʊnd
23474	gerhard	1217254	ˈgərˌhɑrd
23475	escorted	1217210	ɛˈskɔrtɪd
23476	watersheds	1217085	ˈwɔtərˌʃɛdz
23477	brute	1216912	brut
23478	trimester	1216502	traɪˈmɛstər
23479	barracks	1216474	
23481	kidneys	1216443	ˈkɪdniz
23483	electricians	1216354	ɪlɛkˈtrɪʃənz
23484	warbler	1216351	ˈwɔrblər
23486	onward	1216039	ˈɔnwərd
23487	capricorn	1216037	ˈkæprəkɔrn
23488	kidnapping	1216019	ˈkɪdˌnæpɪŋ
23489	inducing	1215951	ˌɪnˈdusɪŋ
23490	dipped	1215912	dɪpt
23491	lancet	1215888	ˈlænsət
23492	antelope	1215883	ˈæntəˌloʊp
23494	castings	1215845	ˈkæstɪŋz
23495	flanders	1215722	ˈflændərz
23498	spectrometry	1215251	spɛkˈtrɑmətri
23499	snippet	1215241	sˈnɪpət
23500	pellets	1215032	ˈpɛləts
23502	permeability	1214520	pərˌmiəˈbɪlɪti
23503	enclosing	1214363	ɛnˈkloʊzɪŋ
23504	starred	1214232	stɑrd
23505	waukesha	1214199	wɔˈkiʃə
23506	deacon	1214127	ˈdikən
23507	kabul	1213882	ˈkɑbʊl
23508	sweeps	1213879	swips
23509	butch	1213820	bʊʧ
23512	mercure	1213575	mərˈkʊr
23514	normalization	1213382	ˌnɔrməlɪˈzeɪʃən
23515	skillet	1212990	ˈskɪlət
23516	bookcase	1212892	ˈbʊkˌkeɪs
23517	neoprene	1212726	
23520	assembling	1212486	
23521	thermo	1212207	ˈθərmoʊ
23522	diaphragm	1212110	ˈdaɪəˌfræm
23524	huber	1212001	ˈhjubər
23525	chores	1211813	ʧɔrz
23526	jarrett	1211791	ˈʤɛrət
23527	consignment	1211676	kənˈsaɪnmənt
23528	yarns	1211638	jɑrnz
23531	liv	1211265	lɪv
23533	ginseng	1211113	ˈʤɪnˌsɛŋ
23534	blackout	1211055	ˈblæˌkaʊt
23535	detergent	1211009	dɪˈtərʤənt
23536	seedlings	1210993	ˈsidlɪŋz
23537	rosetta	1210991	roʊˈzɛtə
23538	fortified	1210684	ˈfɔrtəˌfaɪd
23539	reconsideration	1210658	rikənˌsɪdərˈeɪʃən
23540	barnard	1210624	ˈbɑrnɑrd
23541	grenade	1210206	grəˈneɪd
23543	profoundly	1209930	proʊˈfaʊndli
23544	karin	1209918	ˈkɛrɪn
23545	lana	1209857	ˈlænə
23546	fontana	1209838	fɔnˈtænə
23547	bartender	1209797	ˈbɑrˌtɛndər
23548	mayfair	1209760	ˈmeɪˌfɛr
23550	maneuver	1209634	məˈnuvər
23551	kang	1209372	
23552	ridder	1209367	ˈrɪdər
23553	vanished	1209355	ˈvænɪʃt
23554	crafting	1209082	ˈkræftɪŋ
23555	lair	1209040	lɛr
23556	enclose	1209007	ɪnˈkloʊz
23558	mowers	1208690	moʊərz
23560	sinners	1208415	ˈsɪnərz
23561	policymakers	1208400	ˈpɑləsiˌmeɪkərz
23562	lille	1208368	
23563	sienna	1208342	siˈɛnə
23564	watford	1208282	ˈwɔtfərd
23565	calves	1208012	kævz
23567	defer	1207925	dɪˈfər
23568	givenchy	1207922	gɪˈvɛnʧi
23569	desmond	1207804	ˈdɛzmənd
23570	liars	1207786	laɪərz
23571	els	1207650	ɛlz
23572	sod	1207500	sɑd
23573	lacy	1207457	ˈleɪsi
23574	pharaoh	1207358	
23575	advocated	1207217	ˈædvəˌkeɪtɪd
23576	itching	1206981	ˈɪʧɪŋ
23577	alles	1206859	eɪlz
23578	reimburse	1206798	ˌriɪmˈbərs
23579	devotional	1206612	dɪˈvoʊʃənəl
23580	esperanto	1206278	ˌɛspərˈæntoʊ
23581	taft	1206273	tæft
23582	modalities	1206215	məˈdælətiz
23584	lighters	1206079	ˈlaɪtərz
23585	comparatively	1205974	kəmˈpærətɪvˌli
23586	shutting	1205847	ˈʃətɪŋ
23587	spartans	1205788	ˈspɑrtənz
23588	endemic	1205766	ɛnˈdɛmɪk
23589	tourney	1205705	ˈtərni
23590	reasoned	1205666	ˈrizənd
23591	lawton	1205651	ˈlɔtən
23593	carly	1205583	ˈkɑrli
23598	astral	1205159	ˈæstrəl
23602	parallels	1204896	ˈpɛrəˌlɛlz
23603	aimee	1204884	ˈeɪˈmi
23604	yelled	1204763	jɛld
23605	davey	1204647	ˈdeɪvi
23606	wren	1204605	rɛn
23610	terence	1204083	ˈtɛrəns
23611	hamper	1203919	ˈhæmpər
23612	balkan	1203769	ˈbɔlkən
23614	silverman	1203673	ˈsɪlvərˌmæn
23615	blurred	1203526	blərd
23616	clarifying	1203505	ˈklɛrəˌfaɪɪŋ
23617	aortic	1203393	eɪˈɔrtɪk
23619	smuggling	1203317	
23621	starcraft	1202927	ˈstɑrˌkræft
23622	martens	1202872	ˈmɑrtənz
23623	instincts	1202792	ˈɪnstɪŋkts
23624	ficken	1202700	ˈfɪkən
23625	hutton	1202649	ˈhətən
23626	masquerade	1202457	ˌmæskərˈeɪd
23627	deans	1202452	dinz
23628	structuring	1202302	ˈstrəkʧərɪŋ
23630	duality	1202153	duˈæləti
23631	sensational	1202129	sɛnˈseɪʃənəl
23632	kites	1202129	kaɪts
23634	jurisdictional	1201956	ˌʤʊrəsˈdɪkʃənəl
23635	smoother	1201781	sˈmuðər
23636	desi	1201653	ˈdɛzi
23637	cellphones	1201610	ˈsɛlˌfoʊnz
23638	expulsion	1201583	ɪkˈspəlʃən
23639	cordoba	1201447	ˌkɔrˈdoʊbə
23641	withhold	1201289	wɪθˈhoʊld
23642	romano	1201287	roʊˈmɑˌnoʊ
23643	sheppard	1201022	ˈʃɛpərd
23644	grievances	1200994	
23645	betrayed	1200949	bɪˈtreɪd
23647	folsom	1200531	ˈfoʊlsəm
23648	triggering	1200514	ˈtrɪgərɪŋ
23649	dumps	1200377	dəmps
23653	binocular	1200231	bəˈnɑkjələr
23654	buckles	1200203	ˈbəkəlz
23655	joyful	1200200	ˈʤɔɪfəl
23656	generalization	1200162	
23657	eda	1200135	ˈidə
23662	mckinley	1199853	məˈkɪnli
23663	hanks	1199778	hæŋks
23664	pancakes	1199765	ˈpænˌkeɪks
23665	dosing	1199682	ˈdoʊsɪŋ
23666	crave	1199466	kreɪv
23667	cordova	1199387	ˌkɔrˈdoʊvə
23668	strobe	1199249	stroʊb
23669	focussed	1199162	
23670	waffle	1199095	ˈwɑfəl
23671	detectable	1199069	dɪˈtɛktəbəl
23673	arrowhead	1198937	
23675	mcfarlane	1198901	məkˈfɑrlən
23676	ripple	1198877	ˈrɪpəl
23677	paycheck	1198864	ˈpeɪˌʧɛk
23678	sweeper	1198591	sˈwipər
23679	claimants	1198404	ˈkleɪmənts
23680	freelancers	1198389	ˈfriˌlænsərz
23681	consolidating	1198303	kənˈsɑləˌdeɪtɪŋ
23682	seinfeld	1198120	ˈsaɪnfɛld
23684	shen	1197926	ʃɛn
23685	goldsmith	1197840	ˈgoʊldsˌmɪθ
23686	responders	1197839	rɪˈspɑndərz
23687	inclination	1197709	ˌɪnkləˈneɪʃən
23688	keepsake	1197679	ˈkipˌseɪk
23691	measles	1197305	ˈmizəlz
23692	arcs	1197124	ɑrks
23693	upbeat	1196797	ˈəpˌbit
23694	portman	1196679	ˈpɔrtmən
23695	ayes	1196545	aɪz
23696	amenity	1196507	əˈmɛnəti
23697	donuts	1196447	ˈdoʊˌnəts
23698	salty	1196416	ˈsɔlti
23700	cuisinart	1196203	kˈwisɪˌnɑrt
23701	baptized	1196165	
23702	expelled	1196114	ɪkˈspɛld
23703	nautica	1196049	ˈnɔtəkə
23705	rupees	1195946	
23706	hanes	1195641	heɪnz
23708	betrayal	1195306	bɪˈtreɪəl
23710	schaefer	1195190	ˈʃeɪfər
23711	prototyping	1195134	ˈproʊtoʊˌtaɪpɪŋ
23713	flourish	1194963	flərɪʃ
23714	zeros	1194886	ˈzɪroʊz
23715	heed	1194819	hid
23716	mein	1194720	min
23717	sporty	1194690	ˈspɔrti
23718	graf	1194635	græf
23719	hawking	1194571	ˈhɔkɪŋ
23724	pooled	1194178	puld
23725	bora	1194117	ˈbɔrə
23726	shu	1194075	ʃu
23727	divides	1194034	dɪˈvaɪdz
23728	stabilize	1193707	ˈsteɪbəˌlaɪz
23731	composing	1193544	kəmˈpoʊzɪŋ
23732	handicrafts	1193497	ˈhændiˌkræfts
23733	healed	1193454	hild
23734	burmese	1193406	bərˈmiz
23735	clueless	1193405	ˈkluləs
23736	boon	1193354	bun
23737	sofitel	1193175	ˈsɑfəˌtɛl
23738	valor	1193133	ˈvælər
23739	pedestrians	1193075	pəˈdɛstriənz
23740	woodruff	1193004	ˈwʊdrəf
23741	southport	1192902	ˈsaʊθˌpɔrt
23744	gathers	1192558	ˈgæðərz
23745	pawn	1192557	pɔn
23746	stitched	1192536	stɪʧt
23747	camille	1192138	kəˈmil
23749	ceases	1191983	ˈsisɪz
23750	dorsal	1191905	ˈdɔrsəl
23751	transfusion	1191882	trænsfˈjuʒən
23752	sams	1191871	sæmz
23753	collie	1191722	ˈkɑli
23755	newtown	1191486	ˈnuˌtaʊn
23756	mcmillan	1191476	məkˈmɪlən
23757	hereditary	1191152	hərˈɛdəˌtɛri
23758	exaggerated	1191139	
23760	lyn	1191078	lɪn
23761	witt	1190795	wɪt
23762	buccaneers	1190784	ˌbəkəˈnirz
23765	newsflash	1190486	ˈnusflæʃ
23766	spleen	1190381	splin
23767	allotment	1190325	əˈlɑtmənt
23769	messing	1190210	ˈmɛsɪŋ
23771	multiplying	1190135	ˈməltəˌplaɪɪŋ
23772	empress	1190035	ˈɛmprɛs
23773	orbits	1189963	ˈɔrbəts
23774	budgeted	1189863	
23775	whence	1189837	
23776	bois	1189697	bwɑ
23777	slogans	1189647	sˈloʊgənz
23778	flashback	1189561	ˈflæʃˌbæk
23779	trusting	1189507	ˈtrəstɪŋ
23781	sabre	1189329	ˈseɪbər
23782	stigma	1189307	ˈstɪgmə
23783	sutter	1189190	ˈsətər
23785	knicks	1188900	nɪks
23786	abduction	1188510	
23787	ingestion	1188366	ˌɪnˈʤɛsʧən
23788	mindset	1188254	ˈmaɪndˌsɛt
23789	banda	1187929	ˈbændə
23790	attaches	1187711	əˈtæʧɪz
23791	adulthood	1187666	əˈdəlˌthʊd
23792	inject	1187647	ˌɪnˈʤɛkt
23793	tartan	1187619	ˈtɑrtən
23794	prolog	1187552	proʊˈlɑg
23795	twisting	1187497	tˈwɪstɪŋ
23796	tore	1187333	tɔr
23797	dunk	1187317	dəŋk
23798	goofy	1187234	ˈgufi
23800	mimic	1187154	ˈmɪmɪk
23801	mcintyre	1187061	ˈmæˌkɪnˌtaɪr
23802	aga	1186967	ˈɑgə
23803	guilford	1186964	ˈgɪlfərd
23804	shielding	1186790	ˈʃildɪŋ
23805	stormy	1186775	ˈstɔrmi
23809	celtics	1186705	ˈsɛltɪks
23810	heterosexual	1186643	ˌhɛtəroʊˈsɛkˌʃuəl
23811	vulgar	1186559	ˈvəlgər
23812	pathological	1186406	ˌpæθəˈlɑʤɪkəl
23815	hodge	1186264	hɑʤ
23816	snip	1186200	snɪp
23817	fascism	1186008	ˈfæˌʃɪzəm
23818	galerias	1185917	ˌgælərˈiəz
23819	trimming	1185796	ˈtrɪmɪŋ
23820	audiovisual	1185766	ˌɔdioʊˈvɪʒuəl
23821	diagnosing	1185641	ˌdaɪəgˈnoʊsɪŋ
23822	emanuel	1185579	ɪˈmænjuəl
23823	serene	1185408	sərˈin
23824	neutrino	1185359	nuˈtrinoʊ
23825	obligatory	1185319	əˈblɪgəˌtɔri
23829	corrugated	1184999	
23831	certifying	1184880	ˈsərtəˌfaɪɪŋ
23833	forbid	1184790	
23834	unhealthy	1184748	ənˈhɛlθi
23835	felicity	1184673	fɪˈlɪsəti
23839	asymptotic	1184419	ˈæsɪmpˌtɔtɪk
23840	ticks	1184410	tɪks
23841	fascination	1184058	ˌfæsəˈneɪʃən
23842	isotope	1183977	ˈaɪsəˌtoʊp
23845	locales	1183870	loʊˈkælz
23846	experimenting	1183850	ɛkˈspɛrəˌmɛntɪŋ
23847	preventative	1183776	priˈvɛntətɪv
23848	splendor	1183490	ˈsplɛndər
23849	vigil	1183443	ˈvɪʤəl
23850	robbed	1183375	rɑbd
23851	brampton	1183362	ˈbræmptən
23852	temperate	1183312	
23853	lott	1183307	lɑt
23855	meier	1182864	maɪər
23857	rebirth	1182806	riˈbərθ
23858	winona	1182765	ˈwɪnənə
23859	progressing	1182520	prəˈgrɛsɪŋ
23860	fragrant	1182515	ˈfreɪgrənt
23861	deserving	1182463	dɪˈzərvɪŋ
23862	banco	1182286	ˈbæŋkoʊ
23863	diagnoses	1182199	ˌdaɪəgˈnoʊsiz
23864	defeating	1182099	dɪˈfitɪŋ
23867	cortical	1182050	ˈkɔrtəkəl
23868	hotter	1181980	ˈhɑtər
23869	itchy	1181967	ˈɪʧi
23870	instantaneous	1181806	ˌɪnstənˈtæniəs
23871	operatives	1181576	ˈɑpərətɪvz
23872	carmichael	1181572	ˈkɑrˌmaɪkəl
23873	bulky	1181562	ˈbəlki
23874	exponent	1181496	ˈɛkˌspoʊnənt
23875	desperation	1181444	
23876	glaucoma	1181381	glɔˈkoʊmə
23877	homosexuals	1181346	ˌhoʊmoʊˈsɛkˌʃuəlz
23879	estee	1181090	ˈɛsti
23881	oversees	1180981	ˈoʊvərˌsiz
23882	parlor	1180891	ˈpɑrlər
23883	setter	1180860	ˈsɛtər
23884	odp	1180835	ˈoʊˈdiˈpi
23887	diss	1180761	dɪs
23888	monumental	1180641	
23889	olaf	1180633	ˈoʊlɑf
23890	fer	1180616	
23894	stirred	1180019	stərd
23895	subtype	1179798	ˈsəbˌtaɪp
23896	toughest	1179707	ˈtəfəst
23897	fil	1179476	fɪl
23898	facade	1179361	fəˈsɑd
23900	frankfort	1179105	ˈfræŋkfərt
23902	monograph	1178904	ˈmɑnəˌgræf
23905	literate	1178745	ˈlɪtərət
23906	booze	1178694	buz
23908	widen	1178278	ˈwaɪdən
23909	bikers	1178175	ˈbaɪkərz
23910	harcourt	1178157	ˈhɑrˌkɔrt
23911	bubba	1178018	ˈbəbə
23912	mutt	1177682	mət
23913	adjective	1177613	ˈæʤɪktɪv
23914	disciple	1177478	dɪˈsaɪpəl
23915	cipher	1177442	ˈsaɪfər
23916	orwell	1177438	ˈɔrˌwɛl
23918	arrears	1177409	ərɪrz
23919	rhythmic	1177228	ˈrɪðmɪk
23920	unaffected	1177035	ˌənəˈfɛktɪd
23921	bakeware	1176958	ˈbeɪkˌwɛr
23922	starving	1176943	ˈstɑrvɪŋ
23923	vide	1176718	vaɪd
23924	cleanser	1176623	ˈklɛnzər
23925	lennox	1176565	ˈlɛnəks
23926	sil	1176563	sɪl
23927	hearty	1176527	ˈhɑrti
23928	lonsdale	1176487	ˈlɑnsˌdeɪl
23929	triton	1176486	ˈtraɪtən
23931	velocities	1176391	vəˈlɑsətiz
23932	devine	1176339	dəˈvaɪn
23933	renewals	1176302	rɪˈnuəlz
23934	adore	1176240	əˈdɔr
23935	entertainer	1176183	
23937	colds	1175947	koʊldz
23940	thicker	1175797	ˈθɪkər
23941	weeping	1175714	ˈwipɪŋ
23944	ephedrine	1175618	ɪˈfɛdrɪn
23945	longview	1175564	ˈlɔŋvˌju
23946	closeup	1175476	ˈkloʊˈsəp
23947	venous	1175332	ˈvinəs
23949	chandeliers	1174940	ˌʃændəˈlɪz
23950	moneys	1174915	ˈməniz
23951	ouch	1174728	aʊʧ
23952	infancy	1174715	ˈɪnfənsi
23953	teflon	1174667	ˈtɛflən
23956	cleans	1174622	klinz
23957	dips	1174527	dɪps
23958	honoured	1174505	ˈɑnərd
23959	yachting	1174398	ˈjɑtɪŋ
23960	cleanse	1174251	klɛnz
23962	chilly	1173528	ˈʧɪli
23963	everton	1173526	ˈɛvərtən
23964	rosters	1173435	ˈrɑstərz
23965	herbicide	1173356	
23966	digs	1173214	dɪgz
23967	bolivar	1173166	ˈbɑləvər
23968	marlene	1173099	ˈmɑˌrlin
23969	womb	1173095	wum
23970	irritating	1172816	ˈɪrəˌteɪtɪŋ
23971	monarchy	1172749	ˈmɑnɑrki
23974	cheddar	1172483	ˈʧɛdər
23975	corset	1172480	ˈkɔrsət
23976	hinged	1172468	hɪnʤd
23982	mcclellan	1171830	məˈklɛlən
23983	attendants	1171665	əˈtɛndənts
23984	gopher	1171418	ˈgoʊfər
23985	distal	1171371	ˈdɪstəl
23986	cummins	1171350	ˈkəmɪnz
23988	frommer	1171036	ˈfrɑmər
23989	robins	1170991	ˈrɑbənz
23990	booming	1170560	ˈbumɪŋ
23992	joss	1170180	ʤɔs
23993	shortfall	1170077	ˈʃɔrtˌfɔl
23994	scandals	1170051	ˈskændəlz
23995	screamed	1170041	skrimd
23996	harmonica	1169994	hɑrˈmɑnɪkə
23997	cramps	1169978	kræmps
23998	enid	1169949	ˈinɪd
23999	geothermal	1169879	ˌʤioʊˈθərməl
24001	atlases	1169823	ˈætləsɪz
24002	kohl	1169730	koʊl
24003	herrera	1169586	hərˈɛrə
24004	digger	1169511	ˈdɪgər
24007	lewiston	1169283	ˈluəstən
24008	stowe	1169154	stoʊ
24009	fluke	1168887	fluk
24011	estes	1168709	ˈɛstiz
24012	espionage	1168656	ˈɛspiənɑʤ
24013	pups	1168445	pəps
24015	avenged	1168291	əˈvɛnʤd
24016	caches	1168115	
24017	stomp	1168038	stɑmp
24018	norte	1168018	nɔrt
24019	glade	1168016	gleɪd
24020	acidic	1167972	əˈsɪdɪk
24024	pendulum	1167816	ˈpɛnʤələm
24025	gangster	1167811	ˈgæŋstər
24027	bounces	1167784	ˈbaʊnsɪz
24028	censored	1167729	ˈsɛnsərd
24029	fascist	1167590	ˈfæʃɪst
24030	nehemiah	1167564	ˌniəˈmaɪə
24031	lido	1167509	ˈlidoʊ
24032	matchbox	1167342	ˈmæʧˌbɑks
24034	thinner	1167153	ˈθɪnər
24036	licks	1166907	lɪks
24037	soto	1166878	ˈsoʊtoʊ
24038	caste	1166877	kæst
24039	businessmen	1166763	ˈbɪznɪsˌmɛn
24040	jus	1166646	
24042	daft	1166488	dæft
24043	sampson	1166451	ˈsæmpsən
24044	incubator	1166449	ˈɪŋkjəˌbeɪtər
24045	experiential	1166382	ɛkˌspɛriˈɛnʃəl
24046	psyche	1166306	ˈsaɪki
24047	eraser	1166247	
24048	rudolf	1166229	
24049	angling	1166195	ˈæŋglɪŋ
24050	jordanian	1166082	ˌʤɔrˈdeɪniən
24052	libra	1165757	ˈlibrɑ
24054	stubborn	1165445	ˈstəbərn
24055	diplomats	1165251	ˈdɪpləˌmæts
24056	physicist	1165020	ˈfɪzɪsɪst
24058	tagalog	1164866	ˈtægəˌlɑg
24059	coo	1164824	ku
24061	requiem	1164661	ˈrɛkwiəm
24064	nonprofits	1164506	ˈnɑnˈprɑfɪts
24066	bleu	1164481	blu
24067	redeemed	1164450	rɪˈdimd
24069	sighed	1164310	saɪd
24070	lures	1164163	lʊrz
24071	ethylene	1164058	ˈɛθəˌlin
24072	slows	1163999	sloʊz
24074	inhibits	1163694	ˌɪnˈhɪbəts
24075	bavaria	1163680	bəˈvɛriə
24076	devastation	1163666	ˌdɛvəˈsteɪʃən
24077	exploratory	1163652	ɪkˈsplɔrəˌtɔri
24078	spectrometer	1163594	spɛkˈtrɑmətər
24079	heroine	1163455	ˈhɛroʊən
24080	bingham	1163408	ˈbɪŋgəm
24081	achilles	1163397	əˈkɪliz
24085	flaps	1163036	flæps
24086	inset	1162898	ˈɪnˌsɛt
24087	indifferent	1162837	
24089	cadence	1162711	ˈkeɪdəns
24090	frosted	1162704	
24091	schubert	1162692	ˈʃubərt
24092	rhine	1162642	raɪn
24093	manifested	1162641	ˈmænəˌfɛstəd
24095	denominations	1162579	dɪˌnɔməˈneɪʃənz
24096	interrupts	1162573	ˌɪntərˈəpts
24097	openers	1162298	ˈoʊpənərz
24098	rattle	1162261	ˈrætəl
24099	shasta	1161985	ˈʃæstə
24100	dob	1161965	dɑb
24103	insults	1161798	
24104	oatmeal	1161768	ˈoʊtˌmil
24105	fallon	1161513	ˈfælən
24106	marta	1161440	ˈmɑrtə
24107	distilled	1161329	dɪˈstɪld
24108	stricken	1161119	ˈstrɪkən
24109	sidekick	1161100	ˈsaɪdˌkɪk
24112	rewriting	1160587	riˈraɪtɪŋ
24113	bahama	1160583	bəˈhɑmə
24114	unrest	1160513	ənˈrɛst
24116	loretta	1160225	lərˈɛtə
24117	cascades	1160207	kæˈskeɪdz
24118	druid	1160196	druɪd
24119	dunbar	1160179	ˈdənbɑr
24120	outsider	1160162	aʊtˈsaɪdər
24122	dax	1160128	dæks
24124	abstinence	1160063	ˈæbstənəns
24125	allocating	1159986	ˈæləˌkeɪtɪŋ
24126	newell	1159830	nuəl
24127	juveniles	1159818	
24129	nag	1159702	næg
24130	poodle	1159696	ˈpudəl
24131	wunder	1159650	ˈwəndər
24132	stefano	1159471	ˈstɛfənoʊ
24134	sitter	1159109	ˈsɪtər
24136	colder	1159029	ˈkoʊldər
24137	laborers	1158941	ˈleɪbərərz
24138	tasmanian	1158924	ˌtæzˈmeɪniən
24139	hydrocarbon	1158791	ˌhaɪdroʊˈkɑrbən
24140	lobbyist	1158764	ˈlɑbiəst
24141	kelvin	1158690	
24142	whispers	1158619	
24143	secondhand	1158335	ˈsɛkənˌdhænd
24145	swarm	1158175	swɔrm
24146	elise	1157976	əˈlis
24149	clientele	1157771	ˌklaɪənˈtɛl
24150	ledge	1157598	lɛʤ
24151	winthrop	1157573	ˈwɪnθrəp
24155	peasants	1157447	ˈpɛzənts
24156	nectar	1157393	ˈnɛktər
24159	anecdotes	1157336	ˈænɪkˌdoʊts
24161	bureaucratic	1157025	ˌbjʊrəˈkrætɪk
24162	gilt	1157006	gɪlt
24163	masterpieces	1156953	
24164	cooperatives	1156924	koʊˈɑprətɪvz
24165	raceway	1156900	ˈreɪsˌweɪ
24166	sopranos	1156891	səˈprænoʊz
24167	symbolism	1156872	ˈsɪmbəˌlɪzəm
24168	monsoon	1156756	mɑnˈsun
24171	terrell	1156533	ˈtɛrəl
24173	closings	1156205	ˈkloʊzɪŋz
24174	registrars	1156172	ˈrɛʤɪˌstrɑrz
24176	drown	1156106	draʊn
24177	strife	1156084	straɪf
24178	esprit	1155937	ɛˈspri
24179	faye	1155766	feɪ
24181	attaining	1155741	əˈteɪnɪŋ
24182	lakeview	1155649	ˈleɪkvˌju
24183	consular	1155600	ˈkɑnsələr
24185	tunneling	1155527	ˈtənəlɪŋ
24186	treason	1155400	ˈtrizən
24187	reckon	1155335	ˈrɛkən
24188	gaston	1155324	ˈgæstən
24189	prosper	1155265	ˈprɑspər
24190	napier	1155222	ˈneɪpiər
24191	methamphetamine	1155164	
24192	supremacy	1155145	səˈprɛməsi
24193	murals	1154937	mˈjʊrəlz
24194	capillary	1154362	ˈkæpəˌlɛri
24195	germain	1154136	ʤərˈmeɪn
24197	bangs	1154062	bæŋz
24198	asic	1154035	ˈæzɪk
24199	knockout	1153966	ˈnɑˌkaʊt
24200	radon	1153935	ˈreɪˌdɑn
24202	anchored	1153474	ˈæŋkərd
24203	yong	1153459	jɔŋ
24204	vers	1153450	vərs
24205	mulberry	1153421	ˈməlˌbɛri
24206	sinful	1153153	ˈsɪnfəl
24208	cheeses	1152848	ˈʧizɪz
24210	bradshaw	1152734	ˈbrædˌʃɔ
24211	timelines	1152650	ˈtaɪmlaɪnz
24212	mythical	1152422	
24213	abyss	1152408	əˈbɪs
24214	roget	1152376	roʊˈʒeɪ
24215	cristina	1152297	krɪˈstinə
24217	whitehall	1152191	
24219	autoimmune	1152087	ˌɔˈtɔɪmjun
24220	coder	1152037	ˈkoʊdər
24221	replicated	1152035	ˈrɛplɪˌkeɪtɪd
24222	pom	1152017	pɔm
24223	timetables	1151874	ˈtaɪmˌteɪbəlz
24224	kline	1151736	klaɪn
24225	anorexia	1151696	ˌænərˈɛksiə
24228	clipping	1151299	ˈklɪpɪŋ
24229	workplaces	1151267	ˈwərkˌpleɪsɪz
24230	niece	1151039	nis
24231	irresponsible	1151026	ˌɪrəˈspɑnsəbəl
24232	harpercollins	1150983	ˈhɑrpərˈkɔlɪnz
24233	pleas	1150940	pliz
24234	softer	1150923	
24236	paralysis	1150763	
24237	heartburn	1150762	ˈhɑrtˌbərn
24238	devastated	1150759	
24239	empathy	1150746	ˈɛmpəθi
24241	tarzan	1150597	
24242	motivating	1150453	ˈmoʊtəˌveɪtɪŋ
24243	clockwise	1150363	ˈklɑkˌwaɪz
24244	shutters	1150202	ˈʃətərz
24245	flask	1150132	flæsk
24246	arisen	1150039	ərˈɪzən
24248	relentless	1149916	rɪˈlɛntlɪs
24249	ribbed	1149880	rɪbd
24250	omnibus	1149829	ˈɑmnəbəs
24251	stables	1149823	ˈsteɪbəlz
24252	frisco	1149767	ˈfriskoʊ
24253	inhabited	1149721	ˌɪnˈhæbətəd
24255	untold	1149599	ənˈtoʊld
24256	observable	1149409	əbˈzərvəbəl
24257	mitzvah	1149399	ˈmɪtsvə
24258	gretchen	1149394	ˈgrɛʧən
24259	chong	1149303	ʧɔŋ
24260	lanterns	1149215	ˈlæntərnz
24261	tulips	1149010	ˈtulɪps
24262	bashing	1148941	ˈbæʃɪŋ
24263	boosters	1148923	ˈbustərz
24265	vigorously	1148581	ˈvɪgərəsli
24266	interfering	1148534	
24267	grupo	1148201	ˈgrupoʊ
24268	idols	1147911	ˈaɪdəlz
24269	designating	1147879	ˈdɛzɪgˌneɪtɪŋ
24270	mikhail	1147872	
24271	denominator	1147752	dɪˈnɑməˌneɪtər
24272	nugget	1147435	ˈnəgɪt
24273	reminding	1147429	riˈmaɪndɪŋ
24274	gusts	1147366	gəsts
24280	islamabad	1146741	ˌɪsˈlæməbæd
24281	magistrates	1146738	ˈmæʤɪˌstreɪts
24282	freestanding	1146641	ˈfriˌstændɪŋ
24283	resilient	1146560	rɪˈzɪljənt
24284	procession	1146478	
24285	eyewitness	1146458	ˈaɪˈwɪtnəs
24286	spiritually	1146331	ˈspɪrɪˌʧuəˌli
24287	spartanburg	1146292	ˈspɑrtənˌbərg
24288	hippo	1146063	ˈhɪpoʊ
24290	tenancy	1146050	ˈtɛnənsi
24291	attentive	1146029	əˈtɛntɪv
24292	rupture	1145976	ˈrəpʧər
24294	assimilation	1145825	əˌsɪməˈleɪʃən
24295	lyrical	1145693	ˈlɪrɪkəl
24298	clements	1145220	ˈklɛmənts
24300	concorde	1144903	ˈkɑnˌkɔrd
24301	angelica	1144808	
24302	braided	1144706	ˈbreɪdɪd
24303	ticketing	1144683	ˈtɪkətɪŋ
24304	heterogeneity	1144613	
24305	wooded	1144287	ˈwʊdɪd
24306	bodied	1144243	ˈbɑdid
24307	intensely	1144112	ˌɪnˈtɛnsli
24308	dudes	1144089	djudz
24309	maytag	1144054	ˈmeɪˌtæg
24310	norco	1143881	ˈnɔrkoʊ
24311	altos	1143776	
24312	sleeved	1143664	slivd
24313	overs	1143660	ˈoʊvərz
24315	propelled	1143427	prəˈpɛld
24316	artisans	1143402	ˈɑrtəzənz
24317	bastards	1143397	ˈbæstərdz
24318	bassett	1143338	ˈbæsɪt
24319	aspiration	1143291	ˌæspərˈeɪʃən
24320	appended	1143227	əˈpɛndɪd
24321	scully	1143151	ˈskəli
24322	cellulose	1143131	ˈsɛljəˌloʊs
24323	cathode	1143031	ˈkæˌθoʊd
24326	slammed	1142783	slæmd
24327	aviator	1142767	ˈeɪviˌeɪtər
24328	implicated	1142711	ˈɪmplɪˌkeɪtɪd
24329	seriousness	1142658	ˈsɪriəsnəs
24331	intimidation	1142172	ˌɪnˌtɪmɪˈdeɪʃən
24332	paladin	1141998	ˈpælədɪn
24334	nests	1141883	nɛsts
24335	civilized	1141850	ˈsɪvəˌlaɪzd
24336	marched	1141750	mɑrʧt
24337	digitized	1141575	ˈdɪʤəˌtaɪzd
24338	rotated	1141540	ˈroʊˌteɪtɪd
24339	gaia	1141431	gaɪə
24340	motown	1141421	ˈmoʊˌtaʊn
24341	cassandra	1141291	kəˈsændrə
24342	pryor	1141248	praɪər
24344	sato	1141078	ˈsɑtoʊ
24345	greeley	1141010	ˈgrili
24347	sighted	1140733	
24348	agro	1140502	ˈægroʊ
24349	hopping	1140486	ˈhɑpɪŋ
24350	ramos	1140412	
24352	destin	1140373	ˈdɛstɪn
24353	citibank	1140361	ˈsɪtiˌbæŋk
24354	rosary	1140145	ˈroʊzəri
24355	scotty	1140138	ˈskɑti
24357	platoon	1139832	pləˈtun
24358	meridien	1139767	mərˈɪdiən
24360	brunettes	1139609	bruˈnɛts
24361	bic	1139498	bɪk
24362	andres	1139473	
24363	loneliness	1139466	ˈloʊnlinəs
24365	pulley	1139390	ˈpʊli
24367	alleging	1139024	əˈlɛʤɪŋ
24368	endo	1138928	ˈɛndoʊ
24369	unhelpful	1138852	ənˈhɛlpfəl
24370	synonymous	1138788	səˈnɑnəməs
24371	confectionery	1138693	kənˈfɛkʃəˌnɛri
24372	regrets	1138347	rɪˈgrɛts
24373	consciously	1138251	ˈkɑnʃəsli
24374	microorganisms	1138217	ˌmaɪkroʊˈɔrgəˌnɪzəmz
24376	twister	1137848	tˈwɪstər
24377	footprints	1137798	ˈfʊtˌprɪnts
24378	krakow	1137794	
24379	sequoia	1137652	sɪkˈwɔɪə
24381	activator	1137547	ˈæktəˌveɪtər
24382	priscilla	1137487	prɪˈsɪlə
24384	familial	1137440	fəˈmɪljəl
24385	stimulates	1137437	ˈstɪmjəˌleɪts
24386	marquee	1137374	mɑrˈki
24387	darkest	1137316	ˈdɑrkəst
24388	implying	1137239	ˌɪmˈplaɪɪŋ
24389	conducive	1137118	kənˈdusɪv
24390	resilience	1137097	
24392	uncontrolled	1136988	ˌənkənˈtroʊld
24393	ballads	1136796	ˈbælədz
24394	seton	1136773	ˈsitən
24395	makita	1136630	məˈkitə
24396	subgroups	1136569	ˈsəbˌgrups
24397	catchy	1136483	ˈkæˌʧi
24399	mathew	1136396	ˈmæθju
24400	tig	1136370	tɪg
24402	hugely	1136221	ˈhjuʤli
24403	bobcats	1136192	ˈbɑbˌkætz
24404	sevilla	1136190	sɛˈvɪlə
24405	zappa	1136157	ˈzæpə
24407	hostages	1136029	ˈhɑstəʤəz
24409	swahili	1135933	swɑˈhili
24411	rosario	1135784	roʊˈzɑrioʊ
24413	enrolling	1135687	ɛnˈroʊlɪŋ
24414	fruitful	1135613	ˈfrutfəl
24415	franks	1135609	fræŋks
24416	commercialization	1135539	kəˌmərʃəlɪˈzeɪʃən
24417	indemnify	1135404	ˌɪnˈdɛmnəˌfaɪ
24419	satisfactorily	1135339	ˌsætɪsˈfæktrəli
24420	thinker	1135177	ˈθɪŋkər
24421	contestants	1135064	kənˈtɛstənts
24423	cataloging	1135000	ˈkætəlɔgɪŋ
24424	snowboards	1134873	sˈnoʊˌbɔrdz
24425	influx	1134784	ˈɪnˌfləks
24426	convoy	1134689	ˈkɑnˌvɔɪ
24427	sami	1134584	ˈsæmi
24428	tesla	1134572	
24429	sled	1134521	slɛd
24430	elan	1134393	ˈilən
24432	pyramids	1134140	ˈpɪrəmɪdz
24433	ingrid	1134100	ˈɪŋgrɪd
24434	longman	1134031	ˈlɔŋmən
24435	depended	1133997	
24436	unleaded	1133978	ənˈlɛdəd
24437	conveyance	1133899	kənˈveɪəns
24438	mesquite	1133843	ˈmɛˌskit
24439	kroner	1133825	ˈkroʊnər
24440	tortoise	1133746	ˈtɔrtəs
24441	milo	1133667	ˈmaɪloʊ
24442	cultivate	1133655	ˈkəltəˌveɪt
24447	inhibitory	1133408	ˌɪnˈhɪbəˌtɔri
24448	phonics	1133211	ˈfɑnɪks
24449	crocker	1133130	ˈkrɑkər
24452	dialogues	1132697	ˈdaɪəˌlɔgz
24455	meningitis	1132621	ˌmɛnənˈʤaɪtəs
24456	motivations	1132527	ˌmoʊtəˈveɪʃənz
24457	rees	1132483	riz
24458	asteroid	1132460	ˈæstərˌɔɪd
24460	abolition	1132361	ˌæbəˈlɪʃən
24461	coax	1132263	koʊks
24462	padre	1132184	ˈpæˌdreɪ
24463	endings	1132071	ˈɛndɪŋz
24465	lees	1131797	liz
24466	unlisted	1131675	ənˈlɪstɪd
24468	conductive	1131505	kənˈdəktɪv
24470	mari	1131314	ˈmɑri
24471	quattro	1131049	kˈwɔtroʊ
24473	foresight	1130887	ˈfɔrˌsaɪt
24474	microscopes	1130559	ˈmaɪkrəˌskoʊps
24475	kenmore	1130433	ˈkɛnˌmɔr
24476	peppermint	1130344	ˈpɛpərˌmɪnt
24477	reagent	1130288	
24478	tod	1130210	tɑd
24479	castillo	1130206	
24480	achievable	1130204	əˈʧivəbəl
24481	remnants	1130064	ˈrɛmnənts
24483	glamorous	1129825	ˈglæmərəs
24484	interacts	1129714	
24485	litchfield	1129701	ˈlɪʧfild
24486	lavoro	1129632	ləˈvɔroʊ
24487	nailed	1129590	neɪld
24488	alum	1129510	
24491	frantic	1129446	ˈfræntɪk
24492	zachary	1129405	ˈzækəri
24493	venezia	1129344	vɛˈnɛziə
24494	comrades	1129180	ˈkɑmˌrædz
24495	yamamoto	1129166	jɑmɑˈmoʊtoʊ
24496	zhu	1129110	ʒu
24497	cocoon	1129091	kəˈkun
24498	interleukin	1129044	ˌɪntərˈlukɪn
24499	flashcards	1128986	ˈflæʃˌkɑrdz
24501	doth	1128975	dɔθ
24502	gladys	1128937	ˈglædɪs
24503	interception	1128911	
24504	voltages	1128852	
24506	kip	1128817	kɪp
24507	bowers	1128617	baʊərz
24508	strengthens	1128566	ˈstrɛŋθənz
24511	qual	1128429	kwɑl
24512	dictatorship	1128173	dɪkˈteɪtərˌʃɪp
24515	breezy	1128129	ˈbrizi
24516	plow	1128101	plaʊ
24517	pisces	1127882	ˈpaɪsiz
24520	hemingway	1127716	ˈhɛmɪŋˌweɪ
24522	mundane	1127622	mənˈdeɪn
24524	rendition	1127385	rɛnˈdɪʃən
24526	yun	1127098	jən
24527	douglass	1127093	ˈdəgləs
24528	sourcebook	1127090	ˈsɔrsˌbʊk
24529	barclay	1126940	
24530	hui	1126915	huɪ
24531	matador	1126894	ˈmætəˌdɔr
24532	smut	1126845	smət
24534	dang	1126793	dæŋ
24535	bradenton	1126779	ˈbrædəntən
24536	foes	1126711	foʊz
24538	bilbao	1126601	bɪlˈbaʊ
24539	cloths	1126596	klɔθs
24540	ewan	1126517	juən
24542	akai	1126424	əˈkaɪ
24543	deletes	1126406	dɪˈlits
24544	clowns	1126361	klaʊnz
24545	adjudication	1126202	əˌʤudəˈkeɪʃən
24546	lombard	1126144	ˈlɑmbɑrd
24547	barren	1126022	
24550	rasmussen	1125916	ˈræsməsən
24551	plead	1125870	plid
24552	bibliographies	1125785	ˌbɪbliˈɑgrəfiz
24553	milne	1125770	mɪln
24554	behaved	1125698	bɪˈheɪvd
24555	embargo	1125637	ɛmˈbɑrgoʊ
24556	condensation	1125621	ˌkɑndənˈseɪʃən
24558	yokohama	1125476	ˌjoʊkəˈhɑmə
24559	unplugged	1125423	
24560	vow	1125355	vaʊ
24562	currie	1124911	ˈkəri
24564	neff	1124753	nɛf
24565	claudio	1124668	ˈklɔdiˌoʊ
24566	blot	1124603	blɑt
24568	commentator	1124548	ˈkɑmənˌteɪtər
24569	tailgate	1124504	ˈteɪlˌgeɪt
24570	patterned	1124478	ˈpætərnd
24571	sheen	1124463	ʃin
24572	hollis	1124358	ˈhɑlɪs
24573	specter	1124220	ˈspɛktər
24574	imam	1124147	ˈaɪmæm
24575	lanier	1124012	ləˈnɪr
24576	overseeing	1123972	ˈoʊvərˌsiɪŋ
24577	escalation	1123968	ˌɛskəˈleɪʃən
24578	assent	1123944	əˈsɛnt
24579	hove	1123562	hoʊv
24580	shading	1123541	ˈʃeɪdɪŋ
24581	polymorphism	1123494	ˌpɑˌliˈmɔrfɪzm
24582	semitism	1123470	ˈsɛmɪˌtɪzəm
24583	sevenfold	1123401	ˈsɛvənˌfoʊld
24585	woodbury	1123206	ˈwʊdˌbɛri
24586	scrubbed	1123114	skrəbd
24587	warts	1122886	wɔrts
24589	epidemiological	1122731	ˌɛpɪˌdiˌmiəˈlɑʤɪkəl
24590	medic	1122716	ˈmɛdɪk
24591	roundabout	1122610	ˈraʊndəˌbaʊt
24592	harmed	1122572	hɑrmd
24593	paternity	1122549	pəˈtərnɪti
24594	conceal	1122483	kənˈsil
24595	grail	1122474	greɪl
24596	starvation	1122432	stɑrˈveɪʃən
24597	espana	1122280	ɛˈspænjə
24598	horne	1122252	hɔrn
24599	nostalgic	1122249	nɔˈstælʤɪk
24600	appointing	1121851	əˈpɔɪntɪŋ
24601	aldrich	1121843	ˈɔldrɪʧ
24602	tabled	1121800	ˈteɪbəld
24603	farsi	1121767	ˈfɑrsi
24604	excelsior	1121611	ɪkˈsɛlsiər
24605	seine	1121610	seɪn
24606	rial	1121550	raɪəl
24607	flowed	1121468	floʊd
24608	greenspan	1121272	ˈgrinˌspæn
24609	dhabi	1121272	ˈdɑbi
24610	sewn	1121181	soʊn
24614	andrei	1120271	ˈænˌdreɪ
24615	frazier	1120238	ˈfreɪʒər
24616	zulu	1120236	ˈzuˌlu
24617	criminology	1120106	ˌkrɪmɪˈnɑləʤi
24619	barnet	1120008	ˈbɑrnɪt
24620	jeanette	1119942	ʤəˈnɛt
24621	rift	1119873	rɪft
24623	lapel	1119712	ləˈpɛl
24625	talkin	1119630	ˈtɑkən
24627	syd	1119496	sɪd
24629	hangover	1119315	ˈhæˌŋoʊvər
24630	capitalize	1119296	ˈkæpətəˌlaɪz
24632	turk	1119068	tərk
24634	boomers	1118934	ˈbumərz
24635	wedgwood	1118901	ˈwɛʤˌwʊd
24636	cupboard	1118886	ˈkəbərd
24637	mcdermott	1118885	məkˈdərmət
24638	youngs	1118868	jəŋz
24639	archipelago	1118546	
24640	peep	1118456	pip
24641	deceptive	1118289	dɪˈsɛptɪv
24642	undertakings	1118260	ˈəndərˌteɪkɪŋz
24643	lep	1118170	lɛp
24644	grossman	1118097	ˈgroʊsmən
24645	pecan	1118027	
24646	tinted	1117991	ˈtɪntɪd
24649	congratulate	1117780	kənˈgræʧəˌleɪt
24650	benzene	1117769	
24652	topper	1117695	ˈtɑpər
24653	constance	1117681	ˈkɑnstəns
24655	manny	1117673	ˈmæni
24656	arse	1117611	ɑrs
24657	osteoarthritis	1117604	ˌɑstiˌoʊɑrθˈraɪtəs
24658	westlake	1117418	ˈwɛˌstleɪk
24659	czechoslovakia	1117405	ˌʧɛkəsloʊˈvɑkiə
24660	vanishing	1117349	ˈvænɪʃɪŋ
24661	addictions	1117009	əˈdɪkʃənz
24662	legislator	1116864	ˈlɛʤəsˌleɪtər
24664	judo	1116748	ˈʤuˌdoʊ
24665	mizuno	1116719	mɪˈzunoʊ
24666	notifying	1116655	ˈnoʊtəˌfaɪɪŋ
24667	aches	1116644	eɪks
24668	palmetto	1116605	
24669	kitchener	1116553	
24670	telco	1116242	ˈtɛlkoʊ
24672	leaked	1116105	likt
24674	electrolux	1115876	ˌɛˈlɛktrələks
24675	genera	1115824	ˈʤɛnərə
24677	sparked	1115748	spɑrkt
24678	idioms	1115741	ˈɪdiəmz
24679	gardiner	1115695	ˈgɑrdnər
24680	qualcomm	1115616	kˈwɑlˌkɑm
24681	whitaker	1115526	
24683	poisonous	1115469	ˈpɔɪzənəs
24685	connelly	1115138	ˈkɑnəli
24686	chime	1115076	ʧaɪm
24687	spence	1115055	spɛns
24688	conner	1114986	ˈkɑnər
24689	hospitalized	1114878	ˈhɑspɪtəˌlaɪzd
24690	mischief	1114861	ˈmɪsʧəf
24692	argent	1114728	ˈɑrʤɪnt
24694	delinquency	1114518	dɪˈlɪŋkwənsi
24695	cana	1114443	ˈkænə
24697	cou	1114097	ku
24698	entitlements	1114046	ɛnˈtaɪtəlmənts
24699	wingate	1113966	ˈwɪnˌgeɪt
24700	healey	1113966	ˈhili
24701	sentimental	1113911	
24702	unsuitable	1113908	ənˈsutəbəl
24703	mildly	1113894	ˈmaɪldli
24706	soybeans	1113467	ˈsɔɪˌbinz
24708	forging	1113430	ˈfɔrʤɪŋ
24709	pew	1113421	pju
24710	electrostatic	1113374	ˌɪˌlɛktroʊˈstætɪk
24711	topological	1113296	təpəˈlɑʤɪkəl
24712	waitress	1113106	ˈweɪtrəs
24713	coz	1113081	kɑz
24714	oversize	1113072	ˌoʊvərˈsaɪz
24715	westinghouse	1112917	ˈwɛstɪŋˌhaʊs
24717	caribou	1112781	ˈkɛrɪˌbu
24718	merced	1112695	mərst
24720	rios	1112677	ˈrioʊs
24721	expansive	1112609	ɪkˈspænsɪv
24722	footing	1112584	ˈfʊtɪŋ
24723	craftsmanship	1112478	
24724	manu	1112399	ˈmɑˌnu
24726	pyle	1112227	paɪl
24727	seuss	1112091	sus
24729	cheetah	1111796	ˈʧitə
24731	remit	1111713	riˈmɪt
24732	bonnet	1111710	ˈbɑnət
24733	competed	1111700	kəmˈpitɪd
24734	stumble	1111648	ˈstəmbəl
24735	fridges	1111508	ˈfrɪʤəz
24736	undertook	1111486	ˌəndərˈtʊk
24737	hatchery	1111360	ˈhæʧəri
24738	judgements	1111341	ˈʤəʤmənts
24739	promenade	1111165	ˌprɑməˈneɪd
24740	exhaustion	1111143	ɪgˈzɔsʧən
24741	unborn	1110992	ˈənˈbɔrn
24743	wendell	1110830	ˈwɛndəl
24745	corbett	1110767	ˈkɔrbɪt
24748	hammers	1110481	ˈhæmərz
24749	fingerprints	1110433	ˈfɪŋgərˌprɪnts
24751	coasts	1110228	koʊsts
24752	cheesy	1110227	ˈʧizi
24753	emitting	1110155	ɪˈmɪtɪŋ
24755	concur	1109964	kənˈkər
24756	exert	1109622	ɪgˈzərt
24757	madeline	1109233	ˈmædəlɪn
24758	sanskrit	1109184	ˈsænskrɪt
24760	torre	1108981	tɔr
24761	winfield	1108967	ˈwɪnˌfild
24762	pinto	1108872	ˈpɪnˌtoʊ
24763	worldly	1108744	ˈwərldli
24764	wedges	1108674	
24765	corded	1108666	ˈkɔrdəd
24766	heirloom	1108649	ˈɛˌrlum
24767	pleasantly	1108641	ˈplɛzəntli
24769	jana	1108260	ˈʤænə
24770	portray	1108235	pɔrˈtreɪ
24771	martindale	1108201	ˈmɑrtɪndeɪl
24772	pero	1107908	pəroʊ
24774	esoteric	1107813	
24776	messengers	1107624	ˈmɛsənʤərz
24778	mays	1107597	meɪz
24779	risc	1107557	rɪsk
24781	oboe	1106911	ˈoʊboʊ
24782	landings	1106841	ˈlændɪŋz
24783	graphically	1106821	ˈgræfɪkli
24784	shameless	1106631	ˈʃeɪmləs
24786	hurd	1106502	hərd
24788	communicates	1106439	kəmˈjunɪˌkeɪts
24791	hematology	1106193	
24792	bourgeois	1106120	
24793	yeh	1105898	jɛ
24794	napkins	1105787	ˈnæpkɪnz
24795	expressway	1105782	ɪkˈsprɛsˌweɪ
24796	unloading	1105668	ənˈloʊdɪŋ
24797	steelhead	1105655	ˈstiˌlhɛd
24798	bakers	1105635	ˈbeɪkərz
24799	selma	1105565	ˈsɛlmə
24800	pears	1105539	pɛrz
24801	heats	1105492	hits
24802	ahh	1105375	ɑ
24803	lucid	1105349	ˈlusɪd
24804	turntables	1105315	ˈtərnˌteɪbəlz
24805	lindholm	1105240	ˈlɪnˌdhoʊlm
24806	lobe	1105229	loʊb
24807	clooney	1105158	ˈkluni
24808	facilitators	1105157	fəˈsɪləˌteɪtərz
24809	mcnamara	1105065	ˈmæknəˌmɛrə
24810	shiva	1105044	ˈʃivə
24811	canaan	1104947	ˈkeɪnən
24813	kenyan	1104746	
24814	wynn	1104635	wɪn
24815	oppressed	1104591	əˈprɛst
24816	infer	1104540	ˌɪnˈfər
24818	prosecute	1104300	ˈprɑsəˌkjut
24819	motorbike	1104251	ˈmoʊtərˌbaɪk
24820	niles	1104088	naɪlz
24821	thatcher	1103923	ˈθæʧər
24822	zippo	1103856	ˈzɪpoʊ
24823	sergei	1103798	
24824	bret	1103761	brɛt
24825	upfront	1103742	ˈəpˌfrənt
24826	hauling	1103666	ˈhɔlɪŋ
24827	inconsistencies	1103637	ˌɪŋˈkɑnsɪˌstɛnsiz
24828	battlefront	1103478	ˈbætəlˌfrənt
24829	gosh	1103443	gɑʃ
24830	indebtedness	1103434	ˌɪnˈdɛtɪdnɪs
24832	scramble	1103257	ˈskræmbəl
24833	adversary	1103245	ˈædvərˌsɛri
24835	elsa	1103039	ˈɛlsə
24836	quaint	1102986	kweɪnt
24837	addicting	1102911	əˈdɪktɪŋ
24838	gerd	1102875	gərd
24839	oswald	1102778	ˈɔzwɔld
24840	dipping	1102643	ˈdɪpɪŋ
24841	copa	1102329	ˈkoʊpə
24843	revere	1102020	rɪˈvɪr
24844	troopers	1101939	ˈtrupərz
24847	tektronix	1101834	ˌtɛkˈtrɑnɪks
24849	mccullough	1101740	məˈkələ
24850	domaine	1101605	doʊˈmeɪn
24852	olde	1101584	oʊld
24853	guerra	1101562	gˈwɛrə
24854	solemn	1101329	ˈsɑləm
24857	eruption	1101076	
24859	celeste	1100853	səˈlɛst
24860	deployments	1100842	dɪˈplɔɪmənts
24861	stearns	1100809	stərnz
24862	gentry	1100809	ˈʤɛntri
24863	insurgency	1100757	ˌɪnˈsərʤənsi
24864	boyer	1100709	bɔɪər
24865	behringer	1100672	ˈbɛrɪŋər
24868	perceptual	1100348	pərˈsɛpʧəwəl
24869	enchanting	1100168	
24871	preached	1099944	priʧt
24873	mica	1099816	ˈmaɪkə
24876	ott	1099626	ɑt
24878	cadets	1099573	kəˈdɛts
24879	lads	1099545	lædz
24880	rambler	1099485	ˈræmblər
24881	drywall	1099391	ˈdraɪˌwɑl
24882	endured	1099349	
24884	fermentation	1099267	ˌfərmənˈteɪʃən
24885	suzy	1099243	ˈsuzi
24886	dekalb	1098967	dɪˈkælb
24887	sumo	1098965	ˈsumoʊ
24888	careless	1098944	ˈkɛrlɛs
24891	chemists	1098786	ˈkɛmɪsts
24892	inca	1098645	ˈɪŋkə
24893	fad	1098363	fæd
24894	julien	1098258	ˈʤuliən
24895	tse	1098204	
24896	dandy	1098188	ˈdændi
24897	refurbishment	1098172	riˈfərbɪʃmənt
24900	grassland	1097973	ˈgræsˌlænd
24901	jeffery	1097821	ˈʤɛfəri
24902	narcotic	1097767	nɑrˈkɑtɪk
24903	councilman	1097516	ˈkaʊnsəlmən
24904	moulin	1097459	muˈlæn
24905	swaps	1097437	swɑps
24906	unbranded	1097415	ənˈbrændɪd
24907	astronauts	1097341	ˈæstrəˌnɔts
24908	lockers	1097284	ˈlɑkərz
24909	lookups	1097265	ˈlʊkəps
24910	paine	1097105	peɪn
24911	incompetent	1096963	ˌɪnˈkɑmpətənt
24912	attackers	1096957	əˈtækərz
24913	actuator	1096953	
24915	reston	1096802	ˈrɛstən
24917	reinstall	1096678	ˌriɪnˈstɑl
24918	lander	1096557	ˈlændər
24919	predecessors	1096468	ˈprɛdəˌsɛsərz
24920	lancer	1096415	ˈlænsər
24921	coby	1096354	ˈkoʊbi
24922	sorcerer	1096310	ˈsɔrsərər
24923	fishers	1096299	ˈfɪʃərz
24924	invoking	1096213	ˌɪnˈvoʊkɪŋ
24925	muffin	1096202	ˈməfən
24926	motherhood	1096193	ˈməðərˌhʊd
24928	methanol	1096088	ˈmɛθəˌnɑl
24929	miscellany	1096085	ˈmɪsəˌleɪni
24931	simplifying	1096075	ˈsɪmpləˌfaɪɪŋ
24932	slowdown	1096062	sˈloʊˌdaʊn
24933	dressings	1096041	ˈdrɛsɪŋz
24934	bridesmaid	1095969	ˈbraɪdzˌmeɪd
24935	transistors	1095939	trænˈzɪstərz
24936	partridge	1095499	
24937	synod	1095269	ˈsɪnəd
24938	noticing	1095262	ˈnoʊtɪsɪŋ
24940	colgate	1095101	ˈkoʊlgeɪt
24941	lousy	1095083	ˈlaʊzi
24943	foreseeable	1095016	fɔrˈsiəbəl
24945	nutritionists	1094916	nuˈtrɪʃənɪsts
24946	newmarket	1094727	ˈnuˌmɑrkət
24947	amigo	1094662	əˈmiˌgoʊ
24948	discerning	1094604	dɪˈsərnɪŋ
24950	caddy	1094377	ˈkædi
24951	berkley	1094316	ˈbərkli
24952	resistors	1094244	rɪˈzɪstərz
24953	burrows	1094175	bəroʊz
24954	furnaces	1094016	ˈfərˌnəsɪz
24955	blondie	1093976	ˈblɑndi
24956	zee	1093889	zi
24957	occupant	1093882	ˈɑkjəpənt
24959	livingstone	1093772	ˈlɪvɪŋˌstoʊn
24961	isu	1093620	
24963	villanova	1093438	ˌvɪləˈnoʊvə
24964	juggling	1093403	
24965	wildfire	1093379	ˈwaɪldˌfaɪər
24966	seductive	1093289	sɪˈdəktɪv
24967	scala	1093246	ˈskɑlə
24971	pamphlets	1093026	ˈpæmfləts
24972	rambling	1092988	
24973	kidd	1092898	kɪd
24974	bedside	1092877	ˈbɛdˌsaɪd
24975	cesar	1092865	ˈsizər
24976	lausanne	1092774	ˌlɔˈsæn
24977	heuristic	1092637	hjʊˈrɪstɪk
24978	archivist	1092502	
24979	legality	1092442	liˈgæləti
24980	gallup	1092401	ˈgæləp
24981	arbitrarily	1092401	ˈɑrbɪˌtrɛrəli
24985	biologist	1092265	baɪˈɑləʤɪst
24986	cobol	1092207	ˈkoʊbɔl
24989	luz	1091837	ləz
24990	fruity	1091678	ˈfruti
24991	regulars	1091657	ˈrɛgjələrz
24992	robson	1091595	ˈrɑbsən
24993	stratus	1091548	ˈstrætəs
24994	mysticism	1091535	ˈmɪstɪˌsɪzəm
24996	urea	1091284	jərˈiə
24997	bumpers	1091055	ˈbəmpərz
24998	accompanies	1090972	əˈkəmpəniz
24999	summed	1090845	səmd
25000	chopin	1090795	ˈʃoʊpæn
